Workbook
Name brand_all: Справочники!$CG$2:$CG$21
Name brand_esp: Справочники!$BN$2:$BN$3
Name brand_evn: Справочники!$BO$2:$BO$11
Name brand_npu: Справочники!$BP$2:$BP$2
Name brand_shgn: Справочники!$BM$2:$BM$7
Name brand_shvn: Справочники!$BX$2:$BX$2
Name cause_all: Справочники!$CJ$2:$CJ$146
Name cause_esp: Справочники!$AX$2:$AX$89
Name cause_npu: Справочники!$BY$2:$BY$2
Name cause_shgn: Справочники!$AY$2:$AY$57
Name comp: Справочники!$AZ$2:$AZ$23
Name condition: Справочники!$BQ$2:$BQ$5
Name confidence: Справочники!$BH$2:$BH$5
Name damage_all: Справочники!$CK$2:$CK$24
Name damage_esp: Справочники!$BB$2:$BB$21
Name damage_evn: Справочники!$CE$2:$CE$19
Name damage_npu: Справочники!$BE$2:$BE$13
Name damage_shgn: Справочники!$BC$2:$BC$16
Name damage_shvn: Справочники!$CD$2:$CD$15
Name damage_vin: Справочники!$BD$2:$BD$15
Name empty: Справочники!$BU$2:$BU$2
Name equip_cable: Справочники!$CN$2:$CN$6
Name equip_extension: Справочники!$CO$2:$CO$4
Name equip_hydro_maker: OFFSET(Справочники!$CP$2,0,0,6+MIN(COUNT(Справочники!$DJ$2:$DJ$1201),200),1)
Name equip_hydro_size: Справочники!$CQ$2:$CQ$13
Name equip_motor_maker: OFFSET(Справочники!$CL$2,0,0,2+MIN(COUNT(Справочники!$DI$2:$DI$1201),200),1)
Name equip_motor_size: Справочники!$CM$2:$CM$7
Name equip_nkt: Справочники!$CZ$2:$CZ$7
Name equip_pump_all: OFFSET(Справочники!$CY$2,0,0,17+MIN(COUNT(Справочники!$DH$2:$DH$1201),200),1)
Name equip_pump_esp: OFFSET(Справочники!$CU$2,0,0,7+MIN(COUNT(Справочники!$DD$2:$DD$1201),200),1)
Name equip_pump_evn: OFFSET(Справочники!$CV$2,0,0,4+MIN(COUNT(Справочники!$DE$2:$DE$1201),200),1)
Name equip_pump_npu: OFFSET(Справочники!$CW$2,0,0,2+MIN(COUNT(Справочники!$DG$2:$DG$1201),200),1)
Name equip_pump_shgn: OFFSET(Справочники!$CT$2,0,0,5+MIN(COUNT(Справочники!$DC$2:$DC$1201),200),1)
Name equip_pump_shvn: OFFSET(Справочники!$CX$2,0,0,3+MIN(COUNT(Справочники!$DF$2:$DF$1201),200),1)
Name equip_tms_maker: OFFSET(Справочники!$CR$2,0,0,5+MIN(COUNT(Справочники!$DK$2:$DK$1201),200),1)
Name equip_tms_size: Справочники!$CS$2:$CS$10
Name equip_years: OFFSET(Справочники!$DA$2,0,0,46+MIN(COUNT(Справочники!$DL$2:$DL$4801),100),1)
Name event: Справочники!$AO$2:$AO$8
Name fountain_depth_examples: Справочники!$DN$2:$DN$2
Name fountain_method: Справочники!$DM$2:$DM$2
Name method: Справочники!$BI$2:$BI$33
Name node_all: Справочники!$CI$2:$CI$32
Name node_esp: Справочники!$AT$2:$AT$22
Name node_evn: Справочники!$CC$2:$CC$19
Name node_npu: Справочники!$AW$2:$AW$10
Name node_shgn: Справочники!$AU$2:$AU$15
Name node_shvn: Справочники!$CB$2:$CB$13
Name node_vin: Справочники!$AV$2:$AV$12
Name nominal: Справочники!$BT$2:$BT$9
Name proof: Справочники!$BF$2:$BF$15
Name pump: Справочники!$AN$2:$AN$9
Name repair: Справочники!$BA$2:$BA$146
Name sign_all: Справочники!$CH$2:$CH$28
Name sign_esp: Справочники!$AP$2:$AP$21
Name sign_evn: Справочники!$CA$2:$CA$20
Name sign_npu: Справочники!$AS$2:$AS$10
Name sign_shgn: Справочники!$AQ$2:$AQ$14
Name sign_shvn: Справочники!$BZ$2:$BZ$10
Name sign_vin: Справочники!$AR$2:$AR$12
Name size_all: Справочники!$CF$2:$CF$14

Sheet Оперативный ввод
A1: РОСА — БЛАНК РЕЕСТРА ОТКАЗОВ · ОПЕРАТИВНЫЙ ВВОД
A2: Быстрый ввод события. Общие данные автоматически дублируются в подробный лист «История отказов». Подробную комплектацию и расширенное расследование дополняйте там.
A3: ОБЪЕКТ | C3: ЦИКЛ И ГНО | M3: ПРЕДВАРИТЕЛЬНАЯ ОЦЕНКА | S3: БЫСТРОЕ УТОЧНЕНИЕ | AA3: КОММЕНТАРИЙ | AB3: АВТОМАТИЧЕСКИ | AD3: ФОНТАННАЯ ДОБЫЧА
A4: Месторождение* | B4: № скважины* | C4: Дата пуска* | D4: Дата отказа / окончания* | E4: МРП, сут. (авто) | F4: Способ эксплуатации* | G4: Типоразмер ГНО 1* | H4: Типоразмер ГНО 2 (ОРД) | K4: Марка ГНО* | L4: Тип события* | M4: Признак / предпосылка* | N4: Отказавший узел* | O4: Предварительная причина* | P4: Основная категория осложнения* | Q4: Сопутствующее осложнение 1 | R4: Сопутствующее осложнение 2 | S4: ТКРС 1 | T4: ТКРС 2 | U4: Вид повреждения | V4: Итоговая причина | W4: Уточнённая категория осложнения | X4: Подтверждение | Y4: Статус расследования | Z4: Достоверность | AA4: Комментарий | AB4: Статус предварительного (авто) | AC4: Предварительное заключение (авто) | AD4: Тип насоса / способ эксплуатации | AE4: Глубина насоса, м
A5: Учебное значение заполнено для проверки шаблона | B5: 101 | C5: Учебное значение заполнено для проверки шаблона | D5: Учебное значение заполнено для проверки шаблона | E5: =IF(OR(C5="",D5=""),"",D5-C5) | F5: Учебное значение заполнено для проверки шаблона | G5: Учебное значение заполнено для проверки шаблона | H5: Учебное значение заполнено для проверки шаблона | K5: Учебное значение заполнено для проверки шаблона | L5: Учебное значение заполнено для проверки шаблона | M5: Учебное значение заполнено для проверки шаблона | N5: Учебное значение заполнено для проверки шаблона | O5: Учебное значение заполнено для проверки шаблона | P5: Учебное значение заполнено для проверки шаблона | Q5: Учебное значение заполнено для проверки шаблона | R5: Учебное значение заполнено для проверки шаблона | S5: Учебное значение заполнено для проверки шаблона | T5: Учебное значение заполнено для проверки шаблона | U5: Учебное значение заполнено для проверки шаблона | V5: Учебное значение заполнено для проверки шаблона | W5: Учебное значение заполнено для проверки шаблона | X5: Учебное значение заполнено для проверки шаблона | Y5: Учебное значение заполнено для проверки шаблона | Z5: Учебное значение заполнено для проверки шаблона | AA5: Учебное значение заполнено для проверки шаблона | AB5: =IF(AND(A5="",B5=""),"",IF(AND(A5<>"",B5<>"",C5<>"",D5<>"",F5<>"",G5<>"",K5<>"",ISERROR(SEARCH("по паспорту",G5)),ISERROR(SEARCH("по паспорту",K5)),L5<>"",M5<>"",N5<>"",O5<>"",P5<>""),"ГОТОВО","НЕ ГОТОВО")) | AC5: =IF(AB5<>"ГОТОВО","", "Предварительное заключение: "&A5&", скв. "&B5&". МРП: "&E5&" сут. ГНО: "&F5&", типоразмеры "&G5&IF(H5<>"",", "&H5,"")&IF(I5<>"",", "&I5,"")&IF(J5<>"",", "&J5,"")&", марка "&K5&". Событие: "&L5&". Признак: "&M5&". Узел: "&N5&". Предварительная причина: "&O5&". Основное осложнение: "&P5&IF(Q5<>"","; сопутствующее: "&Q5,"")&IF(R5<>"","; дополнительно: "&R5,"")&".") | AD5: Учебное значение заполнено для проверки шаблона | AE5: Учебное значение заполнено для проверки шаблона
A6: Учебное значение заполнено для проверки шаблона | B6: 101 | C6: Учебное значение заполнено для проверки шаблона | D6: Учебное значение заполнено для проверки шаблона | E6: =IF(OR(C6="",D6=""),"",D6-C6) | F6: Учебное значение заполнено для проверки шаблона | G6: Учебное значение заполнено для проверки шаблона | H6: Учебное значение заполнено для проверки шаблона | K6: Учебное значение заполнено для проверки шаблона | L6: Учебное значение заполнено для проверки шаблона | M6: Учебное значение заполнено для проверки шаблона | N6: Учебное значение заполнено для проверки шаблона | O6: Учебное значение заполнено для проверки шаблона | P6: Учебное значение заполнено для проверки шаблона | Q6: Учебное значение заполнено для проверки шаблона | R6: Учебное значение заполнено для проверки шаблона | S6: Учебное значение заполнено для проверки шаблона | T6: Учебное значение заполнено для проверки шаблона | U6: Учебное значение заполнено для проверки шаблона | V6: Учебное значение заполнено для проверки шаблона | W6: Учебное значение заполнено для проверки шаблона | X6: Учебное значение заполнено для проверки шаблона | Y6: Учебное значение заполнено для проверки шаблона | Z6: Учебное значение заполнено для проверки шаблона | AA6: Учебное значение заполнено для проверки шаблона | AB6: =IF(AND(A6="",B6=""),"",IF(AND(A6<>"",B6<>"",C6<>"",D6<>"",F6<>"",G6<>"",K6<>"",ISERROR(SEARCH("по паспорту",G6)),ISERROR(SEARCH("по паспорту",K6)),L6<>"",M6<>"",N6<>"",O6<>"",P6<>""),"ГОТОВО","НЕ ГОТОВО")) | AC6: =IF(AB6<>"ГОТОВО","", "Предварительное заключение: "&A6&", скв. "&B6&". МРП: "&E6&" сут. ГНО: "&F6&", типоразмеры "&G6&IF(H6<>"",", "&H6,"")&IF(I6<>"",", "&I6,"")&IF(J6<>"",", "&J6,"")&", марка "&K6&". Событие: "&L6&". Признак: "&M6&". Узел: "&N6&". Предварительная причина: "&O6&". Основное осложнение: "&P6&IF(Q6<>"","; сопутствующее: "&Q6,"")&IF(R6<>"","; дополнительно: "&R6,"")&".") | AD6: Учебное значение заполнено для проверки шаблона | AE6: Учебное значение заполнено для проверки шаблона
A7: Учебное значение заполнено для проверки шаблона | B7: 101 | C7: Учебное значение заполнено для проверки шаблона | D7: Учебное значение заполнено для проверки шаблона | E7: =IF(OR(C7="",D7=""),"",D7-C7) | F7: Учебное значение заполнено для проверки шаблона | G7: Учебное значение заполнено для проверки шаблона | H7: Учебное значение заполнено для проверки шаблона | K7: Учебное значение заполнено для проверки шаблона | L7: Учебное значение заполнено для проверки шаблона | M7: Учебное значение заполнено для проверки шаблона | N7: Учебное значение заполнено для проверки шаблона | O7: Учебное значение заполнено для проверки шаблона | P7: Учебное значение заполнено для проверки шаблона | Q7: Учебное значение заполнено для проверки шаблона | R7: Учебное значение заполнено для проверки шаблона | S7: Учебное значение заполнено для проверки шаблона | T7: Учебное значение заполнено для проверки шаблона | U7: Учебное значение заполнено для проверки шаблона | V7: Учебное значение заполнено для проверки шаблона | W7: Учебное значение заполнено для проверки шаблона | X7: Учебное значение заполнено для проверки шаблона | Y7: Учебное значение заполнено для проверки шаблона | Z7: Учебное значение заполнено для проверки шаблона | AA7: Учебное значение заполнено для проверки шаблона | AB7: =IF(AND(A7="",B7=""),"",IF(AND(A7<>"",B7<>"",C7<>"",D7<>"",F7<>"",G7<>"",K7<>"",ISERROR(SEARCH("по паспорту",G7)),ISERROR(SEARCH("по паспорту",K7)),L7<>"",M7<>"",N7<>"",O7<>"",P7<>""),"ГОТОВО","НЕ ГОТОВО")) | AC7: =IF(AB7<>"ГОТОВО","", "Предварительное заключение: "&A7&", скв. "&B7&". МРП: "&E7&" сут. ГНО: "&F7&", типоразмеры "&G7&IF(H7<>"",", "&H7,"")&IF(I7<>"",", "&I7,"")&IF(J7<>"",", "&J7,"")&", марка "&K7&". Событие: "&L7&". Признак: "&M7&". Узел: "&N7&". Предварительная причина: "&O7&". Основное осложнение: "&P7&IF(Q7<>"","; сопутствующее: "&Q7,"")&IF(R7<>"","; дополнительно: "&R7,"")&".") | AD7: Учебное значение заполнено для проверки шаблона | AE7: Учебное значение заполнено для проверки шаблона
A8: Учебное значение заполнено для проверки шаблона | B8: 102 | C8: Учебное значение заполнено для проверки шаблона | D8: Учебное значение заполнено для проверки шаблона | E8: =IF(OR(C8="",D8=""),"",D8-C8) | F8: Учебное значение заполнено для проверки шаблона | G8: Учебное значение заполнено для проверки шаблона | H8: Учебное значение заполнено для проверки шаблона | K8: Учебное значение заполнено для проверки шаблона | L8: Учебное значение заполнено для проверки шаблона | M8: Учебное значение заполнено для проверки шаблона | N8: Учебное значение заполнено для проверки шаблона | O8: Учебное значение заполнено для проверки шаблона | P8: Учебное значение заполнено для проверки шаблона | Q8: Учебное значение заполнено для проверки шаблона | R8: Учебное значение заполнено для проверки шаблона | S8: Учебное значение заполнено для проверки шаблона | T8: Учебное значение заполнено для проверки шаблона | U8: Учебное значение заполнено для проверки шаблона | V8: Учебное значение заполнено для проверки шаблона | W8: Учебное значение заполнено для проверки шаблона | X8: Учебное значение заполнено для проверки шаблона | Y8: Учебное значение заполнено для проверки шаблона | Z8: Учебное значение заполнено для проверки шаблона | AA8: Учебное значение заполнено для проверки шаблона | AB8: =IF(AND(A8="",B8=""),"",IF(AND(A8<>"",B8<>"",C8<>"",D8<>"",F8<>"",G8<>"",K8<>"",ISERROR(SEARCH("по паспорту",G8)),ISERROR(SEARCH("по паспорту",K8)),L8<>"",M8<>"",N8<>"",O8<>"",P8<>""),"ГОТОВО","НЕ ГОТОВО")) | AC8: =IF(AB8<>"ГОТОВО","", "Предварительное заключение: "&A8&", скв. "&B8&". МРП: "&E8&" сут. ГНО: "&F8&", типоразмеры "&G8&IF(H8<>"",", "&H8,"")&IF(I8<>"",", "&I8,"")&IF(J8<>"",", "&J8,"")&", марка "&K8&". Событие: "&L8&". Признак: "&M8&". Узел: "&N8&". Предварительная причина: "&O8&". Основное осложнение: "&P8&IF(Q8<>"","; сопутствующее: "&Q8,"")&IF(R8<>"","; дополнительно: "&R8,"")&".") | AD8: Учебное значение заполнено для проверки шаблона | AE8: Учебное значение заполнено для проверки шаблона
A9: Учебное значение заполнено для проверки шаблона | B9: 102 | C9: Учебное значение заполнено для проверки шаблона | D9: Учебное значение заполнено для проверки шаблона | E9: =IF(OR(C9="",D9=""),"",D9-C9) | F9: Учебное значение заполнено для проверки шаблона | G9: Учебное значение заполнено для проверки шаблона | H9: Учебное значение заполнено для проверки шаблона | K9: Учебное значение заполнено для проверки шаблона | L9: Учебное значение заполнено для проверки шаблона | M9: Учебное значение заполнено для проверки шаблона | N9: Учебное значение заполнено для проверки шаблона | O9: Учебное значение заполнено для проверки шаблона | P9: Учебное значение заполнено для проверки шаблона | Q9: Учебное значение заполнено для проверки шаблона | R9: Учебное значение заполнено для проверки шаблона | S9: Учебное значение заполнено для проверки шаблона | T9: Учебное значение заполнено для проверки шаблона | U9: Учебное значение заполнено для проверки шаблона | V9: Учебное значение заполнено для проверки шаблона | W9: Учебное значение заполнено для проверки шаблона | X9: Учебное значение заполнено для проверки шаблона | Y9: Учебное значение заполнено для проверки шаблона | Z9: Учебное значение заполнено для проверки шаблона | AA9: Учебное значение заполнено для проверки шаблона | AB9: =IF(AND(A9="",B9=""),"",IF(AND(A9<>"",B9<>"",C9<>"",D9<>"",F9<>"",G9<>"",K9<>"",ISERROR(SEARCH("по паспорту",G9)),ISERROR(SEARCH("по паспорту",K9)),L9<>"",M9<>"",N9<>"",O9<>"",P9<>""),"ГОТОВО","НЕ ГОТОВО")) | AC9: =IF(AB9<>"ГОТОВО","", "Предварительное заключение: "&A9&", скв. "&B9&". МРП: "&E9&" сут. ГНО: "&F9&", типоразмеры "&G9&IF(H9<>"",", "&H9,"")&IF(I9<>"",", "&I9,"")&IF(J9<>"",", "&J9,"")&", марка "&K9&". Событие: "&L9&". Признак: "&M9&". Узел: "&N9&". Предварительная причина: "&O9&". Основное осложнение: "&P9&IF(Q9<>"","; сопутствующее: "&Q9,"")&IF(R9<>"","; дополнительно: "&R9,"")&".") | AD9: Учебное значение заполнено для проверки шаблона | AE9: Учебное значение заполнено для проверки шаблона
A10: Учебное значение заполнено для проверки шаблона | B10: 102 | C10: Учебное значение заполнено для проверки шаблона | D10: Учебное значение заполнено для проверки шаблона | E10: =IF(OR(C10="",D10=""),"",D10-C10) | F10: Учебное значение заполнено для проверки шаблона | G10: Учебное значение заполнено для проверки шаблона | H10: Учебное значение заполнено для проверки шаблона | K10: Учебное значение заполнено для проверки шаблона | L10: Учебное значение заполнено для проверки шаблона | M10: Учебное значение заполнено для проверки шаблона | N10: Учебное значение заполнено для проверки шаблона | O10: Учебное значение заполнено для проверки шаблона | P10: Учебное значение заполнено для проверки шаблона | Q10: Учебное значение заполнено для проверки шаблона | R10: Учебное значение заполнено для проверки шаблона | S10: Учебное значение заполнено для проверки шаблона | T10: Учебное значение заполнено для проверки шаблона | U10: Учебное значение заполнено для проверки шаблона | V10: Учебное значение заполнено для проверки шаблона | W10: Учебное значение заполнено для проверки шаблона | X10: Учебное значение заполнено для проверки шаблона | Y10: Учебное значение заполнено для проверки шаблона | Z10: Учебное значение заполнено для проверки шаблона | AA10: Учебное значение заполнено для проверки шаблона | AB10: =IF(AND(A10="",B10=""),"",IF(AND(A10<>"",B10<>"",C10<>"",D10<>"",F10<>"",G10<>"",K10<>"",ISERROR(SEARCH("по паспорту",G10)),ISERROR(SEARCH("по паспорту",K10)),L10<>"",M10<>"",N10<>"",O10<>"",P10<>""),"ГОТОВО","НЕ ГОТОВО")) | AC10: =IF(AB10<>"ГОТОВО","", "Предварительное заключение: "&A10&", скв. "&B10&". МРП: "&E10&" сут. ГНО: "&F10&", типоразмеры "&G10&IF(H10<>"",", "&H10,"")&IF(I10<>"",", "&I10,"")&IF(J10<>"",", "&J10,"")&", марка "&K10&". Событие: "&L10&". Признак: "&M10&". Узел: "&N10&". Предварительная причина: "&O10&". Основное осложнение: "&P10&IF(Q10<>"","; сопутствующее: "&Q10,"")&IF(R10<>"","; дополнительно: "&R10,"")&".") | AD10: Учебное значение заполнено для проверки шаблона | AE10: Учебное значение заполнено для проверки шаблона
A11: Учебное значение заполнено для проверки шаблона | B11: 103 | C11: Учебное значение заполнено для проверки шаблона | D11: Учебное значение заполнено для проверки шаблона | E11: =IF(OR(C11="",D11=""),"",D11-C11) | F11: Учебное значение заполнено для проверки шаблона | G11: Учебное значение заполнено для проверки шаблона | H11: Учебное значение заполнено для проверки шаблона | K11: Учебное значение заполнено для проверки шаблона | L11: Учебное значение заполнено для проверки шаблона | M11: Учебное значение заполнено для проверки шаблона | N11: Учебное значение заполнено для проверки шаблона | O11: Учебное значение заполнено для проверки шаблона | P11: Учебное значение заполнено для проверки шаблона | Q11: Учебное значение заполнено для проверки шаблона | R11: Учебное значение заполнено для проверки шаблона | S11: Учебное значение заполнено для проверки шаблона | T11: Учебное значение заполнено для проверки шаблона | U11: Учебное значение заполнено для проверки шаблона | V11: Учебное значение заполнено для проверки шаблона | W11: Учебное значение заполнено для проверки шаблона | X11: Учебное значение заполнено для проверки шаблона | Y11: Учебное значение заполнено для проверки шаблона | Z11: Учебное значение заполнено для проверки шаблона | AA11: Учебное значение заполнено для проверки шаблона | AB11: =IF(AND(A11="",B11=""),"",IF(AND(A11<>"",B11<>"",C11<>"",D11<>"",F11<>"",G11<>"",K11<>"",ISERROR(SEARCH("по паспорту",G11)),ISERROR(SEARCH("по паспорту",K11)),L11<>"",M11<>"",N11<>"",O11<>"",P11<>""),"ГОТОВО","НЕ ГОТОВО")) | AC11: =IF(AB11<>"ГОТОВО","", "Предварительное заключение: "&A11&", скв. "&B11&". МРП: "&E11&" сут. ГНО: "&F11&", типоразмеры "&G11&IF(H11<>"",", "&H11,"")&IF(I11<>"",", "&I11,"")&IF(J11<>"",", "&J11,"")&", марка "&K11&". Событие: "&L11&". Признак: "&M11&". Узел: "&N11&". Предварительная причина: "&O11&". Основное осложнение: "&P11&IF(Q11<>"","; сопутствующее: "&Q11,"")&IF(R11<>"","; дополнительно: "&R11,"")&".") | AD11: Учебное значение заполнено для проверки шаблона | AE11: Учебное значение заполнено для проверки шаблона
A12: Учебное значение заполнено для проверки шаблона | B12: 103 | C12: Учебное значение заполнено для проверки шаблона | D12: Учебное значение заполнено для проверки шаблона | E12: =IF(OR(C12="",D12=""),"",D12-C12) | F12: Учебное значение заполнено для проверки шаблона | G12: Учебное значение заполнено для проверки шаблона | H12: Учебное значение заполнено для проверки шаблона | K12: Учебное значение заполнено для проверки шаблона | L12: Учебное значение заполнено для проверки шаблона | M12: Учебное значение заполнено для проверки шаблона | N12: Учебное значение заполнено для проверки шаблона | O12: Учебное значение заполнено для проверки шаблона | P12: Учебное значение заполнено для проверки шаблона | Q12: Учебное значение заполнено для проверки шаблона | R12: Учебное значение заполнено для проверки шаблона | S12: Учебное значение заполнено для проверки шаблона | T12: Учебное значение заполнено для проверки шаблона | U12: Учебное значение заполнено для проверки шаблона | V12: Учебное значение заполнено для проверки шаблона | W12: Учебное значение заполнено для проверки шаблона | X12: Учебное значение заполнено для проверки шаблона | Y12: Учебное значение заполнено для проверки шаблона | Z12: Учебное значение заполнено для проверки шаблона | AA12: Учебное значение заполнено для проверки шаблона | AB12: =IF(AND(A12="",B12=""),"",IF(AND(A12<>"",B12<>"",C12<>"",D12<>"",F12<>"",G12<>"",K12<>"",ISERROR(SEARCH("по паспорту",G12)),ISERROR(SEARCH("по паспорту",K12)),L12<>"",M12<>"",N12<>"",O12<>"",P12<>""),"ГОТОВО","НЕ ГОТОВО")) | AC12: =IF(AB12<>"ГОТОВО","", "Предварительное заключение: "&A12&", скв. "&B12&". МРП: "&E12&" сут. ГНО: "&F12&", типоразмеры "&G12&IF(H12<>"",", "&H12,"")&IF(I12<>"",", "&I12,"")&IF(J12<>"",", "&J12,"")&", марка "&K12&". Событие: "&L12&". Признак: "&M12&". Узел: "&N12&". Предварительная причина: "&O12&". Основное осложнение: "&P12&IF(Q12<>"","; сопутствующее: "&Q12,"")&IF(R12<>"","; дополнительно: "&R12,"")&".") | AD12: Учебное значение заполнено для проверки шаблона | AE12: Учебное значение заполнено для проверки шаблона
A13: Учебное значение заполнено для проверки шаблона | B13: 103 | C13: Учебное значение заполнено для проверки шаблона | D13: Учебное значение заполнено для проверки шаблона | E13: =IF(OR(C13="",D13=""),"",D13-C13) | F13: Учебное значение заполнено для проверки шаблона | G13: Учебное значение заполнено для проверки шаблона | H13: Учебное значение заполнено для проверки шаблона | K13: Учебное значение заполнено для проверки шаблона | L13: Учебное значение заполнено для проверки шаблона | M13: Учебное значение заполнено для проверки шаблона | N13: Учебное значение заполнено для проверки шаблона | O13: Учебное значение заполнено для проверки шаблона | P13: Учебное значение заполнено для проверки шаблона | Q13: Учебное значение заполнено для проверки шаблона | R13: Учебное значение заполнено для проверки шаблона | S13: Учебное значение заполнено для проверки шаблона | T13: Учебное значение заполнено для проверки шаблона | U13: Учебное значение заполнено для проверки шаблона | V13: Учебное значение заполнено для проверки шаблона | W13: Учебное значение заполнено для проверки шаблона | X13: Учебное значение заполнено для проверки шаблона | Y13: Учебное значение заполнено для проверки шаблона | Z13: Учебное значение заполнено для проверки шаблона | AA13: Учебное значение заполнено для проверки шаблона | AB13: =IF(AND(A13="",B13=""),"",IF(AND(A13<>"",B13<>"",C13<>"",D13<>"",F13<>"",G13<>"",K13<>"",ISERROR(SEARCH("по паспорту",G13)),ISERROR(SEARCH("по паспорту",K13)),L13<>"",M13<>"",N13<>"",O13<>"",P13<>""),"ГОТОВО","НЕ ГОТОВО")) | AC13: =IF(AB13<>"ГОТОВО","", "Предварительное заключение: "&A13&", скв. "&B13&". МРП: "&E13&" сут. ГНО: "&F13&", типоразмеры "&G13&IF(H13<>"",", "&H13,"")&IF(I13<>"",", "&I13,"")&IF(J13<>"",", "&J13,"")&", марка "&K13&". Событие: "&L13&". Признак: "&M13&". Узел: "&N13&". Предварительная причина: "&O13&". Основное осложнение: "&P13&IF(Q13<>"","; сопутствующее: "&Q13,"")&IF(R13<>"","; дополнительно: "&R13,"")&".") | AD13: Учебное значение заполнено для проверки шаблона | AE13: Учебное значение заполнено для проверки шаблона
A14: Учебное значение заполнено для проверки шаблона | B14: 104 | C14: Учебное значение заполнено для проверки шаблона | D14: Учебное значение заполнено для проверки шаблона | E14: =IF(OR(C14="",D14=""),"",D14-C14) | F14: Учебное значение заполнено для проверки шаблона | G14: Учебное значение заполнено для проверки шаблона | H14: Учебное значение заполнено для проверки шаблона | K14: Учебное значение заполнено для проверки шаблона | L14: Учебное значение заполнено для проверки шаблона | M14: Учебное значение заполнено для проверки шаблона | N14: Учебное значение заполнено для проверки шаблона | O14: Учебное значение заполнено для проверки шаблона | P14: Учебное значение заполнено для проверки шаблона | Q14: Учебное значение заполнено для проверки шаблона | R14: Учебное значение заполнено для проверки шаблона | S14: Учебное значение заполнено для проверки шаблона | T14: Учебное значение заполнено для проверки шаблона | U14: Учебное значение заполнено для проверки шаблона | V14: Учебное значение заполнено для проверки шаблона | W14: Учебное значение заполнено для проверки шаблона | X14: Учебное значение заполнено для проверки шаблона | Y14: Учебное значение заполнено для проверки шаблона | Z14: Учебное значение заполнено для проверки шаблона | AA14: Учебное значение заполнено для проверки шаблона | AB14: =IF(AND(A14="",B14=""),"",IF(AND(A14<>"",B14<>"",C14<>"",D14<>"",F14<>"",G14<>"",K14<>"",ISERROR(SEARCH("по паспорту",G14)),ISERROR(SEARCH("по паспорту",K14)),L14<>"",M14<>"",N14<>"",O14<>"",P14<>""),"ГОТОВО","НЕ ГОТОВО")) | AC14: =IF(AB14<>"ГОТОВО","", "Предварительное заключение: "&A14&", скв. "&B14&". МРП: "&E14&" сут. ГНО: "&F14&", типоразмеры "&G14&IF(H14<>"",", "&H14,"")&IF(I14<>"",", "&I14,"")&IF(J14<>"",", "&J14,"")&", марка "&K14&". Событие: "&L14&". Признак: "&M14&". Узел: "&N14&". Предварительная причина: "&O14&". Основное осложнение: "&P14&IF(Q14<>"","; сопутствующее: "&Q14,"")&IF(R14<>"","; дополнительно: "&R14,"")&".") | AD14: Учебное значение заполнено для проверки шаблона | AE14: Учебное значение заполнено для проверки шаблона
A15: Учебное значение заполнено для проверки шаблона | B15: 104 | C15: Учебное значение заполнено для проверки шаблона | D15: Учебное значение заполнено для проверки шаблона | E15: =IF(OR(C15="",D15=""),"",D15-C15) | F15: Учебное значение заполнено для проверки шаблона | G15: Учебное значение заполнено для проверки шаблона | H15: Учебное значение заполнено для проверки шаблона | K15: Учебное значение заполнено для проверки шаблона | L15: Учебное значение заполнено для проверки шаблона | M15: Учебное значение заполнено для проверки шаблона | N15: Учебное значение заполнено для проверки шаблона | O15: Учебное значение заполнено для проверки шаблона | P15: Учебное значение заполнено для проверки шаблона | Q15: Учебное значение заполнено для проверки шаблона | R15: Учебное значение заполнено для проверки шаблона | S15: Учебное значение заполнено для проверки шаблона | T15: Учебное значение заполнено для проверки шаблона | U15: Учебное значение заполнено для проверки шаблона | V15: Учебное значение заполнено для проверки шаблона | W15: Учебное значение заполнено для проверки шаблона | X15: Учебное значение заполнено для проверки шаблона | Y15: Учебное значение заполнено для проверки шаблона | Z15: Учебное значение заполнено для проверки шаблона | AA15: Учебное значение заполнено для проверки шаблона | AB15: =IF(AND(A15="",B15=""),"",IF(AND(A15<>"",B15<>"",C15<>"",D15<>"",F15<>"",G15<>"",K15<>"",ISERROR(SEARCH("по паспорту",G15)),ISERROR(SEARCH("по паспорту",K15)),L15<>"",M15<>"",N15<>"",O15<>"",P15<>""),"ГОТОВО","НЕ ГОТОВО")) | AC15: =IF(AB15<>"ГОТОВО","", "Предварительное заключение: "&A15&", скв. "&B15&". МРП: "&E15&" сут. ГНО: "&F15&", типоразмеры "&G15&IF(H15<>"",", "&H15,"")&IF(I15<>"",", "&I15,"")&IF(J15<>"",", "&J15,"")&", марка "&K15&". Событие: "&L15&". Признак: "&M15&". Узел: "&N15&". Предварительная причина: "&O15&". Основное осложнение: "&P15&IF(Q15<>"","; сопутствующее: "&Q15,"")&IF(R15<>"","; дополнительно: "&R15,"")&".") | AD15: Учебное значение заполнено для проверки шаблона | AE15: Учебное значение заполнено для проверки шаблона
A16: Учебное значение заполнено для проверки шаблона | B16: 104 | C16: Учебное значение заполнено для проверки шаблона | D16: Учебное значение заполнено для проверки шаблона | E16: =IF(OR(C16="",D16=""),"",D16-C16) | F16: Учебное значение заполнено для проверки шаблона | G16: Учебное значение заполнено для проверки шаблона | H16: Учебное значение заполнено для проверки шаблона | K16: Учебное значение заполнено для проверки шаблона | L16: Учебное значение заполнено для проверки шаблона | M16: Учебное значение заполнено для проверки шаблона | N16: Учебное значение заполнено для проверки шаблона | O16: Учебное значение заполнено для проверки шаблона | P16: Учебное значение заполнено для проверки шаблона | Q16: Учебное значение заполнено для проверки шаблона | R16: Учебное значение заполнено для проверки шаблона | S16: Учебное значение заполнено для проверки шаблона | T16: Учебное значение заполнено для проверки шаблона | U16: Учебное значение заполнено для проверки шаблона | V16: Учебное значение заполнено для проверки шаблона | W16: Учебное значение заполнено для проверки шаблона | X16: Учебное значение заполнено для проверки шаблона | Y16: Учебное значение заполнено для проверки шаблона | Z16: Учебное значение заполнено для проверки шаблона | AA16: Учебное значение заполнено для проверки шаблона | AB16: =IF(AND(A16="",B16=""),"",IF(AND(A16<>"",B16<>"",C16<>"",D16<>"",F16<>"",G16<>"",K16<>"",ISERROR(SEARCH("по паспорту",G16)),ISERROR(SEARCH("по паспорту",K16)),L16<>"",M16<>"",N16<>"",O16<>"",P16<>""),"ГОТОВО","НЕ ГОТОВО")) | AC16: =IF(AB16<>"ГОТОВО","", "Предварительное заключение: "&A16&", скв. "&B16&". МРП: "&E16&" сут. ГНО: "&F16&", типоразмеры "&G16&IF(H16<>"",", "&H16,"")&IF(I16<>"",", "&I16,"")&IF(J16<>"",", "&J16,"")&", марка "&K16&". Событие: "&L16&". Признак: "&M16&". Узел: "&N16&". Предварительная причина: "&O16&". Основное осложнение: "&P16&IF(Q16<>"","; сопутствующее: "&Q16,"")&IF(R16<>"","; дополнительно: "&R16,"")&".") | AD16: Учебное значение заполнено для проверки шаблона | AE16: Учебное значение заполнено для проверки шаблона
... A64: Учебное значение заполнено для проверки шаблона | B64: 120 | C64: Учебное значение заполнено для проверки шаблона | D64: Учебное значение заполнено для проверки шаблона | E64: =IF(OR(C64="",D64=""),"",D64-C64) | F64: Учебное значение заполнено для проверки шаблона | G64: Учебное значение заполнено для проверки шаблона | H64: Учебное значение заполнено для проверки шаблона | K64: Учебное значение заполнено для проверки шаблона | L64: Учебное значение заполнено для проверки шаблона | M64: Учебное значение заполнено для проверки шаблона | N64: Учебное значение заполнено для проверки шаблона | O64: Учебное значение заполнено для проверки шаблона | P64: Учебное значение заполнено для проверки шаблона | Q64: Учебное значение заполнено для проверки шаблона | R64: Учебное значение заполнено для проверки шаблона | S64: Учебное значение заполнено для проверки шаблона | T64: Учебное значение заполнено для проверки шаблона | U64: Учебное значение заполнено для проверки шаблона | V64: Учебное значение заполнено для проверки шаблона | W64: Учебное значение заполнено для проверки шаблона | X64: Учебное значение заполнено для проверки шаблона | Y64: Учебное значение заполнено для проверки шаблона | Z64: Учебное значение заполнено для проверки шаблона | AA64: Учебное значение заполнено для проверки шаблона | AB64: =IF(AND(A64="",B64=""),"",IF(AND(A64<>"",B64<>"",C64<>"",D64<>"",F64<>"",G64<>"",K64<>"",ISERROR(SEARCH("по паспорту",G64)),ISERROR(SEARCH("по паспорту",K64)),L64<>"",M64<>"",N64<>"",O64<>"",P64<>""),"ГОТОВО","НЕ ГОТОВО")) | AC64: =IF(AB64<>"ГОТОВО","", "Предварительное заключение: "&A64&", скв. "&B64&". МРП: "&E64&" сут. ГНО: "&F64&", типоразмеры "&G64&IF(H64<>"",", "&H64,"")&IF(I64<>"",", "&I64,"")&IF(J64<>"",", "&J64,"")&", марка "&K64&". Событие: "&L64&". Признак: "&M64&". Узел: "&N64&". Предварительная причина: "&O64&". Основное осложнение: "&P64&IF(Q64<>"","; сопутствующее: "&Q64,"")&IF(R64<>"","; дополнительно: "&R64,"")&".") | AD64: Учебное значение заполнено для проверки шаблона | AE64: Учебное значение заполнено для проверки шаблона
E65: =IF(OR(C65="",D65=""),"",D65-C65) | AB65: =IF(AND(A65="",B65=""),"",IF(AND(A65<>"",B65<>"",C65<>"",D65<>"",F65<>"",G65<>"",K65<>"",ISERROR(SEARCH("по паспорту",G65)),ISERROR(SEARCH("по паспорту",K65)),L65<>"",M65<>"",N65<>"",O65<>"",P65<>""),"ГОТОВО","НЕ ГОТОВО")) | AC65: =IF(AB65<>"ГОТОВО","", "Предварительное заключение: "&A65&", скв. "&B65&". МРП: "&E65&" сут. ГНО: "&F65&", типоразмеры "&G65&IF(H65<>"",", "&H65,"")&IF(I65<>"",", "&I65,"")&IF(J65<>"",", "&J65,"")&", марка "&K65&". Событие: "&L65&". Признак: "&M65&". Узел: "&N65&". Предварительная причина: "&O65&". Основное осложнение: "&P65&IF(Q65<>"","; сопутствующее: "&Q65,"")&IF(R65<>"","; дополнительно: "&R65,"")&".")
E66: =IF(OR(C66="",D66=""),"",D66-C66) | AB66: =IF(AND(A66="",B66=""),"",IF(AND(A66<>"",B66<>"",C66<>"",D66<>"",F66<>"",G66<>"",K66<>"",ISERROR(SEARCH("по паспорту",G66)),ISERROR(SEARCH("по паспорту",K66)),L66<>"",M66<>"",N66<>"",O66<>"",P66<>""),"ГОТОВО","НЕ ГОТОВО")) | AC66: =IF(AB66<>"ГОТОВО","", "Предварительное заключение: "&A66&", скв. "&B66&". МРП: "&E66&" сут. ГНО: "&F66&", типоразмеры "&G66&IF(H66<>"",", "&H66,"")&IF(I66<>"",", "&I66,"")&IF(J66<>"",", "&J66,"")&", марка "&K66&". Событие: "&L66&". Признак: "&M66&". Узел: "&N66&". Предварительная причина: "&O66&". Основное осложнение: "&P66&IF(Q66<>"","; сопутствующее: "&Q66,"")&IF(R66<>"","; дополнительно: "&R66,"")&".")
E67: =IF(OR(C67="",D67=""),"",D67-C67) | AB67: =IF(AND(A67="",B67=""),"",IF(AND(A67<>"",B67<>"",C67<>"",D67<>"",F67<>"",G67<>"",K67<>"",ISERROR(SEARCH("по паспорту",G67)),ISERROR(SEARCH("по паспорту",K67)),L67<>"",M67<>"",N67<>"",O67<>"",P67<>""),"ГОТОВО","НЕ ГОТОВО")) | AC67: =IF(AB67<>"ГОТОВО","", "Предварительное заключение: "&A67&", скв. "&B67&". МРП: "&E67&" сут. ГНО: "&F67&", типоразмеры "&G67&IF(H67<>"",", "&H67,"")&IF(I67<>"",", "&I67,"")&IF(J67<>"",", "&J67,"")&", марка "&K67&". Событие: "&L67&". Признак: "&M67&". Узел: "&N67&". Предварительная причина: "&O67&". Основное осложнение: "&P67&IF(Q67<>"","; сопутствующее: "&Q67,"")&IF(R67<>"","; дополнительно: "&R67,"")&".")
E68: =IF(OR(C68="",D68=""),"",D68-C68) | AB68: =IF(AND(A68="",B68=""),"",IF(AND(A68<>"",B68<>"",C68<>"",D68<>"",F68<>"",G68<>"",K68<>"",ISERROR(SEARCH("по паспорту",G68)),ISERROR(SEARCH("по паспорту",K68)),L68<>"",M68<>"",N68<>"",O68<>"",P68<>""),"ГОТОВО","НЕ ГОТОВО")) | AC68: =IF(AB68<>"ГОТОВО","", "Предварительное заключение: "&A68&", скв. "&B68&". МРП: "&E68&" сут. ГНО: "&F68&", типоразмеры "&G68&IF(H68<>"",", "&H68,"")&IF(I68<>"",", "&I68,"")&IF(J68<>"",", "&J68,"")&", марка "&K68&". Событие: "&L68&". Признак: "&M68&". Узел: "&N68&". Предварительная причина: "&O68&". Основное осложнение: "&P68&IF(Q68<>"","; сопутствующее: "&Q68,"")&IF(R68<>"","; дополнительно: "&R68,"")&".")
E69: =IF(OR(C69="",D69=""),"",D69-C69) | AB69: =IF(AND(A69="",B69=""),"",IF(AND(A69<>"",B69<>"",C69<>"",D69<>"",F69<>"",G69<>"",K69<>"",ISERROR(SEARCH("по паспорту",G69)),ISERROR(SEARCH("по паспорту",K69)),L69<>"",M69<>"",N69<>"",O69<>"",P69<>""),"ГОТОВО","НЕ ГОТОВО")) | AC69: =IF(AB69<>"ГОТОВО","", "Предварительное заключение: "&A69&", скв. "&B69&". МРП: "&E69&" сут. ГНО: "&F69&", типоразмеры "&G69&IF(H69<>"",", "&H69,"")&IF(I69<>"",", "&I69,"")&IF(J69<>"",", "&J69,"")&", марка "&K69&". Событие: "&L69&". Признак: "&M69&". Узел: "&N69&". Предварительная причина: "&O69&". Основное осложнение: "&P69&IF(Q69<>"","; сопутствующее: "&Q69,"")&IF(R69<>"","; дополнительно: "&R69,"")&".")
E70: =IF(OR(C70="",D70=""),"",D70-C70) | AB70: =IF(AND(A70="",B70=""),"",IF(AND(A70<>"",B70<>"",C70<>"",D70<>"",F70<>"",G70<>"",K70<>"",ISERROR(SEARCH("по паспорту",G70)),ISERROR(SEARCH("по паспорту",K70)),L70<>"",M70<>"",N70<>"",O70<>"",P70<>""),"ГОТОВО","НЕ ГОТОВО")) | AC70: =IF(AB70<>"ГОТОВО","", "Предварительное заключение: "&A70&", скв. "&B70&". МРП: "&E70&" сут. ГНО: "&F70&", типоразмеры "&G70&IF(H70<>"",", "&H70,"")&IF(I70<>"",", "&I70,"")&IF(J70<>"",", "&J70,"")&", марка "&K70&". Событие: "&L70&". Признак: "&M70&". Узел: "&N70&". Предварительная причина: "&O70&". Основное осложнение: "&P70&IF(Q70<>"","; сопутствующее: "&Q70,"")&IF(R70<>"","; дополнительно: "&R70,"")&".")
E71: =IF(OR(C71="",D71=""),"",D71-C71) | AB71: =IF(AND(A71="",B71=""),"",IF(AND(A71<>"",B71<>"",C71<>"",D71<>"",F71<>"",G71<>"",K71<>"",ISERROR(SEARCH("по паспорту",G71)),ISERROR(SEARCH("по паспорту",K71)),L71<>"",M71<>"",N71<>"",O71<>"",P71<>""),"ГОТОВО","НЕ ГОТОВО")) | AC71: =IF(AB71<>"ГОТОВО","", "Предварительное заключение: "&A71&", скв. "&B71&". МРП: "&E71&" сут. ГНО: "&F71&", типоразмеры "&G71&IF(H71<>"",", "&H71,"")&IF(I71<>"",", "&I71,"")&IF(J71<>"",", "&J71,"")&", марка "&K71&". Событие: "&L71&". Признак: "&M71&". Узел: "&N71&". Предварительная причина: "&O71&". Основное осложнение: "&P71&IF(Q71<>"","; сопутствующее: "&Q71,"")&IF(R71<>"","; дополнительно: "&R71,"")&".")
E72: =IF(OR(C72="",D72=""),"",D72-C72) | AB72: =IF(AND(A72="",B72=""),"",IF(AND(A72<>"",B72<>"",C72<>"",D72<>"",F72<>"",G72<>"",K72<>"",ISERROR(SEARCH("по паспорту",G72)),ISERROR(SEARCH("по паспорту",K72)),L72<>"",M72<>"",N72<>"",O72<>"",P72<>""),"ГОТОВО","НЕ ГОТОВО")) | AC72: =IF(AB72<>"ГОТОВО","", "Предварительное заключение: "&A72&", скв. "&B72&". МРП: "&E72&" сут. ГНО: "&F72&", типоразмеры "&G72&IF(H72<>"",", "&H72,"")&IF(I72<>"",", "&I72,"")&IF(J72<>"",", "&J72,"")&", марка "&K72&". Событие: "&L72&". Признак: "&M72&". Узел: "&N72&". Предварительная причина: "&O72&". Основное осложнение: "&P72&IF(Q72<>"","; сопутствующее: "&Q72,"")&IF(R72<>"","; дополнительно: "&R72,"")&".")
E73: =IF(OR(C73="",D73=""),"",D73-C73) | AB73: =IF(AND(A73="",B73=""),"",IF(AND(A73<>"",B73<>"",C73<>"",D73<>"",F73<>"",G73<>"",K73<>"",ISERROR(SEARCH("по паспорту",G73)),ISERROR(SEARCH("по паспорту",K73)),L73<>"",M73<>"",N73<>"",O73<>"",P73<>""),"ГОТОВО","НЕ ГОТОВО")) | AC73: =IF(AB73<>"ГОТОВО","", "Предварительное заключение: "&A73&", скв. "&B73&". МРП: "&E73&" сут. ГНО: "&F73&", типоразмеры "&G73&IF(H73<>"",", "&H73,"")&IF(I73<>"",", "&I73,"")&IF(J73<>"",", "&J73,"")&", марка "&K73&". Событие: "&L73&". Признак: "&M73&". Узел: "&N73&". Предварительная причина: "&O73&". Основное осложнение: "&P73&IF(Q73<>"","; сопутствующее: "&Q73,"")&IF(R73<>"","; дополнительно: "&R73,"")&".")
E74: =IF(OR(C74="",D74=""),"",D74-C74) | AB74: =IF(AND(A74="",B74=""),"",IF(AND(A74<>"",B74<>"",C74<>"",D74<>"",F74<>"",G74<>"",K74<>"",ISERROR(SEARCH("по паспорту",G74)),ISERROR(SEARCH("по паспорту",K74)),L74<>"",M74<>"",N74<>"",O74<>"",P74<>""),"ГОТОВО","НЕ ГОТОВО")) | AC74: =IF(AB74<>"ГОТОВО","", "Предварительное заключение: "&A74&", скв. "&B74&". МРП: "&E74&" сут. ГНО: "&F74&", типоразмеры "&G74&IF(H74<>"",", "&H74,"")&IF(I74<>"",", "&I74,"")&IF(J74<>"",", "&J74,"")&", марка "&K74&". Событие: "&L74&". Признак: "&M74&". Узел: "&N74&". Предварительная причина: "&O74&". Основное осложнение: "&P74&IF(Q74<>"","; сопутствующее: "&Q74,"")&IF(R74<>"","; дополнительно: "&R74,"")&".")
E75: =IF(OR(C75="",D75=""),"",D75-C75) | AB75: =IF(AND(A75="",B75=""),"",IF(AND(A75<>"",B75<>"",C75<>"",D75<>"",F75<>"",G75<>"",K75<>"",ISERROR(SEARCH("по паспорту",G75)),ISERROR(SEARCH("по паспорту",K75)),L75<>"",M75<>"",N75<>"",O75<>"",P75<>""),"ГОТОВО","НЕ ГОТОВО")) | AC75: =IF(AB75<>"ГОТОВО","", "Предварительное заключение: "&A75&", скв. "&B75&". МРП: "&E75&" сут. ГНО: "&F75&", типоразмеры "&G75&IF(H75<>"",", "&H75,"")&IF(I75<>"",", "&I75,"")&IF(J75<>"",", "&J75,"")&", марка "&K75&". Событие: "&L75&". Признак: "&M75&". Узел: "&N75&". Предварительная причина: "&O75&". Основное осложнение: "&P75&IF(Q75<>"","; сопутствующее: "&Q75,"")&IF(R75<>"","; дополнительно: "&R75,"")&".")
E76: =IF(OR(C76="",D76=""),"",D76-C76) | AB76: =IF(AND(A76="",B76=""),"",IF(AND(A76<>"",B76<>"",C76<>"",D76<>"",F76<>"",G76<>"",K76<>"",ISERROR(SEARCH("по паспорту",G76)),ISERROR(SEARCH("по паспорту",K76)),L76<>"",M76<>"",N76<>"",O76<>"",P76<>""),"ГОТОВО","НЕ ГОТОВО")) | AC76: =IF(AB76<>"ГОТОВО","", "Предварительное заключение: "&A76&", скв. "&B76&". МРП: "&E76&" сут. ГНО: "&F76&", типоразмеры "&G76&IF(H76<>"",", "&H76,"")&IF(I76<>"",", "&I76,"")&IF(J76<>"",", "&J76,"")&", марка "&K76&". Событие: "&L76&". Признак: "&M76&". Узел: "&N76&". Предварительная причина: "&O76&". Основное осложнение: "&P76&IF(Q76<>"","; сопутствующее: "&Q76,"")&IF(R76<>"","; дополнительно: "&R76,"")&".")
... E1204: =IF(OR(C1204="",D1204=""),"",D1204-C1204) | AB1204: =IF(AND(A1204="",B1204=""),"",IF(AND(A1204<>"",B1204<>"",C1204<>"",D1204<>"",F1204<>"",G1204<>"",K1204<>"",ISERROR(SEARCH("по паспорту",G1204)),ISERROR(SEARCH("по паспорту",K1204)),L1204<>"",M1204<>"",N1204<>"",O1204<>"",P1204<>""),"ГОТОВО","НЕ ГОТОВО")) | AC1204: =IF(AB1204<>"ГОТОВО","", "Предварительное заключение: "&A1204&", скв. "&B1204&". МРП: "&E1204&" сут. ГНО: "&F1204&", типоразмеры "&G1204&IF(H1204<>"",", "&H1204,"")&IF(I1204<>"",", "&I1204,"")&IF(J1204<>"",", "&J1204,"")&", марка "&K1204&". Событие: "&L1204&". Признак: "&M1204&". Узел: "&N1204&". Предварительная причина: "&O1204&". Основное осложнение: "&P1204&IF(Q1204<>"","; сопутствующее: "&Q1204,"")&IF(R1204<>"","; дополнительно: "&R1204,"")&".")

Sheet История отказов
A1: РОСА — БЛАНК РЕЕСТРА ОТКАЗОВ · ПОДРОБНАЯ ИСТОРИЯ
A2: Общие сведения автоматически дублируются с листа «Оперативный ввод». Фонтанная добыча и комплектация оборудования расположены до заключения комиссии. Для ШГН заполните отдельный блок «ШТАНГИ».
A3: ОБЪЕКТ | C3: ЦИКЛ И ГНО | M3: ПРЕДВАРИТЕЛЬНОЕ ЗАКЛЮЧЕНИЕ | U3: ПОЛНОЕ РАССЛЕДОВАНИЕ | AG3: ФОНТАННАЯ ДОБЫЧА | AI3: НАСОС | AK3: НКТ | AO3: ДВИГАТЕЛЬ | AS3: КАБЕЛЬ | AV3: УДЛИНИТЕЛЬ | AY3: ГИДРОЗАЩИТА | BC3: ТМС | BG3: ШТАНГИ | BN3: ЗАКЛЮЧЕНИЕ КОМИССИИ | BP3: ИТОГ | BR3: КОММЕНТАРИЙ
A4: Месторождение* | B4: № скважины* | C4: Дата пуска* | D4: Дата отказа / окончания* | E4: МРП, сут. (авто) | F4: Способ эксплуатации* | G4: Типоразмер ГНО 1* | H4: Типоразмер ГНО 2 (ОРД) | K4: Марка ГНО* | L4: Тип события* | M4: Признак / предпосылка* | N4: Отказавший узел* | O4: Предварительная причина* | P4: Основная категория осложнения* | Q4: Сопутствующее осложнение 1 | R4: Сопутствующее осложнение 2 | S4: Статус предварительного (авто) | T4: Предварительное заключение (авто) | U4: [ДОП] ТКРС 1 | V4: [ДОП] ТКРС 2 | W4: [ДОП] Вид повреждения | X4: [ДОП] Итоговая причина | Y4: [ДОП] Уточнённая категория осложнения | Z4: [ДОП] Метод до отказа 1 | AA4: [ДОП] Метод до отказа 2 | AB4: [ДОП] Метод после отказа 1 | AC4: [ДОП] Метод после отказа 2 | AD4: [ДОП] Подтверждение | AE4: [ДОП] Статус расследования | AF4: [ДОП] Достоверность | AG4: Тип насоса / способ эксплуатации | AH4: Глубина насоса, м | AI4: Условный диаметр / размер ШГН, мм | AJ4: Производитель насоса | AK4: Тип НКТ | AL4: Длина НКТ, м | AM4: Год НКТ | AN4: СПО НКТ | AO4: Состояние двигателя до спуска | AP4: Производитель двигателя | AQ4: Типоразмер двигателя (габарит), мм | AR4: Год двигателя | AS4: Состояние кабеля до спуска | AT4: Сечение кабеля, мм² | AU4: Длина кабеля, м | AV4: Состояние удлинителя до спуска | AW4: Сечение удлинителя, мм² | AX4: Длина удлинителя, м | AY4: Состояние гидрозащиты до спуска | AZ4: Производитель гидрозащиты | BA4: Типоразмер гидрозащиты (габарит), мм | BB4: Год гидрозащиты | BC4: Состояние ТМС до спуска | BD4: Производитель ТМС | BE4: Типоразмер ТМС | BF4: Год ТМС | BG4: Состояние штанг до спуска | BH4: Производитель штанг | BI4: Штанги Ø19 мм, м | BJ4: Штанги Ø22 мм, м | BK4: Штанги Ø25 мм, м | BL4: Год выпуска штанг | BM4: СПО штанг | BN4: [ДОП] Заключение комиссии / акт | BO4: [ДОП] Источник / документ | BP4: Статус полного (авто) | BQ4: Полное заключение (авто) | BR4: Комментарий
A5: Авиловское учебное | B5: 101 | C5: 01.11.2023 | D5: 01.02.2024 | E5: 92 | F5: УЭЦН | G5: УЭЦН · учебный типоразмер | H5: =IF('Оперативный ввод'!H5="","",'Оперативный ввод'!H5) | K5: Учебное исполнение 01 | L5: Отказ | M5: Карбонатный осадок; рост перепада давления | N5: Насос / НКТ | O5: Карбонатный осадок; рост перепада давления | P5: Солеотложения | R5: =IF('Оперативный ввод'!R5="","",'Оперативный ввод'!R5) | S5: =IF(AND(A5="",B5=""),"",IF(AND(A5<>"",B5<>"",C5<>"",D5<>"",F5<>"",G5<>"",K5<>"",ISERROR(SEARCH("по паспорту",G5)),ISERROR(SEARCH("по паспорту",K5)),L5<>"",M5<>"",N5<>"",O5<>"",P5<>""),"ГОТОВО","НЕ ГОТОВО")) | T5: =IF(S5<>"ГОТОВО","", "Предварительное заключение: "&A5&", скв. "&B5&". МРП: "&E5&" сут. ГНО: "&F5&", типоразмеры "&G5&IF(H5<>"",", "&H5,"")&IF(I5<>"",", "&I5,"")&IF(J5<>"",", "&J5,"")&", марка "&K5&". Событие: "&L5&". Признак: "&M5&". Узел: "&N5&". Предварительная причина: "&O5&". Основное осложнение: "&P5&IF(Q5<>"","; сопутствующее: "&Q5,"")&IF(R5<>"","; дополнительно: "&R5,"")&".") | U5: Учебное мероприятие №1 | V5: =IF('Оперативный ввод'!T5="","",'Оперативный ввод'!T5) | W5: Насос / НКТ | X5: Карбонатный осадок; рост перепада давления | Y5: С2 | Z5: Штатный режим / предыдущее мероприятие | AA5: Учебное значение заполнено для проверки полного шаблона | AB5: Повторная корректировка: Ингибитор солеотложений | AC5: Учебное значение заполнено для проверки полного шаблона | AD5: Лабораторный паспорт TRN-01-L1 | AE5: Учебный разбор заполнен | AF5: Синтетический учебный кейс | AG5: УЭЦН · учебный типоразмер | AH5: 1080 | AI5: Учебное значение | AJ5: Учебный изготовитель | AK5: Учебный НКТ | AL5: 1200 | AM5: 2021 | AN5: Учебная спуско-подъёмная операция | AO5: Учебное состояние | AP5: Учебный изготовитель | AQ5: Учебное исполнение | AR5: 2021 | AS5: Учебное состояние | AT5: 25 | AU5: 1110 | AV5: Учебное состояние | AW5: 16 | AX5: 1095 | AY5: Учебное состояние | AZ5: Учебный изготовитель | BA5: Учебное исполнение | BB5: 2021 | BC5: Учебное состояние | BD5: Учебный изготовитель | BE5: Учебное исполнение | BF5: 2021 | BG5: Учебное состояние | BH5: Учебный изготовитель | BI5: 240 | BJ5: 480 | BK5: 480 | BL5: 2021 | BM5: Учебная операция | BN5: Учебное заключение по событию 1; не производственный акт. | BO5: Учебный паспорт TRN-01-L1 | BP5: =IF(AND(A5="",B5=""),"",IF(AND(S5="ГОТОВО",U5<>"",W5<>"",X5<>"",AD5<>"",AE5<>"",AF5<>"",BN5<>"",BO5<>""),"ГОТОВО","НЕ ГОТОВО")) | BQ5: =IF(BP5<>"ГОТОВО","","Полное заключение: "&A5&", скв. "&B5&". МРП: "&E5&" сут. ГНО: "&F5&"; причина: "&X5&"; категория: "&Y5&"; решение комиссии: "&BN5&".") | BR5: TRN-01-F1; Повтор с корректировкой; Синтетическая учебная запись.
A6: Авиловское учебное | B6: 101 | C6: 05.02.2024 | D6: 12.07.2025 | E6: 523 | F6: УЭЦН | G6: УЭЦН · учебный типоразмер | H6: =IF('Оперативный ввод'!H6="","",'Оперативный ввод'!H6) | K6: Учебное исполнение 01 | L6: Отказ | M6: Рост КВЧ и абразивный износ | N6: Рабочая пара / фильтр | O6: Рост КВЧ и абразивный износ | P6: Механические примеси | Q6: Свободный газ | R6: =IF('Оперативный ввод'!R6="","",'Оперативный ввод'!R6) | S6: =IF(AND(A6="",B6=""),"",IF(AND(A6<>"",B6<>"",C6<>"",D6<>"",F6<>"",G6<>"",K6<>"",ISERROR(SEARCH("по паспорту",G6)),ISERROR(SEARCH("по паспорту",K6)),L6<>"",M6<>"",N6<>"",O6<>"",P6<>""),"ГОТОВО","НЕ ГОТОВО")) | T6: =IF(S6<>"ГОТОВО","", "Предварительное заключение: "&A6&", скв. "&B6&". МРП: "&E6&" сут. ГНО: "&F6&", типоразмеры "&G6&IF(H6<>"",", "&H6,"")&IF(I6<>"",", "&I6,"")&IF(J6<>"",", "&J6,"")&", марка "&K6&". Событие: "&L6&". Признак: "&M6&". Узел: "&N6&". Предварительная причина: "&O6&". Основное осложнение: "&P6&IF(Q6<>"","; сопутствующее: "&Q6,"")&IF(R6<>"","; дополнительно: "&R6,"")&".") | U6: Учебное мероприятие №2 | V6: =IF('Оперативный ввод'!T6="","",'Оперативный ввод'!T6) | W6: Рабочая пара / фильтр | X6: Рост КВЧ и абразивный износ | Y6: М2 | Z6: Штатный режим / предыдущее мероприятие | AA6: Учебное значение заполнено для проверки полного шаблона | AB6: Фильтрация и контроль фракций | AC6: Учебное значение заполнено для проверки полного шаблона | AD6: Лабораторный паспорт TRN-01-L2 | AE6: Учебный разбор заполнен | AF6: Синтетический учебный кейс | AG6: УЭЦН · учебный типоразмер | AH6: 1080 | AI6: Учебное значение | AJ6: Учебный изготовитель | AK6: Учебный НКТ | AL6: 1200 | AM6: 2022 | AN6: Учебная спуско-подъёмная операция | AO6: Учебное состояние | AP6: Учебный изготовитель | AQ6: Учебное исполнение | AR6: 2022 | AS6: Учебное состояние | AT6: 25 | AU6: 1110 | AV6: Учебное состояние | AW6: 16 | AX6: 1095 | AY6: Учебное состояние | AZ6: Учебный изготовитель | BA6: Учебное исполнение | BB6: 2022 | BC6: Учебное состояние | BD6: Учебный изготовитель | BE6: Учебное исполнение | BF6: 2022 | BG6: Учебное состояние | BH6: Учебный изготовитель | BI6: 240 | BJ6: 480 | BK6: 480 | BL6: 2022 | BM6: Учебная операция | BN6: Учебное заключение по событию 2; не производственный акт. | BO6: Учебный паспорт TRN-01-L2 | BP6: =IF(AND(A6="",B6=""),"",IF(AND(S6="ГОТОВО",U6<>"",W6<>"",X6<>"",AD6<>"",AE6<>"",AF6<>"",BN6<>"",BO6<>""),"ГОТОВО","НЕ ГОТОВО")) | BQ6: =IF(BP6<>"ГОТОВО","","Полное заключение: "&A6&", скв. "&B6&". МРП: "&E6&" сут. ГНО: "&F6&"; причина: "&X6&"; категория: "&Y6&"; решение комиссии: "&BN6&".") | BR6: TRN-01-F2; Новый подбор; Синтетическая учебная запись.
A7: Авиловское учебное | B7: 101 | C7: 17.07.2025 | D7: 23.02.2026 | E7: 221 | F7: УЭЦН | G7: УЭЦН · учебный типоразмер | H7: =IF('Оперативный ввод'!H7="","",'Оперативный ввод'!H7) | K7: Учебное исполнение 01 | L7: Отказ | M7: Микробиологический риск и рост железа | N7: НКТ / защитное покрытие | O7: Микробиологический риск и рост железа | P7: Биокоррозия | R7: =IF('Оперативный ввод'!R7="","",'Оперативный ввод'!R7) | S7: =IF(AND(A7="",B7=""),"",IF(AND(A7<>"",B7<>"",C7<>"",D7<>"",F7<>"",G7<>"",K7<>"",ISERROR(SEARCH("по паспорту",G7)),ISERROR(SEARCH("по паспорту",K7)),L7<>"",M7<>"",N7<>"",O7<>"",P7<>""),"ГОТОВО","НЕ ГОТОВО")) | T7: =IF(S7<>"ГОТОВО","", "Предварительное заключение: "&A7&", скв. "&B7&". МРП: "&E7&" сут. ГНО: "&F7&", типоразмеры "&G7&IF(H7<>"",", "&H7,"")&IF(I7<>"",", "&I7,"")&IF(J7<>"",", "&J7,"")&", марка "&K7&". Событие: "&L7&". Признак: "&M7&". Узел: "&N7&". Предварительная причина: "&O7&". Основное осложнение: "&P7&IF(Q7<>"","; сопутствующее: "&Q7,"")&IF(R7<>"","; дополнительно: "&R7,"")&".") | U7: Учебное мероприятие №3 | V7: =IF('Оперативный ввод'!T7="","",'Оперативный ввод'!T7) | W7: НКТ / защитное покрытие | X7: Микробиологический риск и рост железа | Y7: К1 | Z7: Штатный режим / предыдущее мероприятие | AA7: Учебное значение заполнено для проверки полного шаблона | AB7: Биоцидная обработка + контроль | AC7: Учебное значение заполнено для проверки полного шаблона | AD7: Лабораторный паспорт TRN-01-L3 | AE7: Учебный разбор заполнен | AF7: Синтетический учебный кейс | AG7: УЭЦН · учебный типоразмер | AH7: 1080 | AI7: Учебное значение | AJ7: Учебный изготовитель | AK7: Учебный НКТ | AL7: 1200 | AM7: 2023 | AN7: Учебная спуско-подъёмная операция | AO7: Учебное состояние | AP7: Учебный изготовитель | AQ7: Учебное исполнение | AR7: 2023 | AS7: Учебное состояние | AT7: 25 | AU7: 1110 | AV7: Учебное состояние | AW7: 16 | AX7: 1095 | AY7: Учебное состояние | AZ7: Учебный изготовитель | BA7: Учебное исполнение | BB7: 2023 | BC7: Учебное состояние | BD7: Учебный изготовитель | BE7: Учебное исполнение | BF7: 2023 | BG7: Учебное состояние | BH7: Учебный изготовитель | BI7: 240 | BJ7: 480 | BK7: 480 | BL7: 2023 | BM7: Учебная операция | BN7: Учебное заключение по событию 3; не производственный акт. | BO7: Учебный паспорт TRN-01-L3 | BP7: =IF(AND(A7="",B7=""),"",IF(AND(S7="ГОТОВО",U7<>"",W7<>"",X7<>"",AD7<>"",AE7<>"",AF7<>"",BN7<>"",BO7<>""),"ГОТОВО","НЕ ГОТОВО")) | BQ7: =IF(BP7<>"ГОТОВО","","Полное заключение: "&A7&", скв. "&B7&". МРП: "&E7&" сут. ГНО: "&F7&"; причина: "&X7&"; категория: "&Y7&"; решение комиссии: "&BN7&".") | BR7: TRN-01-F3; Новый подбор; Синтетическая учебная запись.
A8: Бешкульское учебное | B8: 102 | C8: 02.11.2023 | D8: 08.05.2024 | E8: 188 | F8: УШГН | G8: УШГН · учебный типоразмер | H8: =IF('Оперативный ввод'!H8="","",'Оперативный ввод'!H8) | K8: Учебное исполнение 02 | L8: Отказ | M8: Парафиновые отложения; падение подачи | N8: Приёмная часть насоса | O8: Парафиновые отложения; падение подачи | P8: АСПО | R8: =IF('Оперативный ввод'!R8="","",'Оперативный ввод'!R8) | S8: =IF(AND(A8="",B8=""),"",IF(AND(A8<>"",B8<>"",C8<>"",D8<>"",F8<>"",G8<>"",K8<>"",ISERROR(SEARCH("по паспорту",G8)),ISERROR(SEARCH("по паспорту",K8)),L8<>"",M8<>"",N8<>"",O8<>"",P8<>""),"ГОТОВО","НЕ ГОТОВО")) | T8: =IF(S8<>"ГОТОВО","", "Предварительное заключение: "&A8&", скв. "&B8&". МРП: "&E8&" сут. ГНО: "&F8&", типоразмеры "&G8&IF(H8<>"",", "&H8,"")&IF(I8<>"",", "&I8,"")&IF(J8<>"",", "&J8,"")&", марка "&K8&". Событие: "&L8&". Признак: "&M8&". Узел: "&N8&". Предварительная причина: "&O8&". Основное осложнение: "&P8&IF(Q8<>"","; сопутствующее: "&Q8,"")&IF(R8<>"","; дополнительно: "&R8,"")&".") | U8: Учебное мероприятие №1 | V8: =IF('Оперативный ввод'!T8="","",'Оперативный ввод'!T8) | W8: Приёмная часть насоса | X8: Парафиновые отложения; падение подачи | Y8: А2 | Z8: Штатный режим / предыдущее мероприятие | AA8: Учебное значение заполнено для проверки полного шаблона | AB8: Подбор растворителя и профилактики | AC8: Учебное значение заполнено для проверки полного шаблона | AD8: Лабораторный паспорт TRN-02-L1 | AE8: Учебный разбор заполнен | AF8: Синтетический учебный кейс | AG8: УШГН · учебный типоразмер | AH8: 1117 | AI8: Учебное значение | AJ8: Учебный изготовитель | AK8: Учебный НКТ | AL8: 1237 | AM8: 2021 | AN8: Учебная спуско-подъёмная операция | AO8: Учебное состояние | AP8: Учебный изготовитель | AQ8: Учебное исполнение | AR8: 2021 | AS8: Учебное состояние | AT8: 25 | AU8: 1147 | AV8: Учебное состояние | AW8: 16 | AX8: 1132 | AY8: Учебное состояние | AZ8: Учебный изготовитель | BA8: Учебное исполнение | BB8: 2021 | BC8: Учебное состояние | BD8: Учебный изготовитель | BE8: Учебное исполнение | BF8: 2021 | BG8: Учебное состояние | BH8: Учебный изготовитель | BI8: 247 | BJ8: 494 | BK8: 494 | BL8: 2021 | BM8: Учебная операция | BN8: Учебное заключение по событию 1; не производственный акт. | BO8: Учебный паспорт TRN-02-L1 | BP8: =IF(AND(A8="",B8=""),"",IF(AND(S8="ГОТОВО",U8<>"",W8<>"",X8<>"",AD8<>"",AE8<>"",AF8<>"",BN8<>"",BO8<>""),"ГОТОВО","НЕ ГОТОВО")) | BQ8: =IF(BP8<>"ГОТОВО","","Полное заключение: "&A8&", скв. "&B8&". МРП: "&E8&" сут. ГНО: "&F8&"; причина: "&X8&"; категория: "&Y8&"; решение комиссии: "&BN8&".") | BR8: TRN-02-F1; Новый подбор; Синтетическая учебная запись.
A9: Бешкульское учебное | B9: 102 | C9: 13.05.2024 | D9: 19.10.2025 | E9: 524 | F9: УШГН | G9: УШГН · учебный типоразмер | H9: =IF('Оперативный ввод'!H9="","",'Оперативный ввод'!H9) | K9: Учебное исполнение 02 | L9: Отказ | M9: Рост вязкости и замедленное водоотделение | N9: Насос / выкидная линия | O9: Рост вязкости и замедленное водоотделение | P9: Высокая вязкость / эмульсия | Q9: Высокая вязкость / эмульсия | R9: =IF('Оперативный ввод'!R9="","",'Оперативный ввод'!R9) | S9: =IF(AND(A9="",B9=""),"",IF(AND(A9<>"",B9<>"",C9<>"",D9<>"",F9<>"",G9<>"",K9<>"",ISERROR(SEARCH("по паспорту",G9)),ISERROR(SEARCH("по паспорту",K9)),L9<>"",M9<>"",N9<>"",O9<>"",P9<>""),"ГОТОВО","НЕ ГОТОВО")) | T9: =IF(S9<>"ГОТОВО","", "Предварительное заключение: "&A9&", скв. "&B9&". МРП: "&E9&" сут. ГНО: "&F9&", типоразмеры "&G9&IF(H9<>"",", "&H9,"")&IF(I9<>"",", "&I9,"")&IF(J9<>"",", "&J9,"")&", марка "&K9&". Событие: "&L9&". Признак: "&M9&". Узел: "&N9&". Предварительная причина: "&O9&". Основное осложнение: "&P9&IF(Q9<>"","; сопутствующее: "&Q9,"")&IF(R9<>"","; дополнительно: "&R9,"")&".") | U9: Учебное мероприятие №2 | V9: =IF('Оперативный ввод'!T9="","",'Оперативный ввод'!T9) | W9: Насос / выкидная линия | X9: Рост вязкости и замедленное водоотделение | Y9: В2 | Z9: Штатный режим / предыдущее мероприятие | AA9: Учебное значение заполнено для проверки полного шаблона | AB9: Подбор деэмульгатора | AC9: Учебное значение заполнено для проверки полного шаблона | AD9: Лабораторный паспорт TRN-02-L2 | AE9: Учебный разбор заполнен | AF9: Синтетический учебный кейс | AG9: УШГН · учебный типоразмер | AH9: 1117 | AI9: Учебное значение | AJ9: Учебный изготовитель | AK9: Учебный НКТ | AL9: 1237 | AM9: 2022 | AN9: Учебная спуско-подъёмная операция | AO9: Учебное состояние | AP9: Учебный изготовитель | AQ9: Учебное исполнение | AR9: 2022 | AS9: Учебное состояние | AT9: 25 | AU9: 1147 | AV9: Учебное состояние | AW9: 16 | AX9: 1132 | AY9: Учебное состояние | AZ9: Учебный изготовитель | BA9: Учебное исполнение | BB9: 2022 | BC9: Учебное состояние | BD9: Учебный изготовитель | BE9: Учебное исполнение | BF9: 2022 | BG9: Учебное состояние | BH9: Учебный изготовитель | BI9: 247 | BJ9: 494 | BK9: 494 | BL9: 2022 | BM9: Учебная операция | BN9: Учебное заключение по событию 2; не производственный акт. | BO9: Учебный паспорт TRN-02-L2 | BP9: =IF(AND(A9="",B9=""),"",IF(AND(S9="ГОТОВО",U9<>"",W9<>"",X9<>"",AD9<>"",AE9<>"",AF9<>"",BN9<>"",BO9<>""),"ГОТОВО","НЕ ГОТОВО")) | BQ9: =IF(BP9<>"ГОТОВО","","Полное заключение: "&A9&", скв. "&B9&". МРП: "&E9&" сут. ГНО: "&F9&"; причина: "&X9&"; категория: "&Y9&"; решение комиссии: "&BN9&".") | BR9: TRN-02-F2; Новый подбор; Синтетическая учебная запись.
A10: Бешкульское учебное | B10: 102 | C10: 25.10.2025 | D10: 04.05.2026 | E10: 191 | F10: УШГН | G10: УШГН · учебный типоразмер | H10: =IF('Оперативный ввод'!H10="","",'Оперативный ввод'!H10) | K10: Учебное исполнение 02 | L10: Отказ | M10: Карбонатный осадок; рост перепада давления | N10: Насос / НКТ | O10: Карбонатный осадок; рост перепада давления | P10: Солеотложения | R10: =IF('Оперативный ввод'!R10="","",'Оперативный ввод'!R10) | S10: =IF(AND(A10="",B10=""),"",IF(AND(A10<>"",B10<>"",C10<>"",D10<>"",F10<>"",G10<>"",K10<>"",ISERROR(SEARCH("по паспорту",G10)),ISERROR(SEARCH("по паспорту",K10)),L10<>"",M10<>"",N10<>"",O10<>"",P10<>""),"ГОТОВО","НЕ ГОТОВО")) | T10: =IF(S10<>"ГОТОВО","", "Предварительное заключение: "&A10&", скв. "&B10&". МРП: "&E10&" сут. ГНО: "&F10&", типоразмеры "&G10&IF(H10<>"",", "&H10,"")&IF(I10<>"",", "&I10,"")&IF(J10<>"",", "&J10,"")&", марка "&K10&". Событие: "&L10&". Признак: "&M10&". Узел: "&N10&". Предварительная причина: "&O10&". Основное осложнение: "&P10&IF(Q10<>"","; сопутствующее: "&Q10,"")&IF(R10<>"","; дополнительно: "&R10,"")&".") | U10: Учебное мероприятие №3 | V10: =IF('Оперативный ввод'!T10="","",'Оперативный ввод'!T10) | W10: Насос / НКТ | X10: Карбонатный осадок; рост перепада давления | Y10: С2 | Z10: Штатный режим / предыдущее мероприятие | AA10: Учебное значение заполнено для проверки полного шаблона | AB10: Повторная корректировка: Ингибитор солеотложений | AC10: Учебное значение заполнено для проверки полного шаблона | AD10: Лабораторный паспорт TRN-02-L3 | AE10: Учебный разбор заполнен | AF10: Синтетический учебный кейс | AG10: УШГН · учебный типоразмер | AH10: 1117 | AI10: Учебное значение | AJ10: Учебный изготовитель | AK10: Учебный НКТ | AL10: 1237 | AM10: 2023 | AN10: Учебная спуско-подъёмная операция | AO10: Учебное состояние | AP10: Учебный изготовитель | AQ10: Учебное исполнение | AR10: 2023 | AS10: Учебное состояние | AT10: 25 | AU10: 1147 | AV10: Учебное состояние | AW10: 16 | AX10: 1132 | AY10: Учебное состояние | AZ10: Учебный изготовитель | BA10: Учебное исполнение | BB10: 2023 | BC10: Учебное состояние | BD10: Учебный изготовитель | BE10: Учебное исполнение | BF10: 2023 | BG10: Учебное состояние | BH10: Учебный изготовитель | BI10: 247 | BJ10: 494 | BK10: 494 | BL10: 2023 | BM10: Учебная операция | BN10: Учебное заключение по событию 3; не производственный акт. | BO10: Учебный паспорт TRN-02-L3 | BP10: =IF(AND(A10="",B10=""),"",IF(AND(S10="ГОТОВО",U10<>"",W10<>"",X10<>"",AD10<>"",AE10<>"",AF10<>"",BN10<>"",BO10<>""),"ГОТОВО","НЕ ГОТОВО")) | BQ10: =IF(BP10<>"ГОТОВО","","Полное заключение: "&A10&", скв. "&B10&". МРП: "&E10&" сут. ГНО: "&F10&"; причина: "&X10&"; категория: "&Y10&"; решение комиссии: "&BN10&".") | BR10: TRN-02-F3; Повтор с корректировкой; Синтетическая учебная запись.
A11: Северное учебное | B11: 103 | C11: 03.11.2023 | D11: 15.08.2024 | E11: 286 | F11: Фонтанный | G11: Фонтанный · учебный типоразмер | H11: =IF('Оперативный ввод'!H11="","",'Оперативный ввод'!H11) | K11: Учебное исполнение 03 | L11: Отказ | M11: Нестабильная подача; повышенный газовый фактор | N11: Газосепаратор | O11: Нестабильная подача; повышенный газовый фактор | P11: Свободный газ | R11: =IF('Оперативный ввод'!R11="","",'Оперативный ввод'!R11) | S11: =IF(AND(A11="",B11=""),"",IF(AND(A11<>"",B11<>"",C11<>"",D11<>"",F11<>"",G11<>"",K11<>"",ISERROR(SEARCH("по паспорту",G11)),ISERROR(SEARCH("по паспорту",K11)),L11<>"",M11<>"",N11<>"",O11<>"",P11<>""),"ГОТОВО","НЕ ГОТОВО")) | T11: =IF(S11<>"ГОТОВО","", "Предварительное заключение: "&A11&", скв. "&B11&". МРП: "&E11&" сут. ГНО: "&F11&", типоразмеры "&G11&IF(H11<>"",", "&H11,"")&IF(I11<>"",", "&I11,"")&IF(J11<>"",", "&J11,"")&", марка "&K11&". Событие: "&L11&". Признак: "&M11&". Узел: "&N11&". Предварительная причина: "&O11&". Основное осложнение: "&P11&IF(Q11<>"","; сопутствующее: "&Q11,"")&IF(R11<>"","; дополнительно: "&R11,"")&".") | U11: Учебное мероприятие №1 | V11: =IF('Оперативный ввод'!T11="","",'Оперативный ввод'!T11) | W11: Газосепаратор | X11: Нестабильная подача; повышенный газовый фактор | Y11: Г1 | Z11: Штатный режим / предыдущее мероприятие | AA11: Учебное значение заполнено для проверки полного шаблона | AB11: Подбор газосепаратора | AC11: Учебное значение заполнено для проверки полного шаблона | AD11: Лабораторный паспорт TRN-03-L1 | AE11: Учебный разбор заполнен | AF11: Синтетический учебный кейс | AG11: Фонтанный · учебный типоразмер | AH11: 1154 | AI11: Учебное значение | AJ11: Учебный изготовитель | AK11: Учебный НКТ | AL11: 1274 | AM11: 2021 | AN11: Учебная спуско-подъёмная операция | AO11: Учебное состояние | AP11: Учебный изготовитель | AQ11: Учебное исполнение | AR11: 2021 | AS11: Учебное состояние | AT11: 25 | AU11: 1184 | AV11: Учебное состояние | AW11: 16 | AX11: 1169 | AY11: Учебное состояние | AZ11: Учебный изготовитель | BA11: Учебное исполнение | BB11: 2021 | BC11: Учебное состояние | BD11: Учебный изготовитель | BE11: Учебное исполнение | BF11: 2021 | BG11: Учебное состояние | BH11: Учебный изготовитель | BI11: 254 | BJ11: 509 | BK11: 509 | BL11: 2021 | BM11: Учебная операция | BN11: Учебное заключение по событию 1; не производственный акт. | BO11: Учебный паспорт TRN-03-L1 | BP11: =IF(AND(A11="",B11=""),"",IF(AND(S11="ГОТОВО",U11<>"",W11<>"",X11<>"",AD11<>"",AE11<>"",AF11<>"",BN11<>"",BO11<>""),"ГОТОВО","НЕ ГОТОВО")) | BQ11: =IF(BP11<>"ГОТОВО","","Полное заключение: "&A11&", скв. "&B11&". МРП: "&E11&" сут. ГНО: "&F11&"; причина: "&X11&"; категория: "&Y11&"; решение комиссии: "&BN11&".") | BR11: TRN-03-F1; Новый подбор; Синтетическая учебная запись.
A12: Северное учебное | B12: 103 | C12: 21.08.2024 | D12: 26.03.2025 | E12: 217 | F12: Фонтанный | G12: Фонтанный · учебный типоразмер | H12: =IF('Оперативный ввод'!H12="","",'Оперативный ввод'!H12) | K12: Учебное исполнение 03 | L12: Отказ | M12: Низкая температура и влажный газ | N12: Устьевая арматура / линия | O12: Низкая температура и влажный газ | P12: Гидраты | Q12: Биокоррозия | R12: =IF('Оперативный ввод'!R12="","",'Оперативный ввод'!R12) | S12: =IF(AND(A12="",B12=""),"",IF(AND(A12<>"",B12<>"",C12<>"",D12<>"",F12<>"",G12<>"",K12<>"",ISERROR(SEARCH("по паспорту",G12)),ISERROR(SEARCH("по паспорту",K12)),L12<>"",M12<>"",N12<>"",O12<>"",P12<>""),"ГОТОВО","НЕ ГОТОВО")) | T12: =IF(S12<>"ГОТОВО","", "Предварительное заключение: "&A12&", скв. "&B12&". МРП: "&E12&" сут. ГНО: "&F12&", типоразмеры "&G12&IF(H12<>"",", "&H12,"")&IF(I12<>"",", "&I12,"")&IF(J12<>"",", "&J12,"")&", марка "&K12&". Событие: "&L12&". Признак: "&M12&". Узел: "&N12&". Предварительная причина: "&O12&". Основное осложнение: "&P12&IF(Q12<>"","; сопутствующее: "&Q12,"")&IF(R12<>"","; дополнительно: "&R12,"")&".") | U12: Учебное мероприятие №2 | V12: =IF('Оперативный ввод'!T12="","",'Оперативный ввод'!T12) | W12: Устьевая арматура / линия | X12: Низкая температура и влажный газ | Y12: Гд1 | Z12: Штатный режим / предыдущее мероприятие | AA12: Учебное значение заполнено для проверки полного шаблона | AB12: Тепловой режим + ингибитор гидратов | AC12: Учебное значение заполнено для проверки полного шаблона | AD12: Лабораторный паспорт TRN-03-L2 | AE12: Учебный разбор заполнен | AF12: Синтетический учебный кейс | AG12: Фонтанный · учебный типоразмер | AH12: 1154 | AI12: Учебное значение | AJ12: Учебный изготовитель | AK12: Учебный НКТ | AL12: 1274 | AM12: 2022 | AN12: Учебная спуско-подъёмная операция | AO12: Учебное состояние | AP12: Учебный изготовитель | AQ12: Учебное исполнение | AR12: 2022 | AS12: Учебное состояние | AT12: 25 | AU12: 1184 | AV12: Учебное состояние | AW12: 16 | AX12: 1169 | AY12: Учебное состояние | AZ12: Учебный изготовитель | BA12: Учебное исполнение | BB12: 2022 | BC12: Учебное состояние | BD12: Учебный изготовитель | BE12: Учебное исполнение | BF12: 2022 | BG12: Учебное состояние | BH12: Учебный изготовитель | BI12: 254 | BJ12: 509 | BK12: 509 | BL12: 2022 | BM12: Учебная операция | BN12: Учебное заключение по событию 2; не производственный акт. | BO12: Учебный паспорт TRN-03-L2 | BP12: =IF(AND(A12="",B12=""),"",IF(AND(S12="ГОТОВО",U12<>"",W12<>"",X12<>"",AD12<>"",AE12<>"",AF12<>"",BN12<>"",BO12<>""),"ГОТОВО","НЕ ГОТОВО")) | BQ12: =IF(BP12<>"ГОТОВО","","Полное заключение: "&A12&", скв. "&B12&". МРП: "&E12&" сут. ГНО: "&F12&"; причина: "&X12&"; категория: "&Y12&"; решение комиссии: "&BN12&".") | BR12: TRN-03-F2; Новый подбор; Синтетическая учебная запись.
A13: Северное учебное | B13: 103 | C13: 02.04.2025 | D13: 11.08.2026 | E13: 496 | F13: Фонтанный | G13: Фонтанный · учебный типоразмер | H13: =IF('Оперативный ввод'!H13="","",'Оперативный ввод'!H13) | K13: Учебное исполнение 03 | L13: Отказ | M13: Парафиновые отложения; падение подачи | N13: Приёмная часть насоса | O13: Парафиновые отложения; падение подачи | P13: АСПО | R13: =IF('Оперативный ввод'!R13="","",'Оперативный ввод'!R13) | S13: =IF(AND(A13="",B13=""),"",IF(AND(A13<>"",B13<>"",C13<>"",D13<>"",F13<>"",G13<>"",K13<>"",ISERROR(SEARCH("по паспорту",G13)),ISERROR(SEARCH("по паспорту",K13)),L13<>"",M13<>"",N13<>"",O13<>"",P13<>""),"ГОТОВО","НЕ ГОТОВО")) | T13: =IF(S13<>"ГОТОВО","", "Предварительное заключение: "&A13&", скв. "&B13&". МРП: "&E13&" сут. ГНО: "&F13&", типоразмеры "&G13&IF(H13<>"",", "&H13,"")&IF(I13<>"",", "&I13,"")&IF(J13<>"",", "&J13,"")&", марка "&K13&". Событие: "&L13&". Признак: "&M13&". Узел: "&N13&". Предварительная причина: "&O13&". Основное осложнение: "&P13&IF(Q13<>"","; сопутствующее: "&Q13,"")&IF(R13<>"","; дополнительно: "&R13,"")&".") | U13: Учебное мероприятие №3 | V13: =IF('Оперативный ввод'!T13="","",'Оперативный ввод'!T13) | W13: Приёмная часть насоса | X13: Парафиновые отложения; падение подачи | Y13: А2 | Z13: Штатный режим / предыдущее мероприятие | AA13: Учебное значение заполнено для проверки полного шаблона | AB13: Повторная корректировка: Подбор растворителя и профилактики | AC13: Учебное значение заполнено для проверки полного шаблона | AD13: Лабораторный паспорт TRN-03-L3 | AE13: Учебный разбор заполнен | AF13: Синтетический учебный кейс | AG13: Фонтанный · учебный типоразмер | AH13: 1154 | AI13: Учебное значение | AJ13: Учебный изготовитель | AK13: Учебный НКТ | AL13: 1274 | AM13: 2023 | AN13: Учебная спуско-подъёмная операция | AO13: Учебное состояние | AP13: Учебный изготовитель | AQ13: Учебное исполнение | AR13: 2023 | AS13: Учебное состояние | AT13: 25 | AU13: 1184 | AV13: Учебное состояние | AW13: 16 | AX13: 1169 | AY13: Учебное состояние | AZ13: Учебный изготовитель | BA13: Учебное исполнение | BB13: 2023 | BC13: Учебное состояние | BD13: Учебный изготовитель | BE13: Учебное исполнение | BF13: 2023 | BG13: Учебное состояние | BH13: Учебный изготовитель | BI13: 254 | BJ13: 509 | BK13: 509 | BL13: 2023 | BM13: Учебная операция | BN13: Учебное заключение по событию 3; не производственный акт. | BO13: Учебный паспорт TRN-03-L3 | BP13: =IF(AND(A13="",B13=""),"",IF(AND(S13="ГОТОВО",U13<>"",W13<>"",X13<>"",AD13<>"",AE13<>"",AF13<>"",BN13<>"",BO13<>""),"ГОТОВО","НЕ ГОТОВО")) | BQ13: =IF(BP13<>"ГОТОВО","","Полное заключение: "&A13&", скв. "&B13&". МРП: "&E13&" сут. ГНО: "&F13&"; причина: "&X13&"; категория: "&Y13&"; решение комиссии: "&BN13&".") | BR13: TRN-03-F3; Повтор с корректировкой; Синтетическая учебная запись.
A14: Южное учебное | B14: 104 | C14: 04.11.2023 | D14: 22.11.2024 | E14: 384 | F14: УЭВН | G14: УЭВН · учебный типоразмер | H14: =IF('Оперативный ввод'!H14="","",'Оперативный ввод'!H14) | K14: Учебное исполнение 04 | L14: Отказ | M14: Рост КВЧ и абразивный износ | N14: Рабочая пара / фильтр | O14: Рост КВЧ и абразивный износ | P14: Механические примеси | R14: =IF('Оперативный ввод'!R14="","",'Оперативный ввод'!R14) | S14: =IF(AND(A14="",B14=""),"",IF(AND(A14<>"",B14<>"",C14<>"",D14<>"",F14<>"",G14<>"",K14<>"",ISERROR(SEARCH("по паспорту",G14)),ISERROR(SEARCH("по паспорту",K14)),L14<>"",M14<>"",N14<>"",O14<>"",P14<>""),"ГОТОВО","НЕ ГОТОВО")) | T14: =IF(S14<>"ГОТОВО","", "Предварительное заключение: "&A14&", скв. "&B14&". МРП: "&E14&" сут. ГНО: "&F14&", типоразмеры "&G14&IF(H14<>"",", "&H14,"")&IF(I14<>"",", "&I14,"")&IF(J14<>"",", "&J14,"")&", марка "&K14&". Событие: "&L14&". Признак: "&M14&". Узел: "&N14&". Предварительная причина: "&O14&". Основное осложнение: "&P14&IF(Q14<>"","; сопутствующее: "&Q14,"")&IF(R14<>"","; дополнительно: "&R14,"")&".") | U14: Учебное мероприятие №1 | V14: =IF('Оперативный ввод'!T14="","",'Оперативный ввод'!T14) | W14: Рабочая пара / фильтр | X14: Рост КВЧ и абразивный износ | Y14: М2 | Z14: Штатный режим / предыдущее мероприятие | AA14: Учебное значение заполнено для проверки полного шаблона | AB14: Фильтрация и контроль фракций | AC14: Учебное значение заполнено для проверки полного шаблона | AD14: Лабораторный паспорт TRN-04-L1 | AE14: Учебный разбор заполнен | AF14: Синтетический учебный кейс | AG14: УЭВН · учебный типоразмер | AH14: 1191 | AI14: Учебное значение | AJ14: Учебный изготовитель | AK14: Учебный НКТ | AL14: 1311 | AM14: 2021 | AN14: Учебная спуско-подъёмная операция | AO14: Учебное состояние | AP14: Учебный изготовитель | AQ14: Учебное исполнение | AR14: 2021 | AS14: Учебное состояние | AT14: 25 | AU14: 1221 | AV14: Учебное состояние | AW14: 16 | AX14: 1206 | AY14: Учебное состояние | AZ14: Учебный изготовитель | BA14: Учебное исполнение | BB14: 2021 | BC14: Учебное состояние | BD14: Учебный изготовитель | BE14: Учебное исполнение | BF14: 2021 | BG14: Учебное состояние | BH14: Учебный изготовитель | BI14: 262 | BJ14: 524 | BK14: 524 | BL14: 2021 | BM14: Учебная операция | BN14: Учебное заключение по событию 1; не производственный акт. | BO14: Учебный паспорт TRN-04-L1 | BP14: =IF(AND(A14="",B14=""),"",IF(AND(S14="ГОТОВО",U14<>"",W14<>"",X14<>"",AD14<>"",AE14<>"",AF14<>"",BN14<>"",BO14<>""),"ГОТОВО","НЕ ГОТОВО")) | BQ14: =IF(BP14<>"ГОТОВО","","Полное заключение: "&A14&", скв. "&B14&". МРП: "&E14&" сут. ГНО: "&F14&"; причина: "&X14&"; категория: "&Y14&"; решение комиссии: "&BN14&".") | BR14: TRN-04-F1; Новый подбор; Синтетическая учебная запись.
A15: Южное учебное | B15: 104 | C15: 29.11.2024 | D15: 07.06.2025 | E15: 190 | F15: УЭВН | G15: УЭВН · учебный типоразмер | H15: =IF('Оперативный ввод'!H15="","",'Оперативный ввод'!H15) | K15: Учебное исполнение 04 | L15: Отказ | M15: Микробиологический риск и рост железа | N15: НКТ / защитное покрытие | O15: Микробиологический риск и рост железа | P15: Биокоррозия | Q15: Гидраты | R15: =IF('Оперативный ввод'!R15="","",'Оперативный ввод'!R15) | S15: =IF(AND(A15="",B15=""),"",IF(AND(A15<>"",B15<>"",C15<>"",D15<>"",F15<>"",G15<>"",K15<>"",ISERROR(SEARCH("по паспорту",G15)),ISERROR(SEARCH("по паспорту",K15)),L15<>"",M15<>"",N15<>"",O15<>"",P15<>""),"ГОТОВО","НЕ ГОТОВО")) | T15: =IF(S15<>"ГОТОВО","", "Предварительное заключение: "&A15&", скв. "&B15&". МРП: "&E15&" сут. ГНО: "&F15&", типоразмеры "&G15&IF(H15<>"",", "&H15,"")&IF(I15<>"",", "&I15,"")&IF(J15<>"",", "&J15,"")&", марка "&K15&". Событие: "&L15&". Признак: "&M15&". Узел: "&N15&". Предварительная причина: "&O15&". Основное осложнение: "&P15&IF(Q15<>"","; сопутствующее: "&Q15,"")&IF(R15<>"","; дополнительно: "&R15,"")&".") | U15: Учебное мероприятие №2 | V15: =IF('Оперативный ввод'!T15="","",'Оперативный ввод'!T15) | W15: НКТ / защитное покрытие | X15: Микробиологический риск и рост железа | Y15: К1 | Z15: Штатный режим / предыдущее мероприятие | AA15: Учебное значение заполнено для проверки полного шаблона | AB15: Повторная корректировка: Биоцидная обработка + контроль | AC15: Учебное значение заполнено для проверки полного шаблона | AD15: Лабораторный паспорт TRN-04-L2 | AE15: Учебный разбор заполнен | AF15: Синтетический учебный кейс | AG15: УЭВН · учебный типоразмер | AH15: 1191 | AI15: Учебное значение | AJ15: Учебный изготовитель | AK15: Учебный НКТ | AL15: 1311 | AM15: 2022 | AN15: Учебная спуско-подъёмная операция | AO15: Учебное состояние | AP15: Учебный изготовитель | AQ15: Учебное исполнение | AR15: 2022 | AS15: Учебное состояние | AT15: 25 | AU15: 1221 | AV15: Учебное состояние | AW15: 16 | AX15: 1206 | AY15: Учебное состояние | AZ15: Учебный изготовитель | BA15: Учебное исполнение | BB15: 2022 | BC15: Учебное состояние | BD15: Учебный изготовитель | BE15: Учебное исполнение | BF15: 2022 | BG15: Учебное состояние | BH15: Учебный изготовитель | BI15: 262 | BJ15: 524 | BK15: 524 | BL15: 2022 | BM15: Учебная операция | BN15: Учебное заключение по событию 2; не производственный акт. | BO15: Учебный паспорт TRN-04-L2 | BP15: =IF(AND(A15="",B15=""),"",IF(AND(S15="ГОТОВО",U15<>"",W15<>"",X15<>"",AD15<>"",AE15<>"",AF15<>"",BN15<>"",BO15<>""),"ГОТОВО","НЕ ГОТОВО")) | BQ15: =IF(BP15<>"ГОТОВО","","Полное заключение: "&A15&", скв. "&B15&". МРП: "&E15&" сут. ГНО: "&F15&"; причина: "&X15&"; категория: "&Y15&"; решение комиссии: "&BN15&".") | BR15: TRN-04-F2; Повтор с корректировкой; Синтетическая учебная запись.
A16: Южное учебное | B16: 104 | C16: 15.06.2025 | D16: 08.10.2026 | E16: 480 | F16: УЭВН | G16: УЭВН · учебный типоразмер | H16: =IF('Оперативный ввод'!H16="","",'Оперативный ввод'!H16) | K16: Учебное исполнение 04 | L16: Отказ | M16: Локальное истончение металла; повышенное железо | N16: НКТ / муфтовое соединение | O16: Локальное истончение металла; повышенное железо | P16: Коррозия | R16: =IF('Оперативный ввод'!R16="","",'Оперативный ввод'!R16) | S16: =IF(AND(A16="",B16=""),"",IF(AND(A16<>"",B16<>"",C16<>"",D16<>"",F16<>"",G16<>"",K16<>"",ISERROR(SEARCH("по паспорту",G16)),ISERROR(SEARCH("по паспорту",K16)),L16<>"",M16<>"",N16<>"",O16<>"",P16<>""),"ГОТОВО","НЕ ГОТОВО")) | T16: =IF(S16<>"ГОТОВО","", "Предварительное заключение: "&A16&", скв. "&B16&". МРП: "&E16&" сут. ГНО: "&F16&", типоразмеры "&G16&IF(H16<>"",", "&H16,"")&IF(I16<>"",", "&I16,"")&IF(J16<>"",", "&J16,"")&", марка "&K16&". Событие: "&L16&". Признак: "&M16&". Узел: "&N16&". Предварительная причина: "&O16&". Основное осложнение: "&P16&IF(Q16<>"","; сопутствующее: "&Q16,"")&IF(R16<>"","; дополнительно: "&R16,"")&".") | U16: Учебное мероприятие №3 | V16: =IF('Оперативный ввод'!T16="","",'Оперативный ввод'!T16) | W16: НКТ / муфтовое соединение | X16: Локальное истончение металла; повышенное железо | Y16: К2 | Z16: Штатный режим / предыдущее мероприятие | AA16: Учебное значение заполнено для проверки полного шаблона | AB16: Ингибитор коррозии + контроль остатка | AC16: Учебное значение заполнено для проверки полного шаблона | AD16: Лабораторный паспорт TRN-04-L3 | AE16: Учебный разбор заполнен | AF16: Синтетический учебный кейс | AG16: УЭВН · учебный типоразмер | AH16: 1191 | AI16: Учебное значение | AJ16: Учебный изготовитель | AK16: Учебный НКТ | AL16: 1311 | AM16: 2023 | AN16: Учебная спуско-подъёмная операция | AO16: Учебное состояние | AP16: Учебный изготовитель | AQ16: Учебное исполнение | AR16: 2023 | AS16: Учебное состояние | AT16: 25 | AU16: 1221 | AV16: Учебное состояние | AW16: 16 | AX16: 1206 | AY16: Учебное состояние | AZ16: Учебный изготовитель | BA16: Учебное исполнение | BB16: 2023 | BC16: Учебное состояние | BD16: Учебный изготовитель | BE16: Учебное исполнение | BF16: 2023 | BG16: Учебное состояние | BH16: Учебный изготовитель | BI16: 262 | BJ16: 524 | BK16: 524 | BL16: 2023 | BM16: Учебная операция | BN16: Учебное заключение по событию 3; не производственный акт. | BO16: Учебный паспорт TRN-04-L3 | BP16: =IF(AND(A16="",B16=""),"",IF(AND(S16="ГОТОВО",U16<>"",W16<>"",X16<>"",AD16<>"",AE16<>"",AF16<>"",BN16<>"",BO16<>""),"ГОТОВО","НЕ ГОТОВО")) | BQ16: =IF(BP16<>"ГОТОВО","","Полное заключение: "&A16&", скв. "&B16&". МРП: "&E16&" сут. ГНО: "&F16&"; причина: "&X16&"; категория: "&Y16&"; решение комиссии: "&BN16&".") | BR16: TRN-04-F3; Новый подбор; Синтетическая учебная запись.
A17: Заречное учебное | B17: 105 | C17: 05.11.2023 | D17: 03.04.2024 | E17: 150 | F17: ОРД | G17: ОРД · учебный типоразмер | H17: =IF('Оперативный ввод'!H17="","",'Оперативный ввод'!H17) | K17: Учебное исполнение 05 | L17: Отказ | M17: Рост вязкости и замедленное водоотделение | N17: Насос / выкидная линия | O17: Рост вязкости и замедленное водоотделение | P17: Высокая вязкость / эмульсия | R17: =IF('Оперативный ввод'!R17="","",'Оперативный ввод'!R17) | S17: =IF(AND(A17="",B17=""),"",IF(AND(A17<>"",B17<>"",C17<>"",D17<>"",F17<>"",G17<>"",K17<>"",ISERROR(SEARCH("по паспорту",G17)),ISERROR(SEARCH("по паспорту",K17)),L17<>"",M17<>"",N17<>"",O17<>"",P17<>""),"ГОТОВО","НЕ ГОТОВО")) | T17: =IF(S17<>"ГОТОВО","", "Предварительное заключение: "&A17&", скв. "&B17&". МРП: "&E17&" сут. ГНО: "&F17&", типоразмеры "&G17&IF(H17<>"",", "&H17,"")&IF(I17<>"",", "&I17,"")&IF(J17<>"",", "&J17,"")&", марка "&K17&". Событие: "&L17&". Признак: "&M17&". Узел: "&N17&". Предварительная причина: "&O17&". Основное осложнение: "&P17&IF(Q17<>"","; сопутствующее: "&Q17,"")&IF(R17<>"","; дополнительно: "&R17,"")&".") | U17: Учебное мероприятие №1 | V17: =IF('Оперативный ввод'!T17="","",'Оперативный ввод'!T17) | W17: Насос / выкидная линия | X17: Рост вязкости и замедленное водоотделение | Y17: В2 | Z17: Штатный режим / предыдущее мероприятие | AA17: Учебное значение заполнено для проверки полного шаблона | AB17: Повторная корректировка: Подбор деэмульгатора | AC17: Учебное значение заполнено для проверки полного шаблона | AD17: Лабораторный паспорт TRN-05-L1 | AE17: Учебный разбор заполнен | AF17: Синтетический учебный кейс | AG17: ОРД · учебный типоразмер | AH17: 1228 | AI17: Учебное значение | AJ17: Учебный изготовитель | AK17: Учебный НКТ | AL17: 1348 | AM17: 2021 | AN17: Учебная спуско-подъёмная операция | AO17: Учебное состояние | AP17: Учебный изготовитель | AQ17: Учебное исполнение | AR17: 2021 | AS17: Учебное состояние | AT17: 25 | AU17: 1258 | AV17: Учебное состояние | AW17: 16 | AX17: 1243 | AY17: Учебное состояние | AZ17: Учебный изготовитель | BA17: Учебное исполнение | BB17: 2021 | BC17: Учебное состояние | BD17: Учебный изготовитель | BE17: Учебное исполнение | BF17: 2021 | BG17: Учебное состояние | BH17: Учебный изготовитель | BI17: 269 | BJ17: 539 | BK17: 539 | BL17: 2021 | BM17: Учебная операция | BN17: Учебное заключение по событию 1; не производственный акт. | BO17: Учебный паспорт TRN-05-L1 | BP17: =IF(AND(A17="",B17=""),"",IF(AND(S17="ГОТОВО",U17<>"",W17<>"",X17<>"",AD17<>"",AE17<>"",AF17<>"",BN17<>"",BO17<>""),"ГОТОВО","НЕ ГОТОВО")) | BQ17: =IF(BP17<>"ГОТОВО","","Полное заключение: "&A17&", скв. "&B17&". МРП: "&E17&" сут. ГНО: "&F17&"; причина: "&X17&"; категория: "&Y17&"; решение комиссии: "&BN17&".") | BR17: TRN-05-F1; Повтор с корректировкой; Синтетическая учебная запись.
A18: Заречное учебное | B18: 105 | C18: 11.04.2024 | D18: 14.09.2025 | E18: 521 | F18: ОРД | G18: ОРД · учебный типоразмер | H18: =IF('Оперативный ввод'!H18="","",'Оперативный ввод'!H18) | K18: Учебное исполнение 05 | L18: Отказ | M18: Карбонатный осадок; рост перепада давления | N18: Насос / НКТ | O18: Карбонатный осадок; рост перепада давления | P18: Солеотложения | Q18: Солеотложения | R18: =IF('Оперативный ввод'!R18="","",'Оперативный ввод'!R18) | S18: =IF(AND(A18="",B18=""),"",IF(AND(A18<>"",B18<>"",C18<>"",D18<>"",F18<>"",G18<>"",K18<>"",ISERROR(SEARCH("по паспорту",G18)),ISERROR(SEARCH("по паспорту",K18)),L18<>"",M18<>"",N18<>"",O18<>"",P18<>""),"ГОТОВО","НЕ ГОТОВО")) | T18: =IF(S18<>"ГОТОВО","", "Предварительное заключение: "&A18&", скв. "&B18&". МРП: "&E18&" сут. ГНО: "&F18&", типоразмеры "&G18&IF(H18<>"",", "&H18,"")&IF(I18<>"",", "&I18,"")&IF(J18<>"",", "&J18,"")&", марка "&K18&". Событие: "&L18&". Признак: "&M18&". Узел: "&N18&". Предварительная причина: "&O18&". Основное осложнение: "&P18&IF(Q18<>"","; сопутствующее: "&Q18,"")&IF(R18<>"","; дополнительно: "&R18,"")&".") | U18: Учебное мероприятие №2 | V18: =IF('Оперативный ввод'!T18="","",'Оперативный ввод'!T18) | W18: Насос / НКТ | X18: Карбонатный осадок; рост перепада давления | Y18: С2 | Z18: Штатный режим / предыдущее мероприятие | AA18: Учебное значение заполнено для проверки полного шаблона | AB18: Ингибитор солеотложений | AC18: Учебное значение заполнено для проверки полного шаблона | AD18: Лабораторный паспорт TRN-05-L2 | AE18: Учебный разбор заполнен | AF18: Синтетический учебный кейс | AG18: ОРД · учебный типоразмер | AH18: 1228 | AI18: Учебное значение | AJ18: Учебный изготовитель | AK18: Учебный НКТ | AL18: 1348 | AM18: 2022 | AN18: Учебная спуско-подъёмная операция | AO18: Учебное состояние | AP18: Учебный изготовитель | AQ18: Учебное исполнение | AR18: 2022 | AS18: Учебное состояние | AT18: 25 | AU18: 1258 | AV18: Учебное состояние | AW18: 16 | AX18: 1243 | AY18: Учебное состояние | AZ18: Учебный изготовитель | BA18: Учебное исполнение | BB18: 2022 | BC18: Учебное состояние | BD18: Учебный изготовитель | BE18: Учебное исполнение | BF18: 2022 | BG18: Учебное состояние | BH18: Учебный изготовитель | BI18: 269 | BJ18: 539 | BK18: 539 | BL18: 2022 | BM18: Учебная операция | BN18: Учебное заключение по событию 2; не производственный акт. | BO18: Учебный паспорт TRN-05-L2 | BP18: =IF(AND(A18="",B18=""),"",IF(AND(S18="ГОТОВО",U18<>"",W18<>"",X18<>"",AD18<>"",AE18<>"",AF18<>"",BN18<>"",BO18<>""),"ГОТОВО","НЕ ГОТОВО")) | BQ18: =IF(BP18<>"ГОТОВО","","Полное заключение: "&A18&", скв. "&B18&". МРП: "&E18&" сут. ГНО: "&F18&"; причина: "&X18&"; категория: "&Y18&"; решение комиссии: "&BN18&".") | BR18: TRN-05-F2; Новый подбор; Синтетическая учебная запись.
A19: Заречное учебное | B19: 105 | C19: 23.09.2025 | D19: 25.04.2026 | E19: 214 | F19: ОРД | G19: ОРД · учебный типоразмер | H19: =IF('Оперативный ввод'!H19="","",'Оперативный ввод'!H19) | K19: Учебное исполнение 05 | L19: Отказ | M19: Рост КВЧ и абразивный износ | N19: Рабочая пара / фильтр | O19: Рост КВЧ и абразивный износ | P19: Механические примеси | R19: =IF('Оперативный ввод'!R19="","",'Оперативный ввод'!R19) | S19: =IF(AND(A19="",B19=""),"",IF(AND(A19<>"",B19<>"",C19<>"",D19<>"",F19<>"",G19<>"",K19<>"",ISERROR(SEARCH("по паспорту",G19)),ISERROR(SEARCH("по паспорту",K19)),L19<>"",M19<>"",N19<>"",O19<>"",P19<>""),"ГОТОВО","НЕ ГОТОВО")) | T19: =IF(S19<>"ГОТОВО","", "Предварительное заключение: "&A19&", скв. "&B19&". МРП: "&E19&" сут. ГНО: "&F19&", типоразмеры "&G19&IF(H19<>"",", "&H19,"")&IF(I19<>"",", "&I19,"")&IF(J19<>"",", "&J19,"")&", марка "&K19&". Событие: "&L19&". Признак: "&M19&". Узел: "&N19&". Предварительная причина: "&O19&". Основное осложнение: "&P19&IF(Q19<>"","; сопутствующее: "&Q19,"")&IF(R19<>"","; дополнительно: "&R19,"")&".") | U19: Учебное мероприятие №3 | V19: =IF('Оперативный ввод'!T19="","",'Оперативный ввод'!T19) | W19: Рабочая пара / фильтр | X19: Рост КВЧ и абразивный износ | Y19: М2 | Z19: Штатный режим / предыдущее мероприятие | AA19: Учебное значение заполнено для проверки полного шаблона | AB19: Повторная корректировка: Фильтрация и контроль фракций | AC19: Учебное значение заполнено для проверки полного шаблона | AD19: Лабораторный паспорт TRN-05-L3 | AE19: Учебный разбор заполнен | AF19: Синтетический учебный кейс | AG19: ОРД · учебный типоразмер | AH19: 1228 | AI19: Учебное значение | AJ19: Учебный изготовитель | AK19: Учебный НКТ | AL19: 1348 | AM19: 2023 | AN19: Учебная спуско-подъёмная операция | AO19: Учебное состояние | AP19: Учебный изготовитель | AQ19: Учебное исполнение | AR19: 2023 | AS19: Учебное состояние | AT19: 25 | AU19: 1258 | AV19: Учебное состояние | AW19: 16 | AX19: 1243 | AY19: Учебное состояние | AZ19: Учебный изготовитель | BA19: Учебное исполнение | BB19: 2023 | BC19: Учебное состояние | BD19: Учебный изготовитель | BE19: Учебное исполнение | BF19: 2023 | BG19: Учебное состояние | BH19: Учебный изготовитель | BI19: 269 | BJ19: 539 | BK19: 539 | BL19: 2023 | BM19: Учебная операция | BN19: Учебное заключение по событию 3; не производственный акт. | BO19: Учебный паспорт TRN-05-L3 | BP19: =IF(AND(A19="",B19=""),"",IF(AND(S19="ГОТОВО",U19<>"",W19<>"",X19<>"",AD19<>"",AE19<>"",AF19<>"",BN19<>"",BO19<>""),"ГОТОВО","НЕ ГОТОВО")) | BQ19: =IF(BP19<>"ГОТОВО","","Полное заключение: "&A19&", скв. "&B19&". МРП: "&E19&" сут. ГНО: "&F19&"; причина: "&X19&"; категория: "&Y19&"; решение комиссии: "&BN19&".") | BR19: TRN-05-F3; Повтор с корректировкой; Синтетическая учебная запись.
A20: Речное учебное | B20: 106 | C20: 06.11.2023 | D20: 10.07.2024 | E20: 247 | F20: УЭЦН | G20: УЭЦН · учебный типоразмер | H20: =IF('Оперативный ввод'!H20="","",'Оперативный ввод'!H20) | K20: Учебное исполнение 06 | L20: Отказ | M20: Низкая температура и влажный газ | N20: Устьевая арматура / линия | O20: Низкая температура и влажный газ | P20: Гидраты | R20: =IF('Оперативный ввод'!R20="","",'Оперативный ввод'!R20) | S20: =IF(AND(A20="",B20=""),"",IF(AND(A20<>"",B20<>"",C20<>"",D20<>"",F20<>"",G20<>"",K20<>"",ISERROR(SEARCH("по паспорту",G20)),ISERROR(SEARCH("по паспорту",K20)),L20<>"",M20<>"",N20<>"",O20<>"",P20<>""),"ГОТОВО","НЕ ГОТОВО")) | T20: =IF(S20<>"ГОТОВО","", "Предварительное заключение: "&A20&", скв. "&B20&". МРП: "&E20&" сут. ГНО: "&F20&", типоразмеры "&G20&IF(H20<>"",", "&H20,"")&IF(I20<>"",", "&I20,"")&IF(J20<>"",", "&J20,"")&", марка "&K20&". Событие: "&L20&". Признак: "&M20&". Узел: "&N20&". Предварительная причина: "&O20&". Основное осложнение: "&P20&IF(Q20<>"","; сопутствующее: "&Q20,"")&IF(R20<>"","; дополнительно: "&R20,"")&".") | U20: Учебное мероприятие №1 | V20: =IF('Оперативный ввод'!T20="","",'Оперативный ввод'!T20) | W20: Устьевая арматура / линия | X20: Низкая температура и влажный газ | Y20: Гд1 | Z20: Штатный режим / предыдущее мероприятие | AA20: Учебное значение заполнено для проверки полного шаблона | AB20: Тепловой режим + ингибитор гидратов | AC20: Учебное значение заполнено для проверки полного шаблона | AD20: Лабораторный паспорт TRN-06-L1 | AE20: Учебный разбор заполнен | AF20: Синтетический учебный кейс | AG20: УЭЦН · учебный типоразмер | AH20: 1265 | AI20: Учебное значение | AJ20: Учебный изготовитель | AK20: Учебный НКТ | AL20: 1385 | AM20: 2021 | AN20: Учебная спуско-подъёмная операция | AO20: Учебное состояние | AP20: Учебный изготовитель | AQ20: Учебное исполнение | AR20: 2021 | AS20: Учебное состояние | AT20: 25 | AU20: 1295 | AV20: Учебное состояние | AW20: 16 | AX20: 1280 | AY20: Учебное состояние | AZ20: Учебный изготовитель | BA20: Учебное исполнение | BB20: 2021 | BC20: Учебное состояние | BD20: Учебный изготовитель | BE20: Учебное исполнение | BF20: 2021 | BG20: Учебное состояние | BH20: Учебный изготовитель | BI20: 277 | BJ20: 554 | BK20: 554 | BL20: 2021 | BM20: Учебная операция | BN20: Учебное заключение по событию 1; не производственный акт. | BO20: Учебный паспорт TRN-06-L1 | BP20: =IF(AND(A20="",B20=""),"",IF(AND(S20="ГОТОВО",U20<>"",W20<>"",X20<>"",AD20<>"",AE20<>"",AF20<>"",BN20<>"",BO20<>""),"ГОТОВО","НЕ ГОТОВО")) | BQ20: =IF(BP20<>"ГОТОВО","","Полное заключение: "&A20&", скв. "&B20&". МРП: "&E20&" сут. ГНО: "&F20&"; причина: "&X20&"; категория: "&Y20&"; решение комиссии: "&BN20&".") | BR20: TRN-06-F1; Новый подбор; Синтетическая учебная запись.
A21: Речное учебное | B21: 106 | C21: 19.07.2024 | D21: 21.02.2025 | E21: 217 | F21: УЭЦН | G21: УЭЦН · учебный типоразмер | H21: =IF('Оперативный ввод'!H21="","",'Оперативный ввод'!H21) | K21: Учебное исполнение 06 | L21: Отказ | M21: Парафиновые отложения; падение подачи | N21: Приёмная часть насоса | O21: Парафиновые отложения; падение подачи | P21: АСПО | Q21: Коррозия | R21: =IF('Оперативный ввод'!R21="","",'Оперативный ввод'!R21) | S21: =IF(AND(A21="",B21=""),"",IF(AND(A21<>"",B21<>"",C21<>"",D21<>"",F21<>"",G21<>"",K21<>"",ISERROR(SEARCH("по паспорту",G21)),ISERROR(SEARCH("по паспорту",K21)),L21<>"",M21<>"",N21<>"",O21<>"",P21<>""),"ГОТОВО","НЕ ГОТОВО")) | T21: =IF(S21<>"ГОТОВО","", "Предварительное заключение: "&A21&", скв. "&B21&". МРП: "&E21&" сут. ГНО: "&F21&", типоразмеры "&G21&IF(H21<>"",", "&H21,"")&IF(I21<>"",", "&I21,"")&IF(J21<>"",", "&J21,"")&", марка "&K21&". Событие: "&L21&". Признак: "&M21&". Узел: "&N21&". Предварительная причина: "&O21&". Основное осложнение: "&P21&IF(Q21<>"","; сопутствующее: "&Q21,"")&IF(R21<>"","; дополнительно: "&R21,"")&".") | U21: Учебное мероприятие №2 | V21: =IF('Оперативный ввод'!T21="","",'Оперативный ввод'!T21) | W21: Приёмная часть насоса | X21: Парафиновые отложения; падение подачи | Y21: А2 | Z21: Штатный режим / предыдущее мероприятие | AA21: Учебное значение заполнено для проверки полного шаблона | AB21: Подбор растворителя и профилактики | AC21: Учебное значение заполнено для проверки полного шаблона | AD21: Лабораторный паспорт TRN-06-L2 | AE21: Учебный разбор заполнен | AF21: Синтетический учебный кейс | AG21: УЭЦН · учебный типоразмер | AH21: 1265 | AI21: Учебное значение | AJ21: Учебный изготовитель | AK21: Учебный НКТ | AL21: 1385 | AM21: 2022 | AN21: Учебная спуско-подъёмная операция | AO21: Учебное состояние | AP21: Учебный изготовитель | AQ21: Учебное исполнение | AR21: 2022 | AS21: Учебное состояние | AT21: 25 | AU21: 1295 | AV21: Учебное состояние | AW21: 16 | AX21: 1280 | AY21: Учебное состояние | AZ21: Учебный изготовитель | BA21: Учебное исполнение | BB21: 2022 | BC21: Учебное состояние | BD21: Учебный изготовитель | BE21: Учебное исполнение | BF21: 2022 | BG21: Учебное состояние | BH21: Учебный изготовитель | BI21: 277 | BJ21: 554 | BK21: 554 | BL21: 2022 | BM21: Учебная операция | BN21: Учебное заключение по событию 2; не производственный акт. | BO21: Учебный паспорт TRN-06-L2 | BP21: =IF(AND(A21="",B21=""),"",IF(AND(S21="ГОТОВО",U21<>"",W21<>"",X21<>"",AD21<>"",AE21<>"",AF21<>"",BN21<>"",BO21<>""),"ГОТОВО","НЕ ГОТОВО")) | BQ21: =IF(BP21<>"ГОТОВО","","Полное заключение: "&A21&", скв. "&B21&". МРП: "&E21&" сут. ГНО: "&F21&"; причина: "&X21&"; категория: "&Y21&"; решение комиссии: "&BN21&".") | BR21: TRN-06-F2; Новый подбор; Синтетическая учебная запись.
A22: Речное учебное | B22: 106 | C22: 03.03.2025 | D22: 06.07.2026 | E22: 490 | F22: УЭЦН | G22: УЭЦН · учебный типоразмер | H22: =IF('Оперативный ввод'!H22="","",'Оперативный ввод'!H22) | K22: Учебное исполнение 06 | L22: Отказ | M22: Рост вязкости и замедленное водоотделение | N22: Насос / выкидная линия | O22: Рост вязкости и замедленное водоотделение | P22: Высокая вязкость / эмульсия | R22: =IF('Оперативный ввод'!R22="","",'Оперативный ввод'!R22) | S22: =IF(AND(A22="",B22=""),"",IF(AND(A22<>"",B22<>"",C22<>"",D22<>"",F22<>"",G22<>"",K22<>"",ISERROR(SEARCH("по паспорту",G22)),ISERROR(SEARCH("по паспорту",K22)),L22<>"",M22<>"",N22<>"",O22<>"",P22<>""),"ГОТОВО","НЕ ГОТОВО")) | T22: =IF(S22<>"ГОТОВО","", "Предварительное заключение: "&A22&", скв. "&B22&". МРП: "&E22&" сут. ГНО: "&F22&", типоразмеры "&G22&IF(H22<>"",", "&H22,"")&IF(I22<>"",", "&I22,"")&IF(J22<>"",", "&J22,"")&", марка "&K22&". Событие: "&L22&". Признак: "&M22&". Узел: "&N22&". Предварительная причина: "&O22&". Основное осложнение: "&P22&IF(Q22<>"","; сопутствующее: "&Q22,"")&IF(R22<>"","; дополнительно: "&R22,"")&".") | U22: Учебное мероприятие №3 | V22: =IF('Оперативный ввод'!T22="","",'Оперативный ввод'!T22) | W22: Насос / выкидная линия | X22: Рост вязкости и замедленное водоотделение | Y22: В2 | Z22: Штатный режим / предыдущее мероприятие | AA22: Учебное значение заполнено для проверки полного шаблона | AB22: Подбор деэмульгатора | AC22: Учебное значение заполнено для проверки полного шаблона | AD22: Лабораторный паспорт TRN-06-L3 | AE22: Учебный разбор заполнен | AF22: Синтетический учебный кейс | AG22: УЭЦН · учебный типоразмер | AH22: 1265 | AI22: Учебное значение | AJ22: Учебный изготовитель | AK22: Учебный НКТ | AL22: 1385 | AM22: 2023 | AN22: Учебная спуско-подъёмная операция | AO22: Учебное состояние | AP22: Учебный изготовитель | AQ22: Учебное исполнение | AR22: 2023 | AS22: Учебное состояние | AT22: 25 | AU22: 1295 | AV22: Учебное состояние | AW22: 16 | AX22: 1280 | AY22: Учебное состояние | AZ22: Учебный изготовитель | BA22: Учебное исполнение | BB22: 2023 | BC22: Учебное состояние | BD22: Учебный изготовитель | BE22: Учебное исполнение | BF22: 2023 | BG22: Учебное состояние | BH22: Учебный изготовитель | BI22: 277 | BJ22: 554 | BK22: 554 | BL22: 2023 | BM22: Учебная операция | BN22: Учебное заключение по событию 3; не производственный акт. | BO22: Учебный паспорт TRN-06-L3 | BP22: =IF(AND(A22="",B22=""),"",IF(AND(S22="ГОТОВО",U22<>"",W22<>"",X22<>"",AD22<>"",AE22<>"",AF22<>"",BN22<>"",BO22<>""),"ГОТОВО","НЕ ГОТОВО")) | BQ22: =IF(BP22<>"ГОТОВО","","Полное заключение: "&A22&", скв. "&B22&". МРП: "&E22&" сут. ГНО: "&F22&"; причина: "&X22&"; категория: "&Y22&"; решение комиссии: "&BN22&".") | BR22: TRN-06-F3; Новый подбор; Синтетическая учебная запись.
A23: Степное учебное | B23: 107 | C23: 07.11.2023 | D23: 17.10.2024 | E23: 345 | F23: УШГН | G23: УШГН · учебный типоразмер | H23: =IF('Оперативный ввод'!H23="","",'Оперативный ввод'!H23) | K23: Учебное исполнение 01 | L23: Отказ | M23: Микробиологический риск и рост железа | N23: НКТ / защитное покрытие | O23: Микробиологический риск и рост железа | P23: Биокоррозия | R23: =IF('Оперативный ввод'!R23="","",'Оперативный ввод'!R23) | S23: =IF(AND(A23="",B23=""),"",IF(AND(A23<>"",B23<>"",C23<>"",D23<>"",F23<>"",G23<>"",K23<>"",ISERROR(SEARCH("по паспорту",G23)),ISERROR(SEARCH("по паспорту",K23)),L23<>"",M23<>"",N23<>"",O23<>"",P23<>""),"ГОТОВО","НЕ ГОТОВО")) | T23: =IF(S23<>"ГОТОВО","", "Предварительное заключение: "&A23&", скв. "&B23&". МРП: "&E23&" сут. ГНО: "&F23&", типоразмеры "&G23&IF(H23<>"",", "&H23,"")&IF(I23<>"",", "&I23,"")&IF(J23<>"",", "&J23,"")&", марка "&K23&". Событие: "&L23&". Признак: "&M23&". Узел: "&N23&". Предварительная причина: "&O23&". Основное осложнение: "&P23&IF(Q23<>"","; сопутствующее: "&Q23,"")&IF(R23<>"","; дополнительно: "&R23,"")&".") | U23: Учебное мероприятие №1 | V23: =IF('Оперативный ввод'!T23="","",'Оперативный ввод'!T23) | W23: НКТ / защитное покрытие | X23: Микробиологический риск и рост железа | Y23: К1 | Z23: Штатный режим / предыдущее мероприятие | AA23: Учебное значение заполнено для проверки полного шаблона | AB23: Биоцидная обработка + контроль | AC23: Учебное значение заполнено для проверки полного шаблона | AD23: Лабораторный паспорт TRN-07-L1 | AE23: Учебный разбор заполнен | AF23: Синтетический учебный кейс | AG23: УШГН · учебный типоразмер | AH23: 1302 | AI23: Учебное значение | AJ23: Учебный изготовитель | AK23: Учебный НКТ | AL23: 1422 | AM23: 2021 | AN23: Учебная спуско-подъёмная операция | AO23: Учебное состояние | AP23: Учебный изготовитель | AQ23: Учебное исполнение | AR23: 2021 | AS23: Учебное состояние | AT23: 25 | AU23: 1332 | AV23: Учебное состояние | AW23: 16 | AX23: 1317 | AY23: Учебное состояние | AZ23: Учебный изготовитель | BA23: Учебное исполнение | BB23: 2021 | BC23: Учебное состояние | BD23: Учебный изготовитель | BE23: Учебное исполнение | BF23: 2021 | BG23: Учебное состояние | BH23: Учебный изготовитель | BI23: 284 | BJ23: 568 | BK23: 568 | BL23: 2021 | BM23: Учебная операция | BN23: Учебное заключение по событию 1; не производственный акт. | BO23: Учебный паспорт TRN-07-L1 | BP23: =IF(AND(A23="",B23=""),"",IF(AND(S23="ГОТОВО",U23<>"",W23<>"",X23<>"",AD23<>"",AE23<>"",AF23<>"",BN23<>"",BO23<>""),"ГОТОВО","НЕ ГОТОВО")) | BQ23: =IF(BP23<>"ГОТОВО","","Полное заключение: "&A23&", скв. "&B23&". МРП: "&E23&" сут. ГНО: "&F23&"; причина: "&X23&"; категория: "&Y23&"; решение комиссии: "&BN23&".") | BR23: TRN-07-F1; Новый подбор; Синтетическая учебная запись.
A24: Степное учебное | B24: 107 | C24: 27.10.2024 | D24: 02.05.2025 | E24: 187 | F24: УШГН | G24: УШГН · учебный типоразмер | H24: =IF('Оперативный ввод'!H24="","",'Оперативный ввод'!H24) | K24: Учебное исполнение 01 | L24: Отказ | M24: Локальное истончение металла; повышенное железо | N24: НКТ / муфтовое соединение | O24: Локальное истончение металла; повышенное железо | P24: Коррозия | Q24: АСПО | R24: =IF('Оперативный ввод'!R24="","",'Оперативный ввод'!R24) | S24: =IF(AND(A24="",B24=""),"",IF(AND(A24<>"",B24<>"",C24<>"",D24<>"",F24<>"",G24<>"",K24<>"",ISERROR(SEARCH("по паспорту",G24)),ISERROR(SEARCH("по паспорту",K24)),L24<>"",M24<>"",N24<>"",O24<>"",P24<>""),"ГОТОВО","НЕ ГОТОВО")) | T24: =IF(S24<>"ГОТОВО","", "Предварительное заключение: "&A24&", скв. "&B24&". МРП: "&E24&" сут. ГНО: "&F24&", типоразмеры "&G24&IF(H24<>"",", "&H24,"")&IF(I24<>"",", "&I24,"")&IF(J24<>"",", "&J24,"")&", марка "&K24&". Событие: "&L24&". Признак: "&M24&". Узел: "&N24&". Предварительная причина: "&O24&". Основное осложнение: "&P24&IF(Q24<>"","; сопутствующее: "&Q24,"")&IF(R24<>"","; дополнительно: "&R24,"")&".") | U24: Учебное мероприятие №2 | V24: =IF('Оперативный ввод'!T24="","",'Оперативный ввод'!T24) | W24: НКТ / муфтовое соединение | X24: Локальное истончение металла; повышенное железо | Y24: К2 | Z24: Штатный режим / предыдущее мероприятие | AA24: Учебное значение заполнено для проверки полного шаблона | AB24: Ингибитор коррозии + контроль остатка | AC24: Учебное значение заполнено для проверки полного шаблона | AD24: Лабораторный паспорт TRN-07-L2 | AE24: Учебный разбор заполнен | AF24: Синтетический учебный кейс | AG24: УШГН · учебный типоразмер | AH24: 1302 | AI24: Учебное значение | AJ24: Учебный изготовитель | AK24: Учебный НКТ | AL24: 1422 | AM24: 2022 | AN24: Учебная спуско-подъёмная операция | AO24: Учебное состояние | AP24: Учебный изготовитель | AQ24: Учебное исполнение | AR24: 2022 | AS24: Учебное состояние | AT24: 25 | AU24: 1332 | AV24: Учебное состояние | AW24: 16 | AX24: 1317 | AY24: Учебное состояние | AZ24: Учебный изготовитель | BA24: Учебное исполнение | BB24: 2022 | BC24: Учебное состояние | BD24: Учебный изготовитель | BE24: Учебное исполнение | BF24: 2022 | BG24: Учебное состояние | BH24: Учебный изготовитель | BI24: 284 | BJ24: 568 | BK24: 568 | BL24: 2022 | BM24: Учебная операция | BN24: Учебное заключение по событию 2; не производственный акт. | BO24: Учебный паспорт TRN-07-L2 | BP24: =IF(AND(A24="",B24=""),"",IF(AND(S24="ГОТОВО",U24<>"",W24<>"",X24<>"",AD24<>"",AE24<>"",AF24<>"",BN24<>"",BO24<>""),"ГОТОВО","НЕ ГОТОВО")) | BQ24: =IF(BP24<>"ГОТОВО","","Полное заключение: "&A24&", скв. "&B24&". МРП: "&E24&" сут. ГНО: "&F24&"; причина: "&X24&"; категория: "&Y24&"; решение комиссии: "&BN24&".") | BR24: TRN-07-F2; Новый подбор; Синтетическая учебная запись.
A25: Степное учебное | B25: 107 | C25: 06.05.2025 | D25: 08.10.2026 | E25: 520 | F25: УШГН | G25: УШГН · учебный типоразмер | H25: =IF('Оперативный ввод'!H25="","",'Оперативный ввод'!H25) | K25: Учебное исполнение 01 | L25: Отказ | M25: Нестабильная подача; повышенный газовый фактор | N25: Газосепаратор | O25: Нестабильная подача; повышенный газовый фактор | P25: Свободный газ | R25: =IF('Оперативный ввод'!R25="","",'Оперативный ввод'!R25) | S25: =IF(AND(A25="",B25=""),"",IF(AND(A25<>"",B25<>"",C25<>"",D25<>"",F25<>"",G25<>"",K25<>"",ISERROR(SEARCH("по паспорту",G25)),ISERROR(SEARCH("по паспорту",K25)),L25<>"",M25<>"",N25<>"",O25<>"",P25<>""),"ГОТОВО","НЕ ГОТОВО")) | T25: =IF(S25<>"ГОТОВО","", "Предварительное заключение: "&A25&", скв. "&B25&". МРП: "&E25&" сут. ГНО: "&F25&", типоразмеры "&G25&IF(H25<>"",", "&H25,"")&IF(I25<>"",", "&I25,"")&IF(J25<>"",", "&J25,"")&", марка "&K25&". Событие: "&L25&". Признак: "&M25&". Узел: "&N25&". Предварительная причина: "&O25&". Основное осложнение: "&P25&IF(Q25<>"","; сопутствующее: "&Q25,"")&IF(R25<>"","; дополнительно: "&R25,"")&".") | U25: Учебное мероприятие №3 | V25: =IF('Оперативный ввод'!T25="","",'Оперативный ввод'!T25) | W25: Газосепаратор | X25: Нестабильная подача; повышенный газовый фактор | Y25: Г1 | Z25: Штатный режим / предыдущее мероприятие | AA25: Учебное значение заполнено для проверки полного шаблона | AB25: Повторная корректировка: Подбор газосепаратора | AC25: Учебное значение заполнено для проверки полного шаблона | AD25: Лабораторный паспорт TRN-07-L3 | AE25: Учебный разбор заполнен | AF25: Синтетический учебный кейс | AG25: УШГН · учебный типоразмер | AH25: 1302 | AI25: Учебное значение | AJ25: Учебный изготовитель | AK25: Учебный НКТ | AL25: 1422 | AM25: 2023 | AN25: Учебная спуско-подъёмная операция | AO25: Учебное состояние | AP25: Учебный изготовитель | AQ25: Учебное исполнение | AR25: 2023 | AS25: Учебное состояние | AT25: 25 | AU25: 1332 | AV25: Учебное состояние | AW25: 16 | AX25: 1317 | AY25: Учебное состояние | AZ25: Учебный изготовитель | BA25: Учебное исполнение | BB25: 2023 | BC25: Учебное состояние | BD25: Учебный изготовитель | BE25: Учебное исполнение | BF25: 2023 | BG25: Учебное состояние | BH25: Учебный изготовитель | BI25: 284 | BJ25: 568 | BK25: 568 | BL25: 2023 | BM25: Учебная операция | BN25: Учебное заключение по событию 3; не производственный акт. | BO25: Учебный паспорт TRN-07-L3 | BP25: =IF(AND(A25="",B25=""),"",IF(AND(S25="ГОТОВО",U25<>"",W25<>"",X25<>"",AD25<>"",AE25<>"",AF25<>"",BN25<>"",BO25<>""),"ГОТОВО","НЕ ГОТОВО")) | BQ25: =IF(BP25<>"ГОТОВО","","Полное заключение: "&A25&", скв. "&B25&". МРП: "&E25&" сут. ГНО: "&F25&"; причина: "&X25&"; категория: "&Y25&"; решение комиссии: "&BN25&".") | BR25: TRN-07-F3; Повтор с корректировкой; Синтетическая учебная запись.
A26: Лесное учебное | B26: 108 | C26: 08.11.2023 | D26: 24.03.2024 | E26: 137 | F26: Фонтанный | G26: Фонтанный · учебный типоразмер | H26: =IF('Оперативный ввод'!H26="","",'Оперативный ввод'!H26) | K26: Учебное исполнение 02 | L26: Отказ | M26: Карбонатный осадок; рост перепада давления | N26: Насос / НКТ | O26: Карбонатный осадок; рост перепада давления | P26: Солеотложения | R26: =IF('Оперативный ввод'!R26="","",'Оперативный ввод'!R26) | S26: =IF(AND(A26="",B26=""),"",IF(AND(A26<>"",B26<>"",C26<>"",D26<>"",F26<>"",G26<>"",K26<>"",ISERROR(SEARCH("по паспорту",G26)),ISERROR(SEARCH("по паспорту",K26)),L26<>"",M26<>"",N26<>"",O26<>"",P26<>""),"ГОТОВО","НЕ ГОТОВО")) | T26: =IF(S26<>"ГОТОВО","", "Предварительное заключение: "&A26&", скв. "&B26&". МРП: "&E26&" сут. ГНО: "&F26&", типоразмеры "&G26&IF(H26<>"",", "&H26,"")&IF(I26<>"",", "&I26,"")&IF(J26<>"",", "&J26,"")&", марка "&K26&". Событие: "&L26&". Признак: "&M26&". Узел: "&N26&". Предварительная причина: "&O26&". Основное осложнение: "&P26&IF(Q26<>"","; сопутствующее: "&Q26,"")&IF(R26<>"","; дополнительно: "&R26,"")&".") | U26: Учебное мероприятие №1 | V26: =IF('Оперативный ввод'!T26="","",'Оперативный ввод'!T26) | W26: Насос / НКТ | X26: Карбонатный осадок; рост перепада давления | Y26: С2 | Z26: Штатный режим / предыдущее мероприятие | AA26: Учебное значение заполнено для проверки полного шаблона | AB26: Ингибитор солеотложений | AC26: Учебное значение заполнено для проверки полного шаблона | AD26: Лабораторный паспорт TRN-08-L1 | AE26: Учебный разбор заполнен | AF26: Синтетический учебный кейс | AG26: Фонтанный · учебный типоразмер | AH26: 1339 | AI26: Учебное значение | AJ26: Учебный изготовитель | AK26: Учебный НКТ | AL26: 1459 | AM26: 2021 | AN26: Учебная спуско-подъёмная операция | AO26: Учебное состояние | AP26: Учебный изготовитель | AQ26: Учебное исполнение | AR26: 2021 | AS26: Учебное состояние | AT26: 25 | AU26: 1369 | AV26: Учебное состояние | AW26: 16 | AX26: 1354 | AY26: Учебное состояние | AZ26: Учебный изготовитель | BA26: Учебное исполнение | BB26: 2021 | BC26: Учебное состояние | BD26: Учебный изготовитель | BE26: Учебное исполнение | BF26: 2021 | BG26: Учебное состояние | BH26: Учебный изготовитель | BI26: 291 | BJ26: 583 | BK26: 583 | BL26: 2021 | BM26: Учебная операция | BN26: Учебное заключение по событию 1; не производственный акт. | BO26: Учебный паспорт TRN-08-L1 | BP26: =IF(AND(A26="",B26=""),"",IF(AND(S26="ГОТОВО",U26<>"",W26<>"",X26<>"",AD26<>"",AE26<>"",AF26<>"",BN26<>"",BO26<>""),"ГОТОВО","НЕ ГОТОВО")) | BQ26: =IF(BP26<>"ГОТОВО","","Полное заключение: "&A26&", скв. "&B26&". МРП: "&E26&" сут. ГНО: "&F26&"; причина: "&X26&"; категория: "&Y26&"; решение комиссии: "&BN26&".") | BR26: TRN-08-F1; Новый подбор; Синтетическая учебная запись.
A27: Лесное учебное | B27: 108 | C27: 28.03.2024 | D27: 09.08.2025 | E27: 499 | F27: Фонтанный | G27: Фонтанный · учебный типоразмер | H27: =IF('Оперативный ввод'!H27="","",'Оперативный ввод'!H27) | K27: Учебное исполнение 02 | L27: Отказ | M27: Рост КВЧ и абразивный износ | N27: Рабочая пара / фильтр | O27: Рост КВЧ и абразивный износ | P27: Механические примеси | Q27: Механические примеси | R27: =IF('Оперативный ввод'!R27="","",'Оперативный ввод'!R27) | S27: =IF(AND(A27="",B27=""),"",IF(AND(A27<>"",B27<>"",C27<>"",D27<>"",F27<>"",G27<>"",K27<>"",ISERROR(SEARCH("по паспорту",G27)),ISERROR(SEARCH("по паспорту",K27)),L27<>"",M27<>"",N27<>"",O27<>"",P27<>""),"ГОТОВО","НЕ ГОТОВО")) | T27: =IF(S27<>"ГОТОВО","", "Предварительное заключение: "&A27&", скв. "&B27&". МРП: "&E27&" сут. ГНО: "&F27&", типоразмеры "&G27&IF(H27<>"",", "&H27,"")&IF(I27<>"",", "&I27,"")&IF(J27<>"",", "&J27,"")&", марка "&K27&". Событие: "&L27&". Признак: "&M27&". Узел: "&N27&". Предварительная причина: "&O27&". Основное осложнение: "&P27&IF(Q27<>"","; сопутствующее: "&Q27,"")&IF(R27<>"","; дополнительно: "&R27,"")&".") | U27: Учебное мероприятие №2 | V27: =IF('Оперативный ввод'!T27="","",'Оперативный ввод'!T27) | W27: Рабочая пара / фильтр | X27: Рост КВЧ и абразивный износ | Y27: М2 | Z27: Штатный режим / предыдущее мероприятие | AA27: Учебное значение заполнено для проверки полного шаблона | AB27: Повторная корректировка: Фильтрация и контроль фракций | AC27: Учебное значение заполнено для проверки полного шаблона | AD27: Лабораторный паспорт TRN-08-L2 | AE27: Учебный разбор заполнен | AF27: Синтетический учебный кейс | AG27: Фонтанный · учебный типоразмер | AH27: 1339 | AI27: Учебное значение | AJ27: Учебный изготовитель | AK27: Учебный НКТ | AL27: 1459 | AM27: 2022 | AN27: Учебная спуско-подъёмная операция | AO27: Учебное состояние | AP27: Учебный изготовитель | AQ27: Учебное исполнение | AR27: 2022 | AS27: Учебное состояние | AT27: 25 | AU27: 1369 | AV27: Учебное состояние | AW27: 16 | AX27: 1354 | AY27: Учебное состояние | AZ27: Учебный изготовитель | BA27: Учебное исполнение | BB27: 2022 | BC27: Учебное состояние | BD27: Учебный изготовитель | BE27: Учебное исполнение | BF27: 2022 | BG27: Учебное состояние | BH27: Учебный изготовитель | BI27: 291 | BJ27: 583 | BK27: 583 | BL27: 2022 | BM27: Учебная операция | BN27: Учебное заключение по событию 2; не производственный акт. | BO27: Учебный паспорт TRN-08-L2 | BP27: =IF(AND(A27="",B27=""),"",IF(AND(S27="ГОТОВО",U27<>"",W27<>"",X27<>"",AD27<>"",AE27<>"",AF27<>"",BN27<>"",BO27<>""),"ГОТОВО","НЕ ГОТОВО")) | BQ27: =IF(BP27<>"ГОТОВО","","Полное заключение: "&A27&", скв. "&B27&". МРП: "&E27&" сут. ГНО: "&F27&"; причина: "&X27&"; категория: "&Y27&"; решение комиссии: "&BN27&".") | BR27: TRN-08-F2; Повтор с корректировкой; Синтетическая учебная запись.
A28: Лесное учебное | B28: 108 | C28: 14.08.2025 | D28: 20.03.2026 | E28: 218 | F28: Фонтанный | G28: Фонтанный · учебный типоразмер | H28: =IF('Оперативный ввод'!H28="","",'Оперативный ввод'!H28) | K28: Учебное исполнение 02 | L28: Отказ | M28: Микробиологический риск и рост железа | N28: НКТ / защитное покрытие | O28: Микробиологический риск и рост железа | P28: Биокоррозия | R28: =IF('Оперативный ввод'!R28="","",'Оперативный ввод'!R28) | S28: =IF(AND(A28="",B28=""),"",IF(AND(A28<>"",B28<>"",C28<>"",D28<>"",F28<>"",G28<>"",K28<>"",ISERROR(SEARCH("по паспорту",G28)),ISERROR(SEARCH("по паспорту",K28)),L28<>"",M28<>"",N28<>"",O28<>"",P28<>""),"ГОТОВО","НЕ ГОТОВО")) | T28: =IF(S28<>"ГОТОВО","", "Предварительное заключение: "&A28&", скв. "&B28&". МРП: "&E28&" сут. ГНО: "&F28&", типоразмеры "&G28&IF(H28<>"",", "&H28,"")&IF(I28<>"",", "&I28,"")&IF(J28<>"",", "&J28,"")&", марка "&K28&". Событие: "&L28&". Признак: "&M28&". Узел: "&N28&". Предварительная причина: "&O28&". Основное осложнение: "&P28&IF(Q28<>"","; сопутствующее: "&Q28,"")&IF(R28<>"","; дополнительно: "&R28,"")&".") | U28: Учебное мероприятие №3 | V28: =IF('Оперативный ввод'!T28="","",'Оперативный ввод'!T28) | W28: НКТ / защитное покрытие | X28: Микробиологический риск и рост железа | Y28: К1 | Z28: Штатный режим / предыдущее мероприятие | AA28: Учебное значение заполнено для проверки полного шаблона | AB28: Повторная корректировка: Биоцидная обработка + контроль | AC28: Учебное значение заполнено для проверки полного шаблона | AD28: Лабораторный паспорт TRN-08-L3 | AE28: Учебный разбор заполнен | AF28: Синтетический учебный кейс | AG28: Фонтанный · учебный типоразмер | AH28: 1339 | AI28: Учебное значение | AJ28: Учебный изготовитель | AK28: Учебный НКТ | AL28: 1459 | AM28: 2023 | AN28: Учебная спуско-подъёмная операция | AO28: Учебное состояние | AP28: Учебный изготовитель | AQ28: Учебное исполнение | AR28: 2023 | AS28: Учебное состояние | AT28: 25 | AU28: 1369 | AV28: Учебное состояние | AW28: 16 | AX28: 1354 | AY28: Учебное состояние | AZ28: Учебный изготовитель | BA28: Учебное исполнение | BB28: 2023 | BC28: Учебное состояние | BD28: Учебный изготовитель | BE28: Учебное исполнение | BF28: 2023 | BG28: Учебное состояние | BH28: Учебный изготовитель | BI28: 291 | BJ28: 583 | BK28: 583 | BL28: 2023 | BM28: Учебная операция | BN28: Учебное заключение по событию 3; не производственный акт. | BO28: Учебный паспорт TRN-08-L3 | BP28: =IF(AND(A28="",B28=""),"",IF(AND(S28="ГОТОВО",U28<>"",W28<>"",X28<>"",AD28<>"",AE28<>"",AF28<>"",BN28<>"",BO28<>""),"ГОТОВО","НЕ ГОТОВО")) | BQ28: =IF(BP28<>"ГОТОВО","","Полное заключение: "&A28&", скв. "&B28&". МРП: "&E28&" сут. ГНО: "&F28&"; причина: "&X28&"; категория: "&Y28&"; решение комиссии: "&BN28&".") | BR28: TRN-08-F3; Повтор с корректировкой; Синтетическая учебная запись.
A29: Западное учебное | B29: 109 | C29: 09.11.2023 | D29: 05.06.2024 | E29: 209 | F29: УЭВН | G29: УЭВН · учебный типоразмер | H29: =IF('Оперативный ввод'!H29="","",'Оперативный ввод'!H29) | K29: Учебное исполнение 03 | L29: Отказ | M29: Парафиновые отложения; падение подачи | N29: Приёмная часть насоса | O29: Парафиновые отложения; падение подачи | P29: АСПО | R29: =IF('Оперативный ввод'!R29="","",'Оперативный ввод'!R29) | S29: =IF(AND(A29="",B29=""),"",IF(AND(A29<>"",B29<>"",C29<>"",D29<>"",F29<>"",G29<>"",K29<>"",ISERROR(SEARCH("по паспорту",G29)),ISERROR(SEARCH("по паспорту",K29)),L29<>"",M29<>"",N29<>"",O29<>"",P29<>""),"ГОТОВО","НЕ ГОТОВО")) | T29: =IF(S29<>"ГОТОВО","", "Предварительное заключение: "&A29&", скв. "&B29&". МРП: "&E29&" сут. ГНО: "&F29&", типоразмеры "&G29&IF(H29<>"",", "&H29,"")&IF(I29<>"",", "&I29,"")&IF(J29<>"",", "&J29,"")&", марка "&K29&". Событие: "&L29&". Признак: "&M29&". Узел: "&N29&". Предварительная причина: "&O29&". Основное осложнение: "&P29&IF(Q29<>"","; сопутствующее: "&Q29,"")&IF(R29<>"","; дополнительно: "&R29,"")&".") | U29: Учебное мероприятие №1 | V29: =IF('Оперативный ввод'!T29="","",'Оперативный ввод'!T29) | W29: Приёмная часть насоса | X29: Парафиновые отложения; падение подачи | Y29: А2 | Z29: Штатный режим / предыдущее мероприятие | AA29: Учебное значение заполнено для проверки полного шаблона | AB29: Повторная корректировка: Подбор растворителя и профилактики | AC29: Учебное значение заполнено для проверки полного шаблона | AD29: Лабораторный паспорт TRN-09-L1 | AE29: Учебный разбор заполнен | AF29: Синтетический учебный кейс | AG29: УЭВН · учебный типоразмер | AH29: 1376 | AI29: Учебное значение | AJ29: Учебный изготовитель | AK29: Учебный НКТ | AL29: 1496 | AM29: 2021 | AN29: Учебная спуско-подъёмная операция | AO29: Учебное состояние | AP29: Учебный изготовитель | AQ29: Учебное исполнение | AR29: 2021 | AS29: Учебное состояние | AT29: 25 | AU29: 1406 | AV29: Учебное состояние | AW29: 16 | AX29: 1391 | AY29: Учебное состояние | AZ29: Учебный изготовитель | BA29: Учебное исполнение | BB29: 2021 | BC29: Учебное состояние | BD29: Учебный изготовитель | BE29: Учебное исполнение | BF29: 2021 | BG29: Учебное состояние | BH29: Учебный изготовитель | BI29: 299 | BJ29: 598 | BK29: 598 | BL29: 2021 | BM29: Учебная операция | BN29: Учебное заключение по событию 1; не производственный акт. | BO29: Учебный паспорт TRN-09-L1 | BP29: =IF(AND(A29="",B29=""),"",IF(AND(S29="ГОТОВО",U29<>"",W29<>"",X29<>"",AD29<>"",AE29<>"",AF29<>"",BN29<>"",BO29<>""),"ГОТОВО","НЕ ГОТОВО")) | BQ29: =IF(BP29<>"ГОТОВО","","Полное заключение: "&A29&", скв. "&B29&". МРП: "&E29&" сут. ГНО: "&F29&"; причина: "&X29&"; категория: "&Y29&"; решение комиссии: "&BN29&".") | BR29: TRN-09-F1; Повтор с корректировкой; Синтетическая учебная запись.
A30: Западное учебное | B30: 109 | C30: 10.06.2024 | D30: 16.11.2025 | E30: 524 | F30: УЭВН | G30: УЭВН · учебный типоразмер | H30: =IF('Оперативный ввод'!H30="","",'Оперативный ввод'!H30) | K30: Учебное исполнение 03 | L30: Отказ | M30: Рост вязкости и замедленное водоотделение | N30: Насос / выкидная линия | O30: Рост вязкости и замедленное водоотделение | P30: Высокая вязкость / эмульсия | Q30: Свободный газ | R30: =IF('Оперативный ввод'!R30="","",'Оперативный ввод'!R30) | S30: =IF(AND(A30="",B30=""),"",IF(AND(A30<>"",B30<>"",C30<>"",D30<>"",F30<>"",G30<>"",K30<>"",ISERROR(SEARCH("по паспорту",G30)),ISERROR(SEARCH("по паспорту",K30)),L30<>"",M30<>"",N30<>"",O30<>"",P30<>""),"ГОТОВО","НЕ ГОТОВО")) | T30: =IF(S30<>"ГОТОВО","", "Предварительное заключение: "&A30&", скв. "&B30&". МРП: "&E30&" сут. ГНО: "&F30&", типоразмеры "&G30&IF(H30<>"",", "&H30,"")&IF(I30<>"",", "&I30,"")&IF(J30<>"",", "&J30,"")&", марка "&K30&". Событие: "&L30&". Признак: "&M30&". Узел: "&N30&". Предварительная причина: "&O30&". Основное осложнение: "&P30&IF(Q30<>"","; сопутствующее: "&Q30,"")&IF(R30<>"","; дополнительно: "&R30,"")&".") | U30: Учебное мероприятие №2 | V30: =IF('Оперативный ввод'!T30="","",'Оперативный ввод'!T30) | W30: Насос / выкидная линия | X30: Рост вязкости и замедленное водоотделение | Y30: В2 | Z30: Штатный режим / предыдущее мероприятие | AA30: Учебное значение заполнено для проверки полного шаблона | AB30: Подбор деэмульгатора | AC30: Учебное значение заполнено для проверки полного шаблона | AD30: Лабораторный паспорт TRN-09-L2 | AE30: Учебный разбор заполнен | AF30: Синтетический учебный кейс | AG30: УЭВН · учебный типоразмер | AH30: 1376 | AI30: Учебное значение | AJ30: Учебный изготовитель | AK30: Учебный НКТ | AL30: 1496 | AM30: 2022 | AN30: Учебная спуско-подъёмная операция | AO30: Учебное состояние | AP30: Учебный изготовитель | AQ30: Учебное исполнение | AR30: 2022 | AS30: Учебное состояние | AT30: 25 | AU30: 1406 | AV30: Учебное состояние | AW30: 16 | AX30: 1391 | AY30: Учебное состояние | AZ30: Учебный изготовитель | BA30: Учебное исполнение | BB30: 2022 | BC30: Учебное состояние | BD30: Учебный изготовитель | BE30: Учебное исполнение | BF30: 2022 | BG30: Учебное состояние | BH30: Учебный изготовитель | BI30: 299 | BJ30: 598 | BK30: 598 | BL30: 2022 | BM30: Учебная операция | BN30: Учебное заключение по событию 2; не производственный акт. | BO30: Учебный паспорт TRN-09-L2 | BP30: =IF(AND(A30="",B30=""),"",IF(AND(S30="ГОТОВО",U30<>"",W30<>"",X30<>"",AD30<>"",AE30<>"",AF30<>"",BN30<>"",BO30<>""),"ГОТОВО","НЕ ГОТОВО")) | BQ30: =IF(BP30<>"ГОТОВО","","Полное заключение: "&A30&", скв. "&B30&". МРП: "&E30&" сут. ГНО: "&F30&"; причина: "&X30&"; категория: "&Y30&"; решение комиссии: "&BN30&".") | BR30: TRN-09-F2; Новый подбор; Синтетическая учебная запись.
A31: Западное учебное | B31: 109 | C31: 22.11.2025 | D31: 01.06.2026 | E31: 191 | F31: УЭВН | G31: УЭВН · учебный типоразмер | H31: =IF('Оперативный ввод'!H31="","",'Оперативный ввод'!H31) | K31: Учебное исполнение 03 | L31: Отказ | M31: Карбонатный осадок; рост перепада давления | N31: Насос / НКТ | O31: Карбонатный осадок; рост перепада давления | P31: Солеотложения | R31: =IF('Оперативный ввод'!R31="","",'Оперативный ввод'!R31) | S31: =IF(AND(A31="",B31=""),"",IF(AND(A31<>"",B31<>"",C31<>"",D31<>"",F31<>"",G31<>"",K31<>"",ISERROR(SEARCH("по паспорту",G31)),ISERROR(SEARCH("по паспорту",K31)),L31<>"",M31<>"",N31<>"",O31<>"",P31<>""),"ГОТОВО","НЕ ГОТОВО")) | T31: =IF(S31<>"ГОТОВО","", "Предварительное заключение: "&A31&", скв. "&B31&". МРП: "&E31&" сут. ГНО: "&F31&", типоразмеры "&G31&IF(H31<>"",", "&H31,"")&IF(I31<>"",", "&I31,"")&IF(J31<>"",", "&J31,"")&", марка "&K31&". Событие: "&L31&". Признак: "&M31&". Узел: "&N31&". Предварительная причина: "&O31&". Основное осложнение: "&P31&IF(Q31<>"","; сопутствующее: "&Q31,"")&IF(R31<>"","; дополнительно: "&R31,"")&".") | U31: Учебное мероприятие №3 | V31: =IF('Оперативный ввод'!T31="","",'Оперативный ввод'!T31) | W31: Насос / НКТ | X31: Карбонатный осадок; рост перепада давления | Y31: С2 | Z31: Штатный режим / предыдущее мероприятие | AA31: Учебное значение заполнено для проверки полного шаблона | AB31: Ингибитор солеотложений | AC31: Учебное значение заполнено для проверки полного шаблона | AD31: Лабораторный паспорт TRN-09-L3 | AE31: Учебный разбор заполнен | AF31: Синтетический учебный кейс | AG31: УЭВН · учебный типоразмер | AH31: 1376 | AI31: Учебное значение | AJ31: Учебный изготовитель | AK31: Учебный НКТ | AL31: 1496 | AM31: 2023 | AN31: Учебная спуско-подъёмная операция | AO31: Учебное состояние | AP31: Учебный изготовитель | AQ31: Учебное исполнение | AR31: 2023 | AS31: Учебное состояние | AT31: 25 | AU31: 1406 | AV31: Учебное состояние | AW31: 16 | AX31: 1391 | AY31: Учебное состояние | AZ31: Учебный изготовитель | BA31: Учебное исполнение | BB31: 2023 | BC31: Учебное состояние | BD31: Учебный изготовитель | BE31: Учебное исполнение | BF31: 2023 | BG31: Учебное состояние | BH31: Учебный изготовитель | BI31: 299 | BJ31: 598 | BK31: 598 | BL31: 2023 | BM31: Учебная операция | BN31: Учебное заключение по событию 3; не производственный акт. | BO31: Учебный паспорт TRN-09-L3 | BP31: =IF(AND(A31="",B31=""),"",IF(AND(S31="ГОТОВО",U31<>"",W31<>"",X31<>"",AD31<>"",AE31<>"",AF31<>"",BN31<>"",BO31<>""),"ГОТОВО","НЕ ГОТОВО")) | BQ31: =IF(BP31<>"ГОТОВО","","Полное заключение: "&A31&", скв. "&B31&". МРП: "&E31&" сут. ГНО: "&F31&"; причина: "&X31&"; категория: "&Y31&"; решение комиссии: "&BN31&".") | BR31: TRN-09-F3; Новый подбор; Синтетическая учебная запись.
A32: Восточное учебное | B32: 110 | C32: 10.11.2023 | D32: 12.09.2024 | E32: 307 | F32: ОРД | G32: ОРД · учебный типоразмер | H32: =IF('Оперативный ввод'!H32="","",'Оперативный ввод'!H32) | K32: Учебное исполнение 04 | L32: Отказ | M32: Локальное истончение металла; повышенное железо | N32: НКТ / муфтовое соединение | O32: Локальное истончение металла; повышенное железо | P32: Коррозия | R32: =IF('Оперативный ввод'!R32="","",'Оперативный ввод'!R32) | S32: =IF(AND(A32="",B32=""),"",IF(AND(A32<>"",B32<>"",C32<>"",D32<>"",F32<>"",G32<>"",K32<>"",ISERROR(SEARCH("по паспорту",G32)),ISERROR(SEARCH("по паспорту",K32)),L32<>"",M32<>"",N32<>"",O32<>"",P32<>""),"ГОТОВО","НЕ ГОТОВО")) | T32: =IF(S32<>"ГОТОВО","", "Предварительное заключение: "&A32&", скв. "&B32&". МРП: "&E32&" сут. ГНО: "&F32&", типоразмеры "&G32&IF(H32<>"",", "&H32,"")&IF(I32<>"",", "&I32,"")&IF(J32<>"",", "&J32,"")&", марка "&K32&". Событие: "&L32&". Признак: "&M32&". Узел: "&N32&". Предварительная причина: "&O32&". Основное осложнение: "&P32&IF(Q32<>"","; сопутствующее: "&Q32,"")&IF(R32<>"","; дополнительно: "&R32,"")&".") | U32: Учебное мероприятие №1 | V32: =IF('Оперативный ввод'!T32="","",'Оперативный ввод'!T32) | W32: НКТ / муфтовое соединение | X32: Локальное истончение металла; повышенное железо | Y32: К2 | Z32: Штатный режим / предыдущее мероприятие | AA32: Учебное значение заполнено для проверки полного шаблона | AB32: Ингибитор коррозии + контроль остатка | AC32: Учебное значение заполнено для проверки полного шаблона | AD32: Лабораторный паспорт TRN-10-L1 | AE32: Учебный разбор заполнен | AF32: Синтетический учебный кейс | AG32: ОРД · учебный типоразмер | AH32: 1413 | AI32: Учебное значение | AJ32: Учебный изготовитель | AK32: Учебный НКТ | AL32: 1533 | AM32: 2021 | AN32: Учебная спуско-подъёмная операция | AO32: Учебное состояние | AP32: Учебный изготовитель | AQ32: Учебное исполнение | AR32: 2021 | AS32: Учебное состояние | AT32: 25 | AU32: 1443 | AV32: Учебное состояние | AW32: 16 | AX32: 1428 | AY32: Учебное состояние | AZ32: Учебный изготовитель | BA32: Учебное исполнение | BB32: 2021 | BC32: Учебное состояние | BD32: Учебный изготовитель | BE32: Учебное исполнение | BF32: 2021 | BG32: Учебное состояние | BH32: Учебный изготовитель | BI32: 306 | BJ32: 613 | BK32: 613 | BL32: 2021 | BM32: Учебная операция | BN32: Учебное заключение по событию 1; не производственный акт. | BO32: Учебный паспорт TRN-10-L1 | BP32: =IF(AND(A32="",B32=""),"",IF(AND(S32="ГОТОВО",U32<>"",W32<>"",X32<>"",AD32<>"",AE32<>"",AF32<>"",BN32<>"",BO32<>""),"ГОТОВО","НЕ ГОТОВО")) | BQ32: =IF(BP32<>"ГОТОВО","","Полное заключение: "&A32&", скв. "&B32&". МРП: "&E32&" сут. ГНО: "&F32&"; причина: "&X32&"; категория: "&Y32&"; решение комиссии: "&BN32&".") | BR32: TRN-10-F1; Новый подбор; Синтетическая учебная запись.
A33: Восточное учебное | B33: 110 | C33: 18.09.2024 | D33: 23.04.2025 | E33: 217 | F33: ОРД | G33: ОРД · учебный типоразмер | H33: =IF('Оперативный ввод'!H33="","",'Оперативный ввод'!H33) | K33: Учебное исполнение 04 | L33: Отказ | M33: Нестабильная подача; повышенный газовый фактор | N33: Газосепаратор | O33: Нестабильная подача; повышенный газовый фактор | P33: Свободный газ | Q33: Высокая вязкость / эмульсия | R33: =IF('Оперативный ввод'!R33="","",'Оперативный ввод'!R33) | S33: =IF(AND(A33="",B33=""),"",IF(AND(A33<>"",B33<>"",C33<>"",D33<>"",F33<>"",G33<>"",K33<>"",ISERROR(SEARCH("по паспорту",G33)),ISERROR(SEARCH("по паспорту",K33)),L33<>"",M33<>"",N33<>"",O33<>"",P33<>""),"ГОТОВО","НЕ ГОТОВО")) | T33: =IF(S33<>"ГОТОВО","", "Предварительное заключение: "&A33&", скв. "&B33&". МРП: "&E33&" сут. ГНО: "&F33&", типоразмеры "&G33&IF(H33<>"",", "&H33,"")&IF(I33<>"",", "&I33,"")&IF(J33<>"",", "&J33,"")&", марка "&K33&". Событие: "&L33&". Признак: "&M33&". Узел: "&N33&". Предварительная причина: "&O33&". Основное осложнение: "&P33&IF(Q33<>"","; сопутствующее: "&Q33,"")&IF(R33<>"","; дополнительно: "&R33,"")&".") | U33: Учебное мероприятие №2 | V33: =IF('Оперативный ввод'!T33="","",'Оперативный ввод'!T33) | W33: Газосепаратор | X33: Нестабильная подача; повышенный газовый фактор | Y33: Г1 | Z33: Штатный режим / предыдущее мероприятие | AA33: Учебное значение заполнено для проверки полного шаблона | AB33: Подбор газосепаратора | AC33: Учебное значение заполнено для проверки полного шаблона | AD33: Лабораторный паспорт TRN-10-L2 | AE33: Учебный разбор заполнен | AF33: Синтетический учебный кейс | AG33: ОРД · учебный типоразмер | AH33: 1413 | AI33: Учебное значение | AJ33: Учебный изготовитель | AK33: Учебный НКТ | AL33: 1533 | AM33: 2022 | AN33: Учебная спуско-подъёмная операция | AO33: Учебное состояние | AP33: Учебный изготовитель | AQ33: Учебное исполнение | AR33: 2022 | AS33: Учебное состояние | AT33: 25 | AU33: 1443 | AV33: Учебное состояние | AW33: 16 | AX33: 1428 | AY33: Учебное состояние | AZ33: Учебный изготовитель | BA33: Учебное исполнение | BB33: 2022 | BC33: Учебное состояние | BD33: Учебный изготовитель | BE33: Учебное исполнение | BF33: 2022 | BG33: Учебное состояние | BH33: Учебный изготовитель | BI33: 306 | BJ33: 613 | BK33: 613 | BL33: 2022 | BM33: Учебная операция | BN33: Учебное заключение по событию 2; не производственный акт. | BO33: Учебный паспорт TRN-10-L2 | BP33: =IF(AND(A33="",B33=""),"",IF(AND(S33="ГОТОВО",U33<>"",W33<>"",X33<>"",AD33<>"",AE33<>"",AF33<>"",BN33<>"",BO33<>""),"ГОТОВО","НЕ ГОТОВО")) | BQ33: =IF(BP33<>"ГОТОВО","","Полное заключение: "&A33&", скв. "&B33&". МРП: "&E33&" сут. ГНО: "&F33&"; причина: "&X33&"; категория: "&Y33&"; решение комиссии: "&BN33&".") | BR33: TRN-10-F2; Новый подбор; Синтетическая учебная запись.
A34: Восточное учебное | B34: 110 | C34: 30.04.2025 | D34: 08.09.2026 | E34: 496 | F34: ОРД | G34: ОРД · учебный типоразмер | H34: =IF('Оперативный ввод'!H34="","",'Оперативный ввод'!H34) | K34: Учебное исполнение 04 | L34: Отказ | M34: Низкая температура и влажный газ | N34: Устьевая арматура / линия | O34: Низкая температура и влажный газ | P34: Гидраты | R34: =IF('Оперативный ввод'!R34="","",'Оперативный ввод'!R34) | S34: =IF(AND(A34="",B34=""),"",IF(AND(A34<>"",B34<>"",C34<>"",D34<>"",F34<>"",G34<>"",K34<>"",ISERROR(SEARCH("по паспорту",G34)),ISERROR(SEARCH("по паспорту",K34)),L34<>"",M34<>"",N34<>"",O34<>"",P34<>""),"ГОТОВО","НЕ ГОТОВО")) | T34: =IF(S34<>"ГОТОВО","", "Предварительное заключение: "&A34&", скв. "&B34&". МРП: "&E34&" сут. ГНО: "&F34&", типоразмеры "&G34&IF(H34<>"",", "&H34,"")&IF(I34<>"",", "&I34,"")&IF(J34<>"",", "&J34,"")&", марка "&K34&". Событие: "&L34&". Признак: "&M34&". Узел: "&N34&". Предварительная причина: "&O34&". Основное осложнение: "&P34&IF(Q34<>"","; сопутствующее: "&Q34,"")&IF(R34<>"","; дополнительно: "&R34,"")&".") | U34: Учебное мероприятие №3 | V34: =IF('Оперативный ввод'!T34="","",'Оперативный ввод'!T34) | W34: Устьевая арматура / линия | X34: Низкая температура и влажный газ | Y34: Гд1 | Z34: Штатный режим / предыдущее мероприятие | AA34: Учебное значение заполнено для проверки полного шаблона | AB34: Тепловой режим + ингибитор гидратов | AC34: Учебное значение заполнено для проверки полного шаблона | AD34: Лабораторный паспорт TRN-10-L3 | AE34: Учебный разбор заполнен | AF34: Синтетический учебный кейс | AG34: ОРД · учебный типоразмер | AH34: 1413 | AI34: Учебное значение | AJ34: Учебный изготовитель | AK34: Учебный НКТ | AL34: 1533 | AM34: 2023 | AN34: Учебная спуско-подъёмная операция | AO34: Учебное состояние | AP34: Учебный изготовитель | AQ34: Учебное исполнение | AR34: 2023 | AS34: Учебное состояние | AT34: 25 | AU34: 1443 | AV34: Учебное состояние | AW34: 16 | AX34: 1428 | AY34: Учебное состояние | AZ34: Учебный изготовитель | BA34: Учебное исполнение | BB34: 2023 | BC34: Учебное состояние | BD34: Учебный изготовитель | BE34: Учебное исполнение | BF34: 2023 | BG34: Учебное состояние | BH34: Учебный изготовитель | BI34: 306 | BJ34: 613 | BK34: 613 | BL34: 2023 | BM34: Учебная операция | BN34: Учебное заключение по событию 3; не производственный акт. | BO34: Учебный паспорт TRN-10-L3 | BP34: =IF(AND(A34="",B34=""),"",IF(AND(S34="ГОТОВО",U34<>"",W34<>"",X34<>"",AD34<>"",AE34<>"",AF34<>"",BN34<>"",BO34<>""),"ГОТОВО","НЕ ГОТОВО")) | BQ34: =IF(BP34<>"ГОТОВО","","Полное заключение: "&A34&", скв. "&B34&". МРП: "&E34&" сут. ГНО: "&F34&"; причина: "&X34&"; категория: "&Y34&"; решение комиссии: "&BN34&".") | BR34: TRN-10-F3; Новый подбор; Синтетическая учебная запись.
A35: Приозёрное учебное | B35: 111 | C35: 01.11.2023 | D35: 19.02.2024 | E35: 110 | F35: УЭЦН | G35: УЭЦН · учебный типоразмер | H35: =IF('Оперативный ввод'!H35="","",'Оперативный ввод'!H35) | K35: Учебное исполнение 05 | L35: Отказ | M35: Рост КВЧ и абразивный износ | N35: Рабочая пара / фильтр | O35: Рост КВЧ и абразивный износ | P35: Механические примеси | R35: =IF('Оперативный ввод'!R35="","",'Оперативный ввод'!R35) | S35: =IF(AND(A35="",B35=""),"",IF(AND(A35<>"",B35<>"",C35<>"",D35<>"",F35<>"",G35<>"",K35<>"",ISERROR(SEARCH("по паспорту",G35)),ISERROR(SEARCH("по паспорту",K35)),L35<>"",M35<>"",N35<>"",O35<>"",P35<>""),"ГОТОВО","НЕ ГОТОВО")) | T35: =IF(S35<>"ГОТОВО","", "Предварительное заключение: "&A35&", скв. "&B35&". МРП: "&E35&" сут. ГНО: "&F35&", типоразмеры "&G35&IF(H35<>"",", "&H35,"")&IF(I35<>"",", "&I35,"")&IF(J35<>"",", "&J35,"")&", марка "&K35&". Событие: "&L35&". Признак: "&M35&". Узел: "&N35&". Предварительная причина: "&O35&". Основное осложнение: "&P35&IF(Q35<>"","; сопутствующее: "&Q35,"")&IF(R35<>"","; дополнительно: "&R35,"")&".") | U35: Учебное мероприятие №1 | V35: =IF('Оперативный ввод'!T35="","",'Оперативный ввод'!T35) | W35: Рабочая пара / фильтр | X35: Рост КВЧ и абразивный износ | Y35: М2 | Z35: Штатный режим / предыдущее мероприятие | AA35: Учебное значение заполнено для проверки полного шаблона | AB35: Фильтрация и контроль фракций | AC35: Учебное значение заполнено для проверки полного шаблона | AD35: Лабораторный паспорт TRN-11-L1 | AE35: Учебный разбор заполнен | AF35: Синтетический учебный кейс | AG35: УЭЦН · учебный типоразмер | AH35: 1450 | AI35: Учебное значение | AJ35: Учебный изготовитель | AK35: Учебный НКТ | AL35: 1570 | AM35: 2021 | AN35: Учебная спуско-подъёмная операция | AO35: Учебное состояние | AP35: Учебный изготовитель | AQ35: Учебное исполнение | AR35: 2021 | AS35: Учебное состояние | AT35: 25 | AU35: 1480 | AV35: Учебное состояние | AW35: 16 | AX35: 1465 | AY35: Учебное состояние | AZ35: Учебный изготовитель | BA35: Учебное исполнение | BB35: 2021 | BC35: Учебное состояние | BD35: Учебный изготовитель | BE35: Учебное исполнение | BF35: 2021 | BG35: Учебное состояние | BH35: Учебный изготовитель | BI35: 314 | BJ35: 628 | BK35: 628 | BL35: 2021 | BM35: Учебная операция | BN35: Учебное заключение по событию 1; не производственный акт. | BO35: Учебный паспорт TRN-11-L1 | BP35: =IF(AND(A35="",B35=""),"",IF(AND(S35="ГОТОВО",U35<>"",W35<>"",X35<>"",AD35<>"",AE35<>"",AF35<>"",BN35<>"",BO35<>""),"ГОТОВО","НЕ ГОТОВО")) | BQ35: =IF(BP35<>"ГОТОВО","","Полное заключение: "&A35&", скв. "&B35&". МРП: "&E35&" сут. ГНО: "&F35&"; причина: "&X35&"; категория: "&Y35&"; решение комиссии: "&BN35&".") | BR35: TRN-11-F1; Новый подбор; Синтетическая учебная запись.
A36: Приозёрное учебное | B36: 111 | C36: 26.02.2024 | D36: 04.07.2025 | E36: 494 | F36: УЭЦН | G36: УЭЦН · учебный типоразмер | H36: =IF('Оперативный ввод'!H36="","",'Оперативный ввод'!H36) | K36: Учебное исполнение 05 | L36: Отказ | M36: Микробиологический риск и рост железа | N36: НКТ / защитное покрытие | O36: Микробиологический риск и рост железа | P36: Биокоррозия | Q36: Биокоррозия | R36: =IF('Оперативный ввод'!R36="","",'Оперативный ввод'!R36) | S36: =IF(AND(A36="",B36=""),"",IF(AND(A36<>"",B36<>"",C36<>"",D36<>"",F36<>"",G36<>"",K36<>"",ISERROR(SEARCH("по паспорту",G36)),ISERROR(SEARCH("по паспорту",K36)),L36<>"",M36<>"",N36<>"",O36<>"",P36<>""),"ГОТОВО","НЕ ГОТОВО")) | T36: =IF(S36<>"ГОТОВО","", "Предварительное заключение: "&A36&", скв. "&B36&". МРП: "&E36&" сут. ГНО: "&F36&", типоразмеры "&G36&IF(H36<>"",", "&H36,"")&IF(I36<>"",", "&I36,"")&IF(J36<>"",", "&J36,"")&", марка "&K36&". Событие: "&L36&". Признак: "&M36&". Узел: "&N36&". Предварительная причина: "&O36&". Основное осложнение: "&P36&IF(Q36<>"","; сопутствующее: "&Q36,"")&IF(R36<>"","; дополнительно: "&R36,"")&".") | U36: Учебное мероприятие №2 | V36: =IF('Оперативный ввод'!T36="","",'Оперативный ввод'!T36) | W36: НКТ / защитное покрытие | X36: Микробиологический риск и рост железа | Y36: К1 | Z36: Штатный режим / предыдущее мероприятие | AA36: Учебное значение заполнено для проверки полного шаблона | AB36: Биоцидная обработка + контроль | AC36: Учебное значение заполнено для проверки полного шаблона | AD36: Лабораторный паспорт TRN-11-L2 | AE36: Учебный разбор заполнен | AF36: Синтетический учебный кейс | AG36: УЭЦН · учебный типоразмер | AH36: 1450 | AI36: Учебное значение | AJ36: Учебный изготовитель | AK36: Учебный НКТ | AL36: 1570 | AM36: 2022 | AN36: Учебная спуско-подъёмная операция | AO36: Учебное состояние | AP36: Учебный изготовитель | AQ36: Учебное исполнение | AR36: 2022 | AS36: Учебное состояние | AT36: 25 | AU36: 1480 | AV36: Учебное состояние | AW36: 16 | AX36: 1465 | AY36: Учебное состояние | AZ36: Учебный изготовитель | BA36: Учебное исполнение | BB36: 2022 | BC36: Учебное состояние | BD36: Учебный изготовитель | BE36: Учебное исполнение | BF36: 2022 | BG36: Учебное состояние | BH36: Учебный изготовитель | BI36: 314 | BJ36: 628 | BK36: 628 | BL36: 2022 | BM36: Учебная операция | BN36: Учебное заключение по событию 2; не производственный акт. | BO36: Учебный паспорт TRN-11-L2 | BP36: =IF(AND(A36="",B36=""),"",IF(AND(S36="ГОТОВО",U36<>"",W36<>"",X36<>"",AD36<>"",AE36<>"",AF36<>"",BN36<>"",BO36<>""),"ГОТОВО","НЕ ГОТОВО")) | BQ36: =IF(BP36<>"ГОТОВО","","Полное заключение: "&A36&", скв. "&B36&". МРП: "&E36&" сут. ГНО: "&F36&"; причина: "&X36&"; категория: "&Y36&"; решение комиссии: "&BN36&".") | BR36: TRN-11-F2; Новый подбор; Синтетическая учебная запись.
A37: Приозёрное учебное | B37: 111 | C37: 12.07.2025 | D37: 15.02.2026 | E37: 218 | F37: УЭЦН | G37: УЭЦН · учебный типоразмер | H37: =IF('Оперативный ввод'!H37="","",'Оперативный ввод'!H37) | K37: Учебное исполнение 05 | L37: Отказ | M37: Локальное истончение металла; повышенное железо | N37: НКТ / муфтовое соединение | O37: Локальное истончение металла; повышенное железо | P37: Коррозия | R37: =IF('Оперативный ввод'!R37="","",'Оперативный ввод'!R37) | S37: =IF(AND(A37="",B37=""),"",IF(AND(A37<>"",B37<>"",C37<>"",D37<>"",F37<>"",G37<>"",K37<>"",ISERROR(SEARCH("по паспорту",G37)),ISERROR(SEARCH("по паспорту",K37)),L37<>"",M37<>"",N37<>"",O37<>"",P37<>""),"ГОТОВО","НЕ ГОТОВО")) | T37: =IF(S37<>"ГОТОВО","", "Предварительное заключение: "&A37&", скв. "&B37&". МРП: "&E37&" сут. ГНО: "&F37&", типоразмеры "&G37&IF(H37<>"",", "&H37,"")&IF(I37<>"",", "&I37,"")&IF(J37<>"",", "&J37,"")&", марка "&K37&". Событие: "&L37&". Признак: "&M37&". Узел: "&N37&". Предварительная причина: "&O37&". Основное осложнение: "&P37&IF(Q37<>"","; сопутствующее: "&Q37,"")&IF(R37<>"","; дополнительно: "&R37,"")&".") | U37: Учебное мероприятие №3 | V37: =IF('Оперативный ввод'!T37="","",'Оперативный ввод'!T37) | W37: НКТ / муфтовое соединение | X37: Локальное истончение металла; повышенное железо | Y37: К2 | Z37: Штатный режим / предыдущее мероприятие | AA37: Учебное значение заполнено для проверки полного шаблона | AB37: Повторная корректировка: Ингибитор коррозии + контроль остатка | AC37: Учебное значение заполнено для проверки полного шаблона | AD37: Лабораторный паспорт TRN-11-L3 | AE37: Учебный разбор заполнен | AF37: Синтетический учебный кейс | AG37: УЭЦН · учебный типоразмер | AH37: 1450 | AI37: Учебное значение | AJ37: Учебный изготовитель | AK37: Учебный НКТ | AL37: 1570 | AM37: 2023 | AN37: Учебная спуско-подъёмная операция | AO37: Учебное состояние | AP37: Учебный изготовитель | AQ37: Учебное исполнение | AR37: 2023 | AS37: Учебное состояние | AT37: 25 | AU37: 1480 | AV37: Учебное состояние | AW37: 16 | AX37: 1465 | AY37: Учебное состояние | AZ37: Учебный изготовитель | BA37: Учебное исполнение | BB37: 2023 | BC37: Учебное состояние | BD37: Учебный изготовитель | BE37: Учебное исполнение | BF37: 2023 | BG37: Учебное состояние | BH37: Учебный изготовитель | BI37: 314 | BJ37: 628 | BK37: 628 | BL37: 2023 | BM37: Учебная операция | BN37: Учебное заключение по событию 3; не производственный акт. | BO37: Учебный паспорт TRN-11-L3 | BP37: =IF(AND(A37="",B37=""),"",IF(AND(S37="ГОТОВО",U37<>"",W37<>"",X37<>"",AD37<>"",AE37<>"",AF37<>"",BN37<>"",BO37<>""),"ГОТОВО","НЕ ГОТОВО")) | BQ37: =IF(BP37<>"ГОТОВО","","Полное заключение: "&A37&", скв. "&B37&". МРП: "&E37&" сут. ГНО: "&F37&"; причина: "&X37&"; категория: "&Y37&"; решение комиссии: "&BN37&".") | BR37: TRN-11-F3; Повтор с корректировкой; Синтетическая учебная запись.
A38: Ключевое учебное | B38: 112 | C38: 02.11.2023 | D38: 26.05.2024 | E38: 206 | F38: УШГН | G38: УШГН · учебный типоразмер | H38: =IF('Оперативный ввод'!H38="","",'Оперативный ввод'!H38) | K38: Учебное исполнение 06 | L38: Отказ | M38: Рост вязкости и замедленное водоотделение | N38: Насос / выкидная линия | O38: Рост вязкости и замедленное водоотделение | P38: Высокая вязкость / эмульсия | R38: =IF('Оперативный ввод'!R38="","",'Оперативный ввод'!R38) | S38: =IF(AND(A38="",B38=""),"",IF(AND(A38<>"",B38<>"",C38<>"",D38<>"",F38<>"",G38<>"",K38<>"",ISERROR(SEARCH("по паспорту",G38)),ISERROR(SEARCH("по паспорту",K38)),L38<>"",M38<>"",N38<>"",O38<>"",P38<>""),"ГОТОВО","НЕ ГОТОВО")) | T38: =IF(S38<>"ГОТОВО","", "Предварительное заключение: "&A38&", скв. "&B38&". МРП: "&E38&" сут. ГНО: "&F38&", типоразмеры "&G38&IF(H38<>"",", "&H38,"")&IF(I38<>"",", "&I38,"")&IF(J38<>"",", "&J38,"")&", марка "&K38&". Событие: "&L38&". Признак: "&M38&". Узел: "&N38&". Предварительная причина: "&O38&". Основное осложнение: "&P38&IF(Q38<>"","; сопутствующее: "&Q38,"")&IF(R38<>"","; дополнительно: "&R38,"")&".") | U38: Учебное мероприятие №1 | V38: =IF('Оперативный ввод'!T38="","",'Оперативный ввод'!T38) | W38: Насос / выкидная линия | X38: Рост вязкости и замедленное водоотделение | Y38: В2 | Z38: Штатный режим / предыдущее мероприятие | AA38: Учебное значение заполнено для проверки полного шаблона | AB38: Подбор деэмульгатора | AC38: Учебное значение заполнено для проверки полного шаблона | AD38: Лабораторный паспорт TRN-12-L1 | AE38: Учебный разбор заполнен | AF38: Синтетический учебный кейс | AG38: УШГН · учебный типоразмер | AH38: 1487 | AI38: Учебное значение | AJ38: Учебный изготовитель | AK38: Учебный НКТ | AL38: 1607 | AM38: 2021 | AN38: Учебная спуско-подъёмная операция | AO38: Учебное состояние | AP38: Учебный изготовитель | AQ38: Учебное исполнение | AR38: 2021 | AS38: Учебное состояние | AT38: 25 | AU38: 1517 | AV38: Учебное состояние | AW38: 16 | AX38: 1502 | AY38: Учебное состояние | AZ38: Учебный изготовитель | BA38: Учебное исполнение | BB38: 2021 | BC38: Учебное состояние | BD38: Учебный изготовитель | BE38: Учебное исполнение | BF38: 2021 | BG38: Учебное состояние | BH38: Учебный изготовитель | BI38: 321 | BJ38: 642 | BK38: 642 | BL38: 2021 | BM38: Учебная операция | BN38: Учебное заключение по событию 1; не производственный акт. | BO38: Учебный паспорт TRN-12-L1 | BP38: =IF(AND(A38="",B38=""),"",IF(AND(S38="ГОТОВО",U38<>"",W38<>"",X38<>"",AD38<>"",AE38<>"",AF38<>"",BN38<>"",BO38<>""),"ГОТОВО","НЕ ГОТОВО")) | BQ38: =IF(BP38<>"ГОТОВО","","Полное заключение: "&A38&", скв. "&B38&". МРП: "&E38&" сут. ГНО: "&F38&"; причина: "&X38&"; категория: "&Y38&"; решение комиссии: "&BN38&".") | BR38: TRN-12-F1; Новый подбор; Синтетическая учебная запись.
A39: Ключевое учебное | B39: 112 | C39: 03.06.2024 | D39: 11.10.2025 | E39: 495 | F39: УШГН | G39: УШГН · учебный типоразмер | H39: =IF('Оперативный ввод'!H39="","",'Оперативный ввод'!H39) | K39: Учебное исполнение 06 | L39: Отказ | M39: Карбонатный осадок; рост перепада давления | N39: Насос / НКТ | O39: Карбонатный осадок; рост перепада давления | P39: Солеотложения | Q39: Гидраты | R39: =IF('Оперативный ввод'!R39="","",'Оперативный ввод'!R39) | S39: =IF(AND(A39="",B39=""),"",IF(AND(A39<>"",B39<>"",C39<>"",D39<>"",F39<>"",G39<>"",K39<>"",ISERROR(SEARCH("по паспорту",G39)),ISERROR(SEARCH("по паспорту",K39)),L39<>"",M39<>"",N39<>"",O39<>"",P39<>""),"ГОТОВО","НЕ ГОТОВО")) | T39: =IF(S39<>"ГОТОВО","", "Предварительное заключение: "&A39&", скв. "&B39&". МРП: "&E39&" сут. ГНО: "&F39&", типоразмеры "&G39&IF(H39<>"",", "&H39,"")&IF(I39<>"",", "&I39,"")&IF(J39<>"",", "&J39,"")&", марка "&K39&". Событие: "&L39&". Признак: "&M39&". Узел: "&N39&". Предварительная причина: "&O39&". Основное осложнение: "&P39&IF(Q39<>"","; сопутствующее: "&Q39,"")&IF(R39<>"","; дополнительно: "&R39,"")&".") | U39: Учебное мероприятие №2 | V39: =IF('Оперативный ввод'!T39="","",'Оперативный ввод'!T39) | W39: Насос / НКТ | X39: Карбонатный осадок; рост перепада давления | Y39: С2 | Z39: Штатный режим / предыдущее мероприятие | AA39: Учебное значение заполнено для проверки полного шаблона | AB39: Повторная корректировка: Ингибитор солеотложений | AC39: Учебное значение заполнено для проверки полного шаблона | AD39: Лабораторный паспорт TRN-12-L2 | AE39: Учебный разбор заполнен | AF39: Синтетический учебный кейс | AG39: УШГН · учебный типоразмер | AH39: 1487 | AI39: Учебное значение | AJ39: Учебный изготовитель | AK39: Учебный НКТ | AL39: 1607 | AM39: 2022 | AN39: Учебная спуско-подъёмная операция | AO39: Учебное состояние | AP39: Учебный изготовитель | AQ39: Учебное исполнение | AR39: 2022 | AS39: Учебное состояние | AT39: 25 | AU39: 1517 | AV39: Учебное состояние | AW39: 16 | AX39: 1502 | AY39: Учебное состояние | AZ39: Учебный изготовитель | BA39: Учебное исполнение | BB39: 2022 | BC39: Учебное состояние | BD39: Учебный изготовитель | BE39: Учебное исполнение | BF39: 2022 | BG39: Учебное состояние | BH39: Учебный изготовитель | BI39: 321 | BJ39: 642 | BK39: 642 | BL39: 2022 | BM39: Учебная операция | BN39: Учебное заключение по событию 2; не производственный акт. | BO39: Учебный паспорт TRN-12-L2 | BP39: =IF(AND(A39="",B39=""),"",IF(AND(S39="ГОТОВО",U39<>"",W39<>"",X39<>"",AD39<>"",AE39<>"",AF39<>"",BN39<>"",BO39<>""),"ГОТОВО","НЕ ГОТОВО")) | BQ39: =IF(BP39<>"ГОТОВО","","Полное заключение: "&A39&", скв. "&B39&". МРП: "&E39&" сут. ГНО: "&F39&"; причина: "&X39&"; категория: "&Y39&"; решение комиссии: "&BN39&".") | BR39: TRN-12-F2; Повтор с корректировкой; Синтетическая учебная запись.
A40: Ключевое учебное | B40: 112 | C40: 20.10.2025 | D40: 22.05.2026 | E40: 214 | F40: УШГН | G40: УШГН · учебный типоразмер | H40: =IF('Оперативный ввод'!H40="","",'Оперативный ввод'!H40) | K40: Учебное исполнение 06 | L40: Отказ | M40: Рост КВЧ и абразивный износ | N40: Рабочая пара / фильтр | O40: Рост КВЧ и абразивный износ | P40: Механические примеси | R40: =IF('Оперативный ввод'!R40="","",'Оперативный ввод'!R40) | S40: =IF(AND(A40="",B40=""),"",IF(AND(A40<>"",B40<>"",C40<>"",D40<>"",F40<>"",G40<>"",K40<>"",ISERROR(SEARCH("по паспорту",G40)),ISERROR(SEARCH("по паспорту",K40)),L40<>"",M40<>"",N40<>"",O40<>"",P40<>""),"ГОТОВО","НЕ ГОТОВО")) | T40: =IF(S40<>"ГОТОВО","", "Предварительное заключение: "&A40&", скв. "&B40&". МРП: "&E40&" сут. ГНО: "&F40&", типоразмеры "&G40&IF(H40<>"",", "&H40,"")&IF(I40<>"",", "&I40,"")&IF(J40<>"",", "&J40,"")&", марка "&K40&". Событие: "&L40&". Признак: "&M40&". Узел: "&N40&". Предварительная причина: "&O40&". Основное осложнение: "&P40&IF(Q40<>"","; сопутствующее: "&Q40,"")&IF(R40<>"","; дополнительно: "&R40,"")&".") | U40: Учебное мероприятие №3 | V40: =IF('Оперативный ввод'!T40="","",'Оперативный ввод'!T40) | W40: Рабочая пара / фильтр | X40: Рост КВЧ и абразивный износ | Y40: М2 | Z40: Штатный режим / предыдущее мероприятие | AA40: Учебное значение заполнено для проверки полного шаблона | AB40: Фильтрация и контроль фракций | AC40: Учебное значение заполнено для проверки полного шаблона | AD40: Лабораторный паспорт TRN-12-L3 | AE40: Учебный разбор заполнен | AF40: Синтетический учебный кейс | AG40: УШГН · учебный типоразмер | AH40: 1487 | AI40: Учебное значение | AJ40: Учебный изготовитель | AK40: Учебный НКТ | AL40: 1607 | AM40: 2023 | AN40: Учебная спуско-подъёмная операция | AO40: Учебное состояние | AP40: Учебный изготовитель | AQ40: Учебное исполнение | AR40: 2023 | AS40: Учебное состояние | AT40: 25 | AU40: 1517 | AV40: Учебное состояние | AW40: 16 | AX40: 1502 | AY40: Учебное состояние | AZ40: Учебный изготовитель | BA40: Учебное исполнение | BB40: 2023 | BC40: Учебное состояние | BD40: Учебный изготовитель | BE40: Учебное исполнение | BF40: 2023 | BG40: Учебное состояние | BH40: Учебный изготовитель | BI40: 321 | BJ40: 642 | BK40: 642 | BL40: 2023 | BM40: Учебная операция | BN40: Учебное заключение по событию 3; не производственный акт. | BO40: Учебный паспорт TRN-12-L3 | BP40: =IF(AND(A40="",B40=""),"",IF(AND(S40="ГОТОВО",U40<>"",W40<>"",X40<>"",AD40<>"",AE40<>"",AF40<>"",BN40<>"",BO40<>""),"ГОТОВО","НЕ ГОТОВО")) | BQ40: =IF(BP40<>"ГОТОВО","","Полное заключение: "&A40&", скв. "&B40&". МРП: "&E40&" сут. ГНО: "&F40&"; причина: "&X40&"; категория: "&Y40&"; решение комиссии: "&BN40&".") | BR40: TRN-12-F3; Новый подбор; Синтетическая учебная запись.
A41: Майское учебное | B41: 113 | C41: 03.11.2023 | D41: 07.08.2024 | E41: 278 | F41: Фонтанный | G41: Фонтанный · учебный типоразмер | H41: =IF('Оперативный ввод'!H41="","",'Оперативный ввод'!H41) | K41: Учебное исполнение 01 | L41: Отказ | M41: Нестабильная подача; повышенный газовый фактор | N41: Газосепаратор | O41: Нестабильная подача; повышенный газовый фактор | P41: Свободный газ | R41: =IF('Оперативный ввод'!R41="","",'Оперативный ввод'!R41) | S41: =IF(AND(A41="",B41=""),"",IF(AND(A41<>"",B41<>"",C41<>"",D41<>"",F41<>"",G41<>"",K41<>"",ISERROR(SEARCH("по паспорту",G41)),ISERROR(SEARCH("по паспорту",K41)),L41<>"",M41<>"",N41<>"",O41<>"",P41<>""),"ГОТОВО","НЕ ГОТОВО")) | T41: =IF(S41<>"ГОТОВО","", "Предварительное заключение: "&A41&", скв. "&B41&". МРП: "&E41&" сут. ГНО: "&F41&", типоразмеры "&G41&IF(H41<>"",", "&H41,"")&IF(I41<>"",", "&I41,"")&IF(J41<>"",", "&J41,"")&", марка "&K41&". Событие: "&L41&". Признак: "&M41&". Узел: "&N41&". Предварительная причина: "&O41&". Основное осложнение: "&P41&IF(Q41<>"","; сопутствующее: "&Q41,"")&IF(R41<>"","; дополнительно: "&R41,"")&".") | U41: Учебное мероприятие №1 | V41: =IF('Оперативный ввод'!T41="","",'Оперативный ввод'!T41) | W41: Газосепаратор | X41: Нестабильная подача; повышенный газовый фактор | Y41: Г1 | Z41: Штатный режим / предыдущее мероприятие | AA41: Учебное значение заполнено для проверки полного шаблона | AB41: Повторная корректировка: Подбор газосепаратора | AC41: Учебное значение заполнено для проверки полного шаблона | AD41: Лабораторный паспорт TRN-13-L1 | AE41: Учебный разбор заполнен | AF41: Синтетический учебный кейс | AG41: Фонтанный · учебный типоразмер | AH41: 1524 | AI41: Учебное значение | AJ41: Учебный изготовитель | AK41: Учебный НКТ | AL41: 1644 | AM41: 2021 | AN41: Учебная спуско-подъёмная операция | AO41: Учебное состояние | AP41: Учебный изготовитель | AQ41: Учебное исполнение | AR41: 2021 | AS41: Учебное состояние | AT41: 25 | AU41: 1554 | AV41: Учебное состояние | AW41: 16 | AX41: 1539 | AY41: Учебное состояние | AZ41: Учебный изготовитель | BA41: Учебное исполнение | BB41: 2021 | BC41: Учебное состояние | BD41: Учебный изготовитель | BE41: Учебное исполнение | BF41: 2021 | BG41: Учебное состояние | BH41: Учебный изготовитель | BI41: 328 | BJ41: 657 | BK41: 657 | BL41: 2021 | BM41: Учебная операция | BN41: Учебное заключение по событию 1; не производственный акт. | BO41: Учебный паспорт TRN-13-L1 | BP41: =IF(AND(A41="",B41=""),"",IF(AND(S41="ГОТОВО",U41<>"",W41<>"",X41<>"",AD41<>"",AE41<>"",AF41<>"",BN41<>"",BO41<>""),"ГОТОВО","НЕ ГОТОВО")) | BQ41: =IF(BP41<>"ГОТОВО","","Полное заключение: "&A41&", скв. "&B41&". МРП: "&E41&" сут. ГНО: "&F41&"; причина: "&X41&"; категория: "&Y41&"; решение комиссии: "&BN41&".") | BR41: TRN-13-F1; Повтор с корректировкой; Синтетическая учебная запись.
A42: Майское учебное | B42: 113 | C42: 16.08.2024 | D42: 18.03.2025 | E42: 214 | F42: Фонтанный | G42: Фонтанный · учебный типоразмер | H42: =IF('Оперативный ввод'!H42="","",'Оперативный ввод'!H42) | K42: Учебное исполнение 01 | L42: Отказ | M42: Низкая температура и влажный газ | N42: Устьевая арматура / линия | O42: Низкая температура и влажный газ | P42: Гидраты | Q42: Солеотложения | R42: =IF('Оперативный ввод'!R42="","",'Оперативный ввод'!R42) | S42: =IF(AND(A42="",B42=""),"",IF(AND(A42<>"",B42<>"",C42<>"",D42<>"",F42<>"",G42<>"",K42<>"",ISERROR(SEARCH("по паспорту",G42)),ISERROR(SEARCH("по паспорту",K42)),L42<>"",M42<>"",N42<>"",O42<>"",P42<>""),"ГОТОВО","НЕ ГОТОВО")) | T42: =IF(S42<>"ГОТОВО","", "Предварительное заключение: "&A42&", скв. "&B42&". МРП: "&E42&" сут. ГНО: "&F42&", типоразмеры "&G42&IF(H42<>"",", "&H42,"")&IF(I42<>"",", "&I42,"")&IF(J42<>"",", "&J42,"")&", марка "&K42&". Событие: "&L42&". Признак: "&M42&". Узел: "&N42&". Предварительная причина: "&O42&". Основное осложнение: "&P42&IF(Q42<>"","; сопутствующее: "&Q42,"")&IF(R42<>"","; дополнительно: "&R42,"")&".") | U42: Учебное мероприятие №2 | V42: =IF('Оперативный ввод'!T42="","",'Оперативный ввод'!T42) | W42: Устьевая арматура / линия | X42: Низкая температура и влажный газ | Y42: Гд1 | Z42: Штатный режим / предыдущее мероприятие | AA42: Учебное значение заполнено для проверки полного шаблона | AB42: Тепловой режим + ингибитор гидратов | AC42: Учебное значение заполнено для проверки полного шаблона | AD42: Лабораторный паспорт TRN-13-L2 | AE42: Учебный разбор заполнен | AF42: Синтетический учебный кейс | AG42: Фонтанный · учебный типоразмер | AH42: 1524 | AI42: Учебное значение | AJ42: Учебный изготовитель | AK42: Учебный НКТ | AL42: 1644 | AM42: 2022 | AN42: Учебная спуско-подъёмная операция | AO42: Учебное состояние | AP42: Учебный изготовитель | AQ42: Учебное исполнение | AR42: 2022 | AS42: Учебное состояние | AT42: 25 | AU42: 1554 | AV42: Учебное состояние | AW42: 16 | AX42: 1539 | AY42: Учебное состояние | AZ42: Учебный изготовитель | BA42: Учебное исполнение | BB42: 2022 | BC42: Учебное состояние | BD42: Учебный изготовитель | BE42: Учебное исполнение | BF42: 2022 | BG42: Учебное состояние | BH42: Учебный изготовитель | BI42: 328 | BJ42: 657 | BK42: 657 | BL42: 2022 | BM42: Учебная операция | BN42: Учебное заключение по событию 2; не производственный акт. | BO42: Учебный паспорт TRN-13-L2 | BP42: =IF(AND(A42="",B42=""),"",IF(AND(S42="ГОТОВО",U42<>"",W42<>"",X42<>"",AD42<>"",AE42<>"",AF42<>"",BN42<>"",BO42<>""),"ГОТОВО","НЕ ГОТОВО")) | BQ42: =IF(BP42<>"ГОТОВО","","Полное заключение: "&A42&", скв. "&B42&". МРП: "&E42&" сут. ГНО: "&F42&"; причина: "&X42&"; категория: "&Y42&"; решение комиссии: "&BN42&".") | BR42: TRN-13-F2; Новый подбор; Синтетическая учебная запись.
A43: Майское учебное | B43: 113 | C43: 28.03.2025 | D43: 03.08.2026 | E43: 493 | F43: Фонтанный | G43: Фонтанный · учебный типоразмер | H43: =IF('Оперативный ввод'!H43="","",'Оперативный ввод'!H43) | K43: Учебное исполнение 01 | L43: Отказ | M43: Парафиновые отложения; падение подачи | N43: Приёмная часть насоса | O43: Парафиновые отложения; падение подачи | P43: АСПО | R43: =IF('Оперативный ввод'!R43="","",'Оперативный ввод'!R43) | S43: =IF(AND(A43="",B43=""),"",IF(AND(A43<>"",B43<>"",C43<>"",D43<>"",F43<>"",G43<>"",K43<>"",ISERROR(SEARCH("по паспорту",G43)),ISERROR(SEARCH("по паспорту",K43)),L43<>"",M43<>"",N43<>"",O43<>"",P43<>""),"ГОТОВО","НЕ ГОТОВО")) | T43: =IF(S43<>"ГОТОВО","", "Предварительное заключение: "&A43&", скв. "&B43&". МРП: "&E43&" сут. ГНО: "&F43&", типоразмеры "&G43&IF(H43<>"",", "&H43,"")&IF(I43<>"",", "&I43,"")&IF(J43<>"",", "&J43,"")&", марка "&K43&". Событие: "&L43&". Признак: "&M43&". Узел: "&N43&". Предварительная причина: "&O43&". Основное осложнение: "&P43&IF(Q43<>"","; сопутствующее: "&Q43,"")&IF(R43<>"","; дополнительно: "&R43,"")&".") | U43: Учебное мероприятие №3 | V43: =IF('Оперативный ввод'!T43="","",'Оперативный ввод'!T43) | W43: Приёмная часть насоса | X43: Парафиновые отложения; падение подачи | Y43: А2 | Z43: Штатный режим / предыдущее мероприятие | AA43: Учебное значение заполнено для проверки полного шаблона | AB43: Подбор растворителя и профилактики | AC43: Учебное значение заполнено для проверки полного шаблона | AD43: Лабораторный паспорт TRN-13-L3 | AE43: Учебный разбор заполнен | AF43: Синтетический учебный кейс | AG43: Фонтанный · учебный типоразмер | AH43: 1524 | AI43: Учебное значение | AJ43: Учебный изготовитель | AK43: Учебный НКТ | AL43: 1644 | AM43: 2023 | AN43: Учебная спуско-подъёмная операция | AO43: Учебное состояние | AP43: Учебный изготовитель | AQ43: Учебное исполнение | AR43: 2023 | AS43: Учебное состояние | AT43: 25 | AU43: 1554 | AV43: Учебное состояние | AW43: 16 | AX43: 1539 | AY43: Учебное состояние | AZ43: Учебный изготовитель | BA43: Учебное исполнение | BB43: 2023 | BC43: Учебное состояние | BD43: Учебный изготовитель | BE43: Учебное исполнение | BF43: 2023 | BG43: Учебное состояние | BH43: Учебный изготовитель | BI43: 328 | BJ43: 657 | BK43: 657 | BL43: 2023 | BM43: Учебная операция | BN43: Учебное заключение по событию 3; не производственный акт. | BO43: Учебный паспорт TRN-13-L3 | BP43: =IF(AND(A43="",B43=""),"",IF(AND(S43="ГОТОВО",U43<>"",W43<>"",X43<>"",AD43<>"",AE43<>"",AF43<>"",BN43<>"",BO43<>""),"ГОТОВО","НЕ ГОТОВО")) | BQ43: =IF(BP43<>"ГОТОВО","","Полное заключение: "&A43&", скв. "&B43&". МРП: "&E43&" сут. ГНО: "&F43&"; причина: "&X43&"; категория: "&Y43&"; решение комиссии: "&BN43&".") | BR43: TRN-13-F3; Новый подбор; Синтетическая учебная запись.
A44: Октябрьское учебное | B44: 114 | C44: 04.11.2023 | D44: 14.11.2024 | E44: 376 | F44: УЭВН | G44: УЭВН · учебный типоразмер | H44: =IF('Оперативный ввод'!H44="","",'Оперативный ввод'!H44) | K44: Учебное исполнение 02 | L44: Отказ | M44: Микробиологический риск и рост железа | N44: НКТ / защитное покрытие | O44: Микробиологический риск и рост железа | P44: Биокоррозия | R44: =IF('Оперативный ввод'!R44="","",'Оперативный ввод'!R44) | S44: =IF(AND(A44="",B44=""),"",IF(AND(A44<>"",B44<>"",C44<>"",D44<>"",F44<>"",G44<>"",K44<>"",ISERROR(SEARCH("по паспорту",G44)),ISERROR(SEARCH("по паспорту",K44)),L44<>"",M44<>"",N44<>"",O44<>"",P44<>""),"ГОТОВО","НЕ ГОТОВО")) | T44: =IF(S44<>"ГОТОВО","", "Предварительное заключение: "&A44&", скв. "&B44&". МРП: "&E44&" сут. ГНО: "&F44&", типоразмеры "&G44&IF(H44<>"",", "&H44,"")&IF(I44<>"",", "&I44,"")&IF(J44<>"",", "&J44,"")&", марка "&K44&". Событие: "&L44&". Признак: "&M44&". Узел: "&N44&". Предварительная причина: "&O44&". Основное осложнение: "&P44&IF(Q44<>"","; сопутствующее: "&Q44,"")&IF(R44<>"","; дополнительно: "&R44,"")&".") | U44: Учебное мероприятие №1 | V44: =IF('Оперативный ввод'!T44="","",'Оперативный ввод'!T44) | W44: НКТ / защитное покрытие | X44: Микробиологический риск и рост железа | Y44: К1 | Z44: Штатный режим / предыдущее мероприятие | AA44: Учебное значение заполнено для проверки полного шаблона | AB44: Биоцидная обработка + контроль | AC44: Учебное значение заполнено для проверки полного шаблона | AD44: Лабораторный паспорт TRN-14-L1 | AE44: Учебный разбор заполнен | AF44: Синтетический учебный кейс | AG44: УЭВН · учебный типоразмер | AH44: 1561 | AI44: Учебное значение | AJ44: Учебный изготовитель | AK44: Учебный НКТ | AL44: 1681 | AM44: 2021 | AN44: Учебная спуско-подъёмная операция | AO44: Учебное состояние | AP44: Учебный изготовитель | AQ44: Учебное исполнение | AR44: 2021 | AS44: Учебное состояние | AT44: 25 | AU44: 1591 | AV44: Учебное состояние | AW44: 16 | AX44: 1576 | AY44: Учебное состояние | AZ44: Учебный изготовитель | BA44: Учебное исполнение | BB44: 2021 | BC44: Учебное состояние | BD44: Учебный изготовитель | BE44: Учебное исполнение | BF44: 2021 | BG44: Учебное состояние | BH44: Учебный изготовитель | BI44: 336 | BJ44: 672 | BK44: 672 | BL44: 2021 | BM44: Учебная операция | BN44: Учебное заключение по событию 1; не производственный акт. | BO44: Учебный паспорт TRN-14-L1 | BP44: =IF(AND(A44="",B44=""),"",IF(AND(S44="ГОТОВО",U44<>"",W44<>"",X44<>"",AD44<>"",AE44<>"",AF44<>"",BN44<>"",BO44<>""),"ГОТОВО","НЕ ГОТОВО")) | BQ44: =IF(BP44<>"ГОТОВО","","Полное заключение: "&A44&", скв. "&B44&". МРП: "&E44&" сут. ГНО: "&F44&"; причина: "&X44&"; категория: "&Y44&"; решение комиссии: "&BN44&".") | BR44: TRN-14-F1; Новый подбор; Синтетическая учебная запись.
A45: Октябрьское учебное | B45: 114 | C45: 24.11.2024 | D45: 25.06.2025 | E45: 213 | F45: УЭВН | G45: УЭВН · учебный типоразмер | H45: =IF('Оперативный ввод'!H45="","",'Оперативный ввод'!H45) | K45: Учебное исполнение 02 | L45: Отказ | M45: Локальное истончение металла; повышенное железо | N45: НКТ / муфтовое соединение | O45: Локальное истончение металла; повышенное железо | P45: Коррозия | Q45: Коррозия | R45: =IF('Оперативный ввод'!R45="","",'Оперативный ввод'!R45) | S45: =IF(AND(A45="",B45=""),"",IF(AND(A45<>"",B45<>"",C45<>"",D45<>"",F45<>"",G45<>"",K45<>"",ISERROR(SEARCH("по паспорту",G45)),ISERROR(SEARCH("по паспорту",K45)),L45<>"",M45<>"",N45<>"",O45<>"",P45<>""),"ГОТОВО","НЕ ГОТОВО")) | T45: =IF(S45<>"ГОТОВО","", "Предварительное заключение: "&A45&", скв. "&B45&". МРП: "&E45&" сут. ГНО: "&F45&", типоразмеры "&G45&IF(H45<>"",", "&H45,"")&IF(I45<>"",", "&I45,"")&IF(J45<>"",", "&J45,"")&", марка "&K45&". Событие: "&L45&". Признак: "&M45&". Узел: "&N45&". Предварительная причина: "&O45&". Основное осложнение: "&P45&IF(Q45<>"","; сопутствующее: "&Q45,"")&IF(R45<>"","; дополнительно: "&R45,"")&".") | U45: Учебное мероприятие №2 | V45: =IF('Оперативный ввод'!T45="","",'Оперативный ввод'!T45) | W45: НКТ / муфтовое соединение | X45: Локальное истончение металла; повышенное железо | Y45: К2 | Z45: Штатный режим / предыдущее мероприятие | AA45: Учебное значение заполнено для проверки полного шаблона | AB45: Ингибитор коррозии + контроль остатка | AC45: Учебное значение заполнено для проверки полного шаблона | AD45: Лабораторный паспорт TRN-14-L2 | AE45: Учебный разбор заполнен | AF45: Синтетический учебный кейс | AG45: УЭВН · учебный типоразмер | AH45: 1561 | AI45: Учебное значение | AJ45: Учебный изготовитель | AK45: Учебный НКТ | AL45: 1681 | AM45: 2022 | AN45: Учебная спуско-подъёмная операция | AO45: Учебное состояние | AP45: Учебный изготовитель | AQ45: Учебное исполнение | AR45: 2022 | AS45: Учебное состояние | AT45: 25 | AU45: 1591 | AV45: Учебное состояние | AW45: 16 | AX45: 1576 | AY45: Учебное состояние | AZ45: Учебный изготовитель | BA45: Учебное исполнение | BB45: 2022 | BC45: Учебное состояние | BD45: Учебный изготовитель | BE45: Учебное исполнение | BF45: 2022 | BG45: Учебное состояние | BH45: Учебный изготовитель | BI45: 336 | BJ45: 672 | BK45: 672 | BL45: 2022 | BM45: Учебная операция | BN45: Учебное заключение по событию 2; не производственный акт. | BO45: Учебный паспорт TRN-14-L2 | BP45: =IF(AND(A45="",B45=""),"",IF(AND(S45="ГОТОВО",U45<>"",W45<>"",X45<>"",AD45<>"",AE45<>"",AF45<>"",BN45<>"",BO45<>""),"ГОТОВО","НЕ ГОТОВО")) | BQ45: =IF(BP45<>"ГОТОВО","","Полное заключение: "&A45&", скв. "&B45&". МРП: "&E45&" сут. ГНО: "&F45&"; причина: "&X45&"; категория: "&Y45&"; решение комиссии: "&BN45&".") | BR45: TRN-14-F2; Новый подбор; Синтетическая учебная запись.
A46: Октябрьское учебное | B46: 114 | C46: 29.06.2025 | D46: 08.10.2026 | E46: 466 | F46: УЭВН | G46: УЭВН · учебный типоразмер | H46: =IF('Оперативный ввод'!H46="","",'Оперативный ввод'!H46) | K46: Учебное исполнение 02 | L46: Отказ | M46: Нестабильная подача; повышенный газовый фактор | N46: Газосепаратор | O46: Нестабильная подача; повышенный газовый фактор | P46: Свободный газ | R46: =IF('Оперативный ввод'!R46="","",'Оперативный ввод'!R46) | S46: =IF(AND(A46="",B46=""),"",IF(AND(A46<>"",B46<>"",C46<>"",D46<>"",F46<>"",G46<>"",K46<>"",ISERROR(SEARCH("по паспорту",G46)),ISERROR(SEARCH("по паспорту",K46)),L46<>"",M46<>"",N46<>"",O46<>"",P46<>""),"ГОТОВО","НЕ ГОТОВО")) | T46: =IF(S46<>"ГОТОВО","", "Предварительное заключение: "&A46&", скв. "&B46&". МРП: "&E46&" сут. ГНО: "&F46&", типоразмеры "&G46&IF(H46<>"",", "&H46,"")&IF(I46<>"",", "&I46,"")&IF(J46<>"",", "&J46,"")&", марка "&K46&". Событие: "&L46&". Признак: "&M46&". Узел: "&N46&". Предварительная причина: "&O46&". Основное осложнение: "&P46&IF(Q46<>"","; сопутствующее: "&Q46,"")&IF(R46<>"","; дополнительно: "&R46,"")&".") | U46: Учебное мероприятие №3 | V46: =IF('Оперативный ввод'!T46="","",'Оперативный ввод'!T46) | W46: Газосепаратор | X46: Нестабильная подача; повышенный газовый фактор | Y46: Г1 | Z46: Штатный режим / предыдущее мероприятие | AA46: Учебное значение заполнено для проверки полного шаблона | AB46: Повторная корректировка: Подбор газосепаратора | AC46: Учебное значение заполнено для проверки полного шаблона | AD46: Лабораторный паспорт TRN-14-L3 | AE46: Учебный разбор заполнен | AF46: Синтетический учебный кейс | AG46: УЭВН · учебный типоразмер | AH46: 1561 | AI46: Учебное значение | AJ46: Учебный изготовитель | AK46: Учебный НКТ | AL46: 1681 | AM46: 2023 | AN46: Учебная спуско-подъёмная операция | AO46: Учебное состояние | AP46: Учебный изготовитель | AQ46: Учебное исполнение | AR46: 2023 | AS46: Учебное состояние | AT46: 25 | AU46: 1591 | AV46: Учебное состояние | AW46: 16 | AX46: 1576 | AY46: Учебное состояние | AZ46: Учебный изготовитель | BA46: Учебное исполнение | BB46: 2023 | BC46: Учебное состояние | BD46: Учебный изготовитель | BE46: Учебное исполнение | BF46: 2023 | BG46: Учебное состояние | BH46: Учебный изготовитель | BI46: 336 | BJ46: 672 | BK46: 672 | BL46: 2023 | BM46: Учебная операция | BN46: Учебное заключение по событию 3; не производственный акт. | BO46: Учебный паспорт TRN-14-L3 | BP46: =IF(AND(A46="",B46=""),"",IF(AND(S46="ГОТОВО",U46<>"",W46<>"",X46<>"",AD46<>"",AE46<>"",AF46<>"",BN46<>"",BO46<>""),"ГОТОВО","НЕ ГОТОВО")) | BQ46: =IF(BP46<>"ГОТОВО","","Полное заключение: "&A46&", скв. "&B46&". МРП: "&E46&" сут. ГНО: "&F46&"; причина: "&X46&"; категория: "&Y46&"; решение комиссии: "&BN46&".") | BR46: TRN-14-F3; Повтор с корректировкой; Синтетическая учебная запись.
A47: Сосновское учебное | B47: 115 | C47: 05.11.2023 | D47: 21.04.2024 | E47: 168 | F47: ОРД | G47: ОРД · учебный типоразмер | H47: =IF('Оперативный ввод'!H47="","",'Оперативный ввод'!H47) | K47: Учебное исполнение 03 | L47: Отказ | M47: Карбонатный осадок; рост перепада давления | N47: Насос / НКТ | O47: Карбонатный осадок; рост перепада давления | P47: Солеотложения | R47: =IF('Оперативный ввод'!R47="","",'Оперативный ввод'!R47) | S47: =IF(AND(A47="",B47=""),"",IF(AND(A47<>"",B47<>"",C47<>"",D47<>"",F47<>"",G47<>"",K47<>"",ISERROR(SEARCH("по паспорту",G47)),ISERROR(SEARCH("по паспорту",K47)),L47<>"",M47<>"",N47<>"",O47<>"",P47<>""),"ГОТОВО","НЕ ГОТОВО")) | T47: =IF(S47<>"ГОТОВО","", "Предварительное заключение: "&A47&", скв. "&B47&". МРП: "&E47&" сут. ГНО: "&F47&", типоразмеры "&G47&IF(H47<>"",", "&H47,"")&IF(I47<>"",", "&I47,"")&IF(J47<>"",", "&J47,"")&", марка "&K47&". Событие: "&L47&". Признак: "&M47&". Узел: "&N47&". Предварительная причина: "&O47&". Основное осложнение: "&P47&IF(Q47<>"","; сопутствующее: "&Q47,"")&IF(R47<>"","; дополнительно: "&R47,"")&".") | U47: Учебное мероприятие №1 | V47: =IF('Оперативный ввод'!T47="","",'Оперативный ввод'!T47) | W47: Насос / НКТ | X47: Карбонатный осадок; рост перепада давления | Y47: С2 | Z47: Штатный режим / предыдущее мероприятие | AA47: Учебное значение заполнено для проверки полного шаблона | AB47: Ингибитор солеотложений | AC47: Учебное значение заполнено для проверки полного шаблона | AD47: Лабораторный паспорт TRN-15-L1 | AE47: Учебный разбор заполнен | AF47: Синтетический учебный кейс | AG47: ОРД · учебный типоразмер | AH47: 1598 | AI47: Учебное значение | AJ47: Учебный изготовитель | AK47: Учебный НКТ | AL47: 1718 | AM47: 2021 | AN47: Учебная спуско-подъёмная операция | AO47: Учебное состояние | AP47: Учебный изготовитель | AQ47: Учебное исполнение | AR47: 2021 | AS47: Учебное состояние | AT47: 25 | AU47: 1628 | AV47: Учебное состояние | AW47: 16 | AX47: 1613 | AY47: Учебное состояние | AZ47: Учебный изготовитель | BA47: Учебное исполнение | BB47: 2021 | BC47: Учебное состояние | BD47: Учебный изготовитель | BE47: Учебное исполнение | BF47: 2021 | BG47: Учебное состояние | BH47: Учебный изготовитель | BI47: 343 | BJ47: 687 | BK47: 687 | BL47: 2021 | BM47: Учебная операция | BN47: Учебное заключение по событию 1; не производственный акт. | BO47: Учебный паспорт TRN-15-L1 | BP47: =IF(AND(A47="",B47=""),"",IF(AND(S47="ГОТОВО",U47<>"",W47<>"",X47<>"",AD47<>"",AE47<>"",AF47<>"",BN47<>"",BO47<>""),"ГОТОВО","НЕ ГОТОВО")) | BQ47: =IF(BP47<>"ГОТОВО","","Полное заключение: "&A47&", скв. "&B47&". МРП: "&E47&" сут. ГНО: "&F47&"; причина: "&X47&"; категория: "&Y47&"; решение комиссии: "&BN47&".") | BR47: TRN-15-F1; Новый подбор; Синтетическая учебная запись.
A48: Сосновское учебное | B48: 115 | C48: 25.04.2024 | D48: 06.09.2025 | E48: 499 | F48: ОРД | G48: ОРД · учебный типоразмер | H48: =IF('Оперативный ввод'!H48="","",'Оперативный ввод'!H48) | K48: Учебное исполнение 03 | L48: Отказ | M48: Рост КВЧ и абразивный износ | N48: Рабочая пара / фильтр | O48: Рост КВЧ и абразивный износ | P48: Механические примеси | Q48: АСПО | R48: =IF('Оперативный ввод'!R48="","",'Оперативный ввод'!R48) | S48: =IF(AND(A48="",B48=""),"",IF(AND(A48<>"",B48<>"",C48<>"",D48<>"",F48<>"",G48<>"",K48<>"",ISERROR(SEARCH("по паспорту",G48)),ISERROR(SEARCH("по паспорту",K48)),L48<>"",M48<>"",N48<>"",O48<>"",P48<>""),"ГОТОВО","НЕ ГОТОВО")) | T48: =IF(S48<>"ГОТОВО","", "Предварительное заключение: "&A48&", скв. "&B48&". МРП: "&E48&" сут. ГНО: "&F48&", типоразмеры "&G48&IF(H48<>"",", "&H48,"")&IF(I48<>"",", "&I48,"")&IF(J48<>"",", "&J48,"")&", марка "&K48&". Событие: "&L48&". Признак: "&M48&". Узел: "&N48&". Предварительная причина: "&O48&". Основное осложнение: "&P48&IF(Q48<>"","; сопутствующее: "&Q48,"")&IF(R48<>"","; дополнительно: "&R48,"")&".") | U48: Учебное мероприятие №2 | V48: =IF('Оперативный ввод'!T48="","",'Оперативный ввод'!T48) | W48: Рабочая пара / фильтр | X48: Рост КВЧ и абразивный износ | Y48: М2 | Z48: Штатный режим / предыдущее мероприятие | AA48: Учебное значение заполнено для проверки полного шаблона | AB48: Фильтрация и контроль фракций | AC48: Учебное значение заполнено для проверки полного шаблона | AD48: Лабораторный паспорт TRN-15-L2 | AE48: Учебный разбор заполнен | AF48: Синтетический учебный кейс | AG48: ОРД · учебный типоразмер | AH48: 1598 | AI48: Учебное значение | AJ48: Учебный изготовитель | AK48: Учебный НКТ | AL48: 1718 | AM48: 2022 | AN48: Учебная спуско-подъёмная операция | AO48: Учебное состояние | AP48: Учебный изготовитель | AQ48: Учебное исполнение | AR48: 2022 | AS48: Учебное состояние | AT48: 25 | AU48: 1628 | AV48: Учебное состояние | AW48: 16 | AX48: 1613 | AY48: Учебное состояние | AZ48: Учебный изготовитель | BA48: Учебное исполнение | BB48: 2022 | BC48: Учебное состояние | BD48: Учебный изготовитель | BE48: Учебное исполнение | BF48: 2022 | BG48: Учебное состояние | BH48: Учебный изготовитель | BI48: 343 | BJ48: 687 | BK48: 687 | BL48: 2022 | BM48: Учебная операция | BN48: Учебное заключение по событию 2; не производственный акт. | BO48: Учебный паспорт TRN-15-L2 | BP48: =IF(AND(A48="",B48=""),"",IF(AND(S48="ГОТОВО",U48<>"",W48<>"",X48<>"",AD48<>"",AE48<>"",AF48<>"",BN48<>"",BO48<>""),"ГОТОВО","НЕ ГОТОВО")) | BQ48: =IF(BP48<>"ГОТОВО","","Полное заключение: "&A48&", скв. "&B48&". МРП: "&E48&" сут. ГНО: "&F48&"; причина: "&X48&"; категория: "&Y48&"; решение комиссии: "&BN48&".") | BR48: TRN-15-F2; Новый подбор; Синтетическая учебная запись.
A49: Сосновское учебное | B49: 115 | C49: 11.09.2025 | D49: 17.04.2026 | E49: 218 | F49: ОРД | G49: ОРД · учебный типоразмер | H49: =IF('Оперативный ввод'!H49="","",'Оперативный ввод'!H49) | K49: Учебное исполнение 03 | L49: Отказ | M49: Микробиологический риск и рост железа | N49: НКТ / защитное покрытие | O49: Микробиологический риск и рост железа | P49: Биокоррозия | R49: =IF('Оперативный ввод'!R49="","",'Оперативный ввод'!R49) | S49: =IF(AND(A49="",B49=""),"",IF(AND(A49<>"",B49<>"",C49<>"",D49<>"",F49<>"",G49<>"",K49<>"",ISERROR(SEARCH("по паспорту",G49)),ISERROR(SEARCH("по паспорту",K49)),L49<>"",M49<>"",N49<>"",O49<>"",P49<>""),"ГОТОВО","НЕ ГОТОВО")) | T49: =IF(S49<>"ГОТОВО","", "Предварительное заключение: "&A49&", скв. "&B49&". МРП: "&E49&" сут. ГНО: "&F49&", типоразмеры "&G49&IF(H49<>"",", "&H49,"")&IF(I49<>"",", "&I49,"")&IF(J49<>"",", "&J49,"")&", марка "&K49&". Событие: "&L49&". Признак: "&M49&". Узел: "&N49&". Предварительная причина: "&O49&". Основное осложнение: "&P49&IF(Q49<>"","; сопутствующее: "&Q49,"")&IF(R49<>"","; дополнительно: "&R49,"")&".") | U49: Учебное мероприятие №3 | V49: =IF('Оперативный ввод'!T49="","",'Оперативный ввод'!T49) | W49: НКТ / защитное покрытие | X49: Микробиологический риск и рост железа | Y49: К1 | Z49: Штатный режим / предыдущее мероприятие | AA49: Учебное значение заполнено для проверки полного шаблона | AB49: Повторная корректировка: Биоцидная обработка + контроль | AC49: Учебное значение заполнено для проверки полного шаблона | AD49: Лабораторный паспорт TRN-15-L3 | AE49: Учебный разбор заполнен | AF49: Синтетический учебный кейс | AG49: ОРД · учебный типоразмер | AH49: 1598 | AI49: Учебное значение | AJ49: Учебный изготовитель | AK49: Учебный НКТ | AL49: 1718 | AM49: 2023 | AN49: Учебная спуско-подъёмная операция | AO49: Учебное состояние | AP49: Учебный изготовитель | AQ49: Учебное исполнение | AR49: 2023 | AS49: Учебное состояние | AT49: 25 | AU49: 1628 | AV49: Учебное состояние | AW49: 16 | AX49: 1613 | AY49: Учебное состояние | AZ49: Учебный изготовитель | BA49: Учебное исполнение | BB49: 2023 | BC49: Учебное состояние | BD49: Учебный изготовитель | BE49: Учебное исполнение | BF49: 2023 | BG49: Учебное состояние | BH49: Учебный изготовитель | BI49: 343 | BJ49: 687 | BK49: 687 | BL49: 2023 | BM49: Учебная операция | BN49: Учебное заключение по событию 3; не производственный акт. | BO49: Учебный паспорт TRN-15-L3 | BP49: =IF(AND(A49="",B49=""),"",IF(AND(S49="ГОТОВО",U49<>"",W49<>"",X49<>"",AD49<>"",AE49<>"",AF49<>"",BN49<>"",BO49<>""),"ГОТОВО","НЕ ГОТОВО")) | BQ49: =IF(BP49<>"ГОТОВО","","Полное заключение: "&A49&", скв. "&B49&". МРП: "&E49&" сут. ГНО: "&F49&"; причина: "&X49&"; категория: "&Y49&"; решение комиссии: "&BN49&".") | BR49: TRN-15-F3; Повтор с корректировкой; Синтетическая учебная запись.
A50: Луговое учебное | B50: 116 | C50: 06.11.2023 | D50: 02.07.2024 | E50: 239 | F50: УЭЦН | G50: УЭЦН · учебный типоразмер | H50: =IF('Оперативный ввод'!H50="","",'Оперативный ввод'!H50) | K50: Учебное исполнение 04 | L50: Отказ | M50: Низкая температура и влажный газ | N50: Устьевая арматура / линия | O50: Низкая температура и влажный газ | P50: Гидраты | R50: =IF('Оперативный ввод'!R50="","",'Оперативный ввод'!R50) | S50: =IF(AND(A50="",B50=""),"",IF(AND(A50<>"",B50<>"",C50<>"",D50<>"",F50<>"",G50<>"",K50<>"",ISERROR(SEARCH("по паспорту",G50)),ISERROR(SEARCH("по паспорту",K50)),L50<>"",M50<>"",N50<>"",O50<>"",P50<>""),"ГОТОВО","НЕ ГОТОВО")) | T50: =IF(S50<>"ГОТОВО","", "Предварительное заключение: "&A50&", скв. "&B50&". МРП: "&E50&" сут. ГНО: "&F50&", типоразмеры "&G50&IF(H50<>"",", "&H50,"")&IF(I50<>"",", "&I50,"")&IF(J50<>"",", "&J50,"")&", марка "&K50&". Событие: "&L50&". Признак: "&M50&". Узел: "&N50&". Предварительная причина: "&O50&". Основное осложнение: "&P50&IF(Q50<>"","; сопутствующее: "&Q50,"")&IF(R50<>"","; дополнительно: "&R50,"")&".") | U50: Учебное мероприятие №1 | V50: =IF('Оперативный ввод'!T50="","",'Оперативный ввод'!T50) | W50: Устьевая арматура / линия | X50: Низкая температура и влажный газ | Y50: Гд1 | Z50: Штатный режим / предыдущее мероприятие | AA50: Учебное значение заполнено для проверки полного шаблона | AB50: Тепловой режим + ингибитор гидратов | AC50: Учебное значение заполнено для проверки полного шаблона | AD50: Лабораторный паспорт TRN-16-L1 | AE50: Учебный разбор заполнен | AF50: Синтетический учебный кейс | AG50: УЭЦН · учебный типоразмер | AH50: 1115 | AI50: Учебное значение | AJ50: Учебный изготовитель | AK50: Учебный НКТ | AL50: 1235 | AM50: 2021 | AN50: Учебная спуско-подъёмная операция | AO50: Учебное состояние | AP50: Учебный изготовитель | AQ50: Учебное исполнение | AR50: 2021 | AS50: Учебное состояние | AT50: 25 | AU50: 1145 | AV50: Учебное состояние | AW50: 16 | AX50: 1130 | AY50: Учебное состояние | AZ50: Учебный изготовитель | BA50: Учебное исполнение | BB50: 2021 | BC50: Учебное состояние | BD50: Учебный изготовитель | BE50: Учебное исполнение | BF50: 2021 | BG50: Учебное состояние | BH50: Учебный изготовитель | BI50: 247 | BJ50: 494 | BK50: 494 | BL50: 2021 | BM50: Учебная операция | BN50: Учебное заключение по событию 1; не производственный акт. | BO50: Учебный паспорт TRN-16-L1 | BP50: =IF(AND(A50="",B50=""),"",IF(AND(S50="ГОТОВО",U50<>"",W50<>"",X50<>"",AD50<>"",AE50<>"",AF50<>"",BN50<>"",BO50<>""),"ГОТОВО","НЕ ГОТОВО")) | BQ50: =IF(BP50<>"ГОТОВО","","Полное заключение: "&A50&", скв. "&B50&". МРП: "&E50&" сут. ГНО: "&F50&"; причина: "&X50&"; категория: "&Y50&"; решение комиссии: "&BN50&".") | BR50: TRN-16-F1; Новый подбор; Синтетическая учебная запись.
A51: Луговое учебное | B51: 116 | C51: 07.07.2024 | D51: 13.02.2025 | E51: 221 | F51: УЭЦН | G51: УЭЦН · учебный типоразмер | H51: =IF('Оперативный ввод'!H51="","",'Оперативный ввод'!H51) | K51: Учебное исполнение 04 | L51: Отказ | M51: Парафиновые отложения; падение подачи | N51: Приёмная часть насоса | O51: Парафиновые отложения; падение подачи | P51: АСПО | Q51: Механические примеси | R51: =IF('Оперативный ввод'!R51="","",'Оперативный ввод'!R51) | S51: =IF(AND(A51="",B51=""),"",IF(AND(A51<>"",B51<>"",C51<>"",D51<>"",F51<>"",G51<>"",K51<>"",ISERROR(SEARCH("по паспорту",G51)),ISERROR(SEARCH("по паспорту",K51)),L51<>"",M51<>"",N51<>"",O51<>"",P51<>""),"ГОТОВО","НЕ ГОТОВО")) | T51: =IF(S51<>"ГОТОВО","", "Предварительное заключение: "&A51&", скв. "&B51&". МРП: "&E51&" сут. ГНО: "&F51&", типоразмеры "&G51&IF(H51<>"",", "&H51,"")&IF(I51<>"",", "&I51,"")&IF(J51<>"",", "&J51,"")&", марка "&K51&". Событие: "&L51&". Признак: "&M51&". Узел: "&N51&". Предварительная причина: "&O51&". Основное осложнение: "&P51&IF(Q51<>"","; сопутствующее: "&Q51,"")&IF(R51<>"","; дополнительно: "&R51,"")&".") | U51: Учебное мероприятие №2 | V51: =IF('Оперативный ввод'!T51="","",'Оперативный ввод'!T51) | W51: Приёмная часть насоса | X51: Парафиновые отложения; падение подачи | Y51: А2 | Z51: Штатный режим / предыдущее мероприятие | AA51: Учебное значение заполнено для проверки полного шаблона | AB51: Повторная корректировка: Подбор растворителя и профилактики | AC51: Учебное значение заполнено для проверки полного шаблона | AD51: Лабораторный паспорт TRN-16-L2 | AE51: Учебный разбор заполнен | AF51: Синтетический учебный кейс | AG51: УЭЦН · учебный типоразмер | AH51: 1115 | AI51: Учебное значение | AJ51: Учебный изготовитель | AK51: Учебный НКТ | AL51: 1235 | AM51: 2022 | AN51: Учебная спуско-подъёмная операция | AO51: Учебное состояние | AP51: Учебный изготовитель | AQ51: Учебное исполнение | AR51: 2022 | AS51: Учебное состояние | AT51: 25 | AU51: 1145 | AV51: Учебное состояние | AW51: 16 | AX51: 1130 | AY51: Учебное состояние | AZ51: Учебный изготовитель | BA51: Учебное исполнение | BB51: 2022 | BC51: Учебное состояние | BD51: Учебный изготовитель | BE51: Учебное исполнение | BF51: 2022 | BG51: Учебное состояние | BH51: Учебный изготовитель | BI51: 247 | BJ51: 494 | BK51: 494 | BL51: 2022 | BM51: Учебная операция | BN51: Учебное заключение по событию 2; не производственный акт. | BO51: Учебный паспорт TRN-16-L2 | BP51: =IF(AND(A51="",B51=""),"",IF(AND(S51="ГОТОВО",U51<>"",W51<>"",X51<>"",AD51<>"",AE51<>"",AF51<>"",BN51<>"",BO51<>""),"ГОТОВО","НЕ ГОТОВО")) | BQ51: =IF(BP51<>"ГОТОВО","","Полное заключение: "&A51&", скв. "&B51&". МРП: "&E51&" сут. ГНО: "&F51&"; причина: "&X51&"; категория: "&Y51&"; решение комиссии: "&BN51&".") | BR51: TRN-16-F2; Повтор с корректировкой; Синтетическая учебная запись.
A52: Луговое учебное | B52: 116 | C52: 19.02.2025 | D52: 24.07.2026 | E52: 520 | F52: УЭЦН | G52: УЭЦН · учебный типоразмер | H52: =IF('Оперативный ввод'!H52="","",'Оперативный ввод'!H52) | K52: Учебное исполнение 04 | L52: Отказ | M52: Рост вязкости и замедленное водоотделение | N52: Насос / выкидная линия | O52: Рост вязкости и замедленное водоотделение | P52: Высокая вязкость / эмульсия | R52: =IF('Оперативный ввод'!R52="","",'Оперативный ввод'!R52) | S52: =IF(AND(A52="",B52=""),"",IF(AND(A52<>"",B52<>"",C52<>"",D52<>"",F52<>"",G52<>"",K52<>"",ISERROR(SEARCH("по паспорту",G52)),ISERROR(SEARCH("по паспорту",K52)),L52<>"",M52<>"",N52<>"",O52<>"",P52<>""),"ГОТОВО","НЕ ГОТОВО")) | T52: =IF(S52<>"ГОТОВО","", "Предварительное заключение: "&A52&", скв. "&B52&". МРП: "&E52&" сут. ГНО: "&F52&", типоразмеры "&G52&IF(H52<>"",", "&H52,"")&IF(I52<>"",", "&I52,"")&IF(J52<>"",", "&J52,"")&", марка "&K52&". Событие: "&L52&". Признак: "&M52&". Узел: "&N52&". Предварительная причина: "&O52&". Основное осложнение: "&P52&IF(Q52<>"","; сопутствующее: "&Q52,"")&IF(R52<>"","; дополнительно: "&R52,"")&".") | U52: Учебное мероприятие №3 | V52: =IF('Оперативный ввод'!T52="","",'Оперативный ввод'!T52) | W52: Насос / выкидная линия | X52: Рост вязкости и замедленное водоотделение | Y52: В2 | Z52: Штатный режим / предыдущее мероприятие | AA52: Учебное значение заполнено для проверки полного шаблона | AB52: Подбор деэмульгатора | AC52: Учебное значение заполнено для проверки полного шаблона | AD52: Лабораторный паспорт TRN-16-L3 | AE52: Учебный разбор заполнен | AF52: Синтетический учебный кейс | AG52: УЭЦН · учебный типоразмер | AH52: 1115 | AI52: Учебное значение | AJ52: Учебный изготовитель | AK52: Учебный НКТ | AL52: 1235 | AM52: 2023 | AN52: Учебная спуско-подъёмная операция | AO52: Учебное состояние | AP52: Учебный изготовитель | AQ52: Учебное исполнение | AR52: 2023 | AS52: Учебное состояние | AT52: 25 | AU52: 1145 | AV52: Учебное состояние | AW52: 16 | AX52: 1130 | AY52: Учебное состояние | AZ52: Учебный изготовитель | BA52: Учебное исполнение | BB52: 2023 | BC52: Учебное состояние | BD52: Учебный изготовитель | BE52: Учебное исполнение | BF52: 2023 | BG52: Учебное состояние | BH52: Учебный изготовитель | BI52: 247 | BJ52: 494 | BK52: 494 | BL52: 2023 | BM52: Учебная операция | BN52: Учебное заключение по событию 3; не производственный акт. | BO52: Учебный паспорт TRN-16-L3 | BP52: =IF(AND(A52="",B52=""),"",IF(AND(S52="ГОТОВО",U52<>"",W52<>"",X52<>"",AD52<>"",AE52<>"",AF52<>"",BN52<>"",BO52<>""),"ГОТОВО","НЕ ГОТОВО")) | BQ52: =IF(BP52<>"ГОТОВО","","Полное заключение: "&A52&", скв. "&B52&". МРП: "&E52&" сут. ГНО: "&F52&"; причина: "&X52&"; категория: "&Y52&"; решение комиссии: "&BN52&".") | BR52: TRN-16-F3; Новый подбор; Синтетическая учебная запись.
A53: Берёзовское учебное | B53: 117 | C53: 07.11.2023 | D53: 09.10.2024 | E53: 337 | F53: УШГН | G53: УШГН · учебный типоразмер | H53: =IF('Оперативный ввод'!H53="","",'Оперативный ввод'!H53) | K53: Учебное исполнение 05 | L53: Отказ | M53: Локальное истончение металла; повышенное железо | N53: НКТ / муфтовое соединение | O53: Локальное истончение металла; повышенное железо | P53: Коррозия | R53: =IF('Оперативный ввод'!R53="","",'Оперативный ввод'!R53) | S53: =IF(AND(A53="",B53=""),"",IF(AND(A53<>"",B53<>"",C53<>"",D53<>"",F53<>"",G53<>"",K53<>"",ISERROR(SEARCH("по паспорту",G53)),ISERROR(SEARCH("по паспорту",K53)),L53<>"",M53<>"",N53<>"",O53<>"",P53<>""),"ГОТОВО","НЕ ГОТОВО")) | T53: =IF(S53<>"ГОТОВО","", "Предварительное заключение: "&A53&", скв. "&B53&". МРП: "&E53&" сут. ГНО: "&F53&", типоразмеры "&G53&IF(H53<>"",", "&H53,"")&IF(I53<>"",", "&I53,"")&IF(J53<>"",", "&J53,"")&", марка "&K53&". Событие: "&L53&". Признак: "&M53&". Узел: "&N53&". Предварительная причина: "&O53&". Основное осложнение: "&P53&IF(Q53<>"","; сопутствующее: "&Q53,"")&IF(R53<>"","; дополнительно: "&R53,"")&".") | U53: Учебное мероприятие №1 | V53: =IF('Оперативный ввод'!T53="","",'Оперативный ввод'!T53) | W53: НКТ / муфтовое соединение | X53: Локальное истончение металла; повышенное железо | Y53: К2 | Z53: Штатный режим / предыдущее мероприятие | AA53: Учебное значение заполнено для проверки полного шаблона | AB53: Повторная корректировка: Ингибитор коррозии + контроль остатка | AC53: Учебное значение заполнено для проверки полного шаблона | AD53: Лабораторный паспорт TRN-17-L1 | AE53: Учебный разбор заполнен | AF53: Синтетический учебный кейс | AG53: УШГН · учебный типоразмер | AH53: 1152 | AI53: Учебное значение | AJ53: Учебный изготовитель | AK53: Учебный НКТ | AL53: 1272 | AM53: 2021 | AN53: Учебная спуско-подъёмная операция | AO53: Учебное состояние | AP53: Учебный изготовитель | AQ53: Учебное исполнение | AR53: 2021 | AS53: Учебное состояние | AT53: 25 | AU53: 1182 | AV53: Учебное состояние | AW53: 16 | AX53: 1167 | AY53: Учебное состояние | AZ53: Учебный изготовитель | BA53: Учебное исполнение | BB53: 2021 | BC53: Учебное состояние | BD53: Учебный изготовитель | BE53: Учебное исполнение | BF53: 2021 | BG53: Учебное состояние | BH53: Учебный изготовитель | BI53: 254 | BJ53: 508 | BK53: 508 | BL53: 2021 | BM53: Учебная операция | BN53: Учебное заключение по событию 1; не производственный акт. | BO53: Учебный паспорт TRN-17-L1 | BP53: =IF(AND(A53="",B53=""),"",IF(AND(S53="ГОТОВО",U53<>"",W53<>"",X53<>"",AD53<>"",AE53<>"",AF53<>"",BN53<>"",BO53<>""),"ГОТОВО","НЕ ГОТОВО")) | BQ53: =IF(BP53<>"ГОТОВО","","Полное заключение: "&A53&", скв. "&B53&". МРП: "&E53&" сут. ГНО: "&F53&"; причина: "&X53&"; категория: "&Y53&"; решение комиссии: "&BN53&".") | BR53: TRN-17-F1; Повтор с корректировкой; Синтетическая учебная запись.
A54: Берёзовское учебное | B54: 117 | C54: 15.10.2024 | D54: 20.05.2025 | E54: 217 | F54: УШГН | G54: УШГН · учебный типоразмер | H54: =IF('Оперативный ввод'!H54="","",'Оперативный ввод'!H54) | K54: Учебное исполнение 05 | L54: Отказ | M54: Нестабильная подача; повышенный газовый фактор | N54: Газосепаратор | O54: Нестабильная подача; повышенный газовый фактор | P54: Свободный газ | Q54: Свободный газ | R54: =IF('Оперативный ввод'!R54="","",'Оперативный ввод'!R54) | S54: =IF(AND(A54="",B54=""),"",IF(AND(A54<>"",B54<>"",C54<>"",D54<>"",F54<>"",G54<>"",K54<>"",ISERROR(SEARCH("по паспорту",G54)),ISERROR(SEARCH("по паспорту",K54)),L54<>"",M54<>"",N54<>"",O54<>"",P54<>""),"ГОТОВО","НЕ ГОТОВО")) | T54: =IF(S54<>"ГОТОВО","", "Предварительное заключение: "&A54&", скв. "&B54&". МРП: "&E54&" сут. ГНО: "&F54&", типоразмеры "&G54&IF(H54<>"",", "&H54,"")&IF(I54<>"",", "&I54,"")&IF(J54<>"",", "&J54,"")&", марка "&K54&". Событие: "&L54&". Признак: "&M54&". Узел: "&N54&". Предварительная причина: "&O54&". Основное осложнение: "&P54&IF(Q54<>"","; сопутствующее: "&Q54,"")&IF(R54<>"","; дополнительно: "&R54,"")&".") | U54: Учебное мероприятие №2 | V54: =IF('Оперативный ввод'!T54="","",'Оперативный ввод'!T54) | W54: Газосепаратор | X54: Нестабильная подача; повышенный газовый фактор | Y54: Г1 | Z54: Штатный режим / предыдущее мероприятие | AA54: Учебное значение заполнено для проверки полного шаблона | AB54: Подбор газосепаратора | AC54: Учебное значение заполнено для проверки полного шаблона | AD54: Лабораторный паспорт TRN-17-L2 | AE54: Учебный разбор заполнен | AF54: Синтетический учебный кейс | AG54: УШГН · учебный типоразмер | AH54: 1152 | AI54: Учебное значение | AJ54: Учебный изготовитель | AK54: Учебный НКТ | AL54: 1272 | AM54: 2022 | AN54: Учебная спуско-подъёмная операция | AO54: Учебное состояние | AP54: Учебный изготовитель | AQ54: Учебное исполнение | AR54: 2022 | AS54: Учебное состояние | AT54: 25 | AU54: 1182 | AV54: Учебное состояние | AW54: 16 | AX54: 1167 | AY54: Учебное состояние | AZ54: Учебный изготовитель | BA54: Учебное исполнение | BB54: 2022 | BC54: Учебное состояние | BD54: Учебный изготовитель | BE54: Учебное исполнение | BF54: 2022 | BG54: Учебное состояние | BH54: Учебный изготовитель | BI54: 254 | BJ54: 508 | BK54: 508 | BL54: 2022 | BM54: Учебная операция | BN54: Учебное заключение по событию 2; не производственный акт. | BO54: Учебный паспорт TRN-17-L2 | BP54: =IF(AND(A54="",B54=""),"",IF(AND(S54="ГОТОВО",U54<>"",W54<>"",X54<>"",AD54<>"",AE54<>"",AF54<>"",BN54<>"",BO54<>""),"ГОТОВО","НЕ ГОТОВО")) | BQ54: =IF(BP54<>"ГОТОВО","","Полное заключение: "&A54&", скв. "&B54&". МРП: "&E54&" сут. ГНО: "&F54&"; причина: "&X54&"; категория: "&Y54&"; решение комиссии: "&BN54&".") | BR54: TRN-17-F2; Новый подбор; Синтетическая учебная запись.
A55: Берёзовское учебное | B55: 117 | C55: 27.05.2025 | D55: 05.10.2026 | E55: 496 | F55: УШГН | G55: УШГН · учебный типоразмер | H55: =IF('Оперативный ввод'!H55="","",'Оперативный ввод'!H55) | K55: Учебное исполнение 05 | L55: Отказ | M55: Низкая температура и влажный газ | N55: Устьевая арматура / линия | O55: Низкая температура и влажный газ | P55: Гидраты | R55: =IF('Оперативный ввод'!R55="","",'Оперативный ввод'!R55) | S55: =IF(AND(A55="",B55=""),"",IF(AND(A55<>"",B55<>"",C55<>"",D55<>"",F55<>"",G55<>"",K55<>"",ISERROR(SEARCH("по паспорту",G55)),ISERROR(SEARCH("по паспорту",K55)),L55<>"",M55<>"",N55<>"",O55<>"",P55<>""),"ГОТОВО","НЕ ГОТОВО")) | T55: =IF(S55<>"ГОТОВО","", "Предварительное заключение: "&A55&", скв. "&B55&". МРП: "&E55&" сут. ГНО: "&F55&", типоразмеры "&G55&IF(H55<>"",", "&H55,"")&IF(I55<>"",", "&I55,"")&IF(J55<>"",", "&J55,"")&", марка "&K55&". Событие: "&L55&". Признак: "&M55&". Узел: "&N55&". Предварительная причина: "&O55&". Основное осложнение: "&P55&IF(Q55<>"","; сопутствующее: "&Q55,"")&IF(R55<>"","; дополнительно: "&R55,"")&".") | U55: Учебное мероприятие №3 | V55: =IF('Оперативный ввод'!T55="","",'Оперативный ввод'!T55) | W55: Устьевая арматура / линия | X55: Низкая температура и влажный газ | Y55: Гд1 | Z55: Штатный режим / предыдущее мероприятие | AA55: Учебное значение заполнено для проверки полного шаблона | AB55: Повторная корректировка: Тепловой режим + ингибитор гидратов | AC55: Учебное значение заполнено для проверки полного шаблона | AD55: Лабораторный паспорт TRN-17-L3 | AE55: Учебный разбор заполнен | AF55: Синтетический учебный кейс | AG55: УШГН · учебный типоразмер | AH55: 1152 | AI55: Учебное значение | AJ55: Учебный изготовитель | AK55: Учебный НКТ | AL55: 1272 | AM55: 2023 | AN55: Учебная спуско-подъёмная операция | AO55: Учебное состояние | AP55: Учебный изготовитель | AQ55: Учебное исполнение | AR55: 2023 | AS55: Учебное состояние | AT55: 25 | AU55: 1182 | AV55: Учебное состояние | AW55: 16 | AX55: 1167 | AY55: Учебное состояние | AZ55: Учебный изготовитель | BA55: Учебное исполнение | BB55: 2023 | BC55: Учебное состояние | BD55: Учебный изготовитель | BE55: Учебное исполнение | BF55: 2023 | BG55: Учебное состояние | BH55: Учебный изготовитель | BI55: 254 | BJ55: 508 | BK55: 508 | BL55: 2023 | BM55: Учебная операция | BN55: Учебное заключение по событию 3; не производственный акт. | BO55: Учебный паспорт TRN-17-L3 | BP55: =IF(AND(A55="",B55=""),"",IF(AND(S55="ГОТОВО",U55<>"",W55<>"",X55<>"",AD55<>"",AE55<>"",AF55<>"",BN55<>"",BO55<>""),"ГОТОВО","НЕ ГОТОВО")) | BQ55: =IF(BP55<>"ГОТОВО","","Полное заключение: "&A55&", скв. "&B55&". МРП: "&E55&" сут. ГНО: "&F55&"; причина: "&X55&"; категория: "&Y55&"; решение комиссии: "&BN55&".") | BR55: TRN-17-F3; Повтор с корректировкой; Синтетическая учебная запись.
A56: Уральское учебное | B56: 118 | C56: 08.11.2023 | D56: 16.03.2024 | E56: 129 | F56: Фонтанный | G56: Фонтанный · учебный типоразмер | H56: =IF('Оперативный ввод'!H56="","",'Оперативный ввод'!H56) | K56: Учебное исполнение 06 | L56: Отказ | M56: Рост КВЧ и абразивный износ | N56: Рабочая пара / фильтр | O56: Рост КВЧ и абразивный износ | P56: Механические примеси | R56: =IF('Оперативный ввод'!R56="","",'Оперативный ввод'!R56) | S56: =IF(AND(A56="",B56=""),"",IF(AND(A56<>"",B56<>"",C56<>"",D56<>"",F56<>"",G56<>"",K56<>"",ISERROR(SEARCH("по паспорту",G56)),ISERROR(SEARCH("по паспорту",K56)),L56<>"",M56<>"",N56<>"",O56<>"",P56<>""),"ГОТОВО","НЕ ГОТОВО")) | T56: =IF(S56<>"ГОТОВО","", "Предварительное заключение: "&A56&", скв. "&B56&". МРП: "&E56&" сут. ГНО: "&F56&", типоразмеры "&G56&IF(H56<>"",", "&H56,"")&IF(I56<>"",", "&I56,"")&IF(J56<>"",", "&J56,"")&", марка "&K56&". Событие: "&L56&". Признак: "&M56&". Узел: "&N56&". Предварительная причина: "&O56&". Основное осложнение: "&P56&IF(Q56<>"","; сопутствующее: "&Q56,"")&IF(R56<>"","; дополнительно: "&R56,"")&".") | U56: Учебное мероприятие №1 | V56: =IF('Оперативный ввод'!T56="","",'Оперативный ввод'!T56) | W56: Рабочая пара / фильтр | X56: Рост КВЧ и абразивный износ | Y56: М2 | Z56: Штатный режим / предыдущее мероприятие | AA56: Учебное значение заполнено для проверки полного шаблона | AB56: Фильтрация и контроль фракций | AC56: Учебное значение заполнено для проверки полного шаблона | AD56: Лабораторный паспорт TRN-18-L1 | AE56: Учебный разбор заполнен | AF56: Синтетический учебный кейс | AG56: Фонтанный · учебный типоразмер | AH56: 1189 | AI56: Учебное значение | AJ56: Учебный изготовитель | AK56: Учебный НКТ | AL56: 1309 | AM56: 2021 | AN56: Учебная спуско-подъёмная операция | AO56: Учебное состояние | AP56: Учебный изготовитель | AQ56: Учебное исполнение | AR56: 2021 | AS56: Учебное состояние | AT56: 25 | AU56: 1219 | AV56: Учебное состояние | AW56: 16 | AX56: 1204 | AY56: Учебное состояние | AZ56: Учебный изготовитель | BA56: Учебное исполнение | BB56: 2021 | BC56: Учебное состояние | BD56: Учебный изготовитель | BE56: Учебное исполнение | BF56: 2021 | BG56: Учебное состояние | BH56: Учебный изготовитель | BI56: 261 | BJ56: 523 | BK56: 523 | BL56: 2021 | BM56: Учебная операция | BN56: Учебное заключение по событию 1; не производственный акт. | BO56: Учебный паспорт TRN-18-L1 | BP56: =IF(AND(A56="",B56=""),"",IF(AND(S56="ГОТОВО",U56<>"",W56<>"",X56<>"",AD56<>"",AE56<>"",AF56<>"",BN56<>"",BO56<>""),"ГОТОВО","НЕ ГОТОВО")) | BQ56: =IF(BP56<>"ГОТОВО","","Полное заключение: "&A56&", скв. "&B56&". МРП: "&E56&" сут. ГНО: "&F56&"; причина: "&X56&"; категория: "&Y56&"; решение комиссии: "&BN56&".") | BR56: TRN-18-F1; Новый подбор; Синтетическая учебная запись.
A57: Уральское учебное | B57: 118 | C57: 23.03.2024 | D57: 01.08.2025 | E57: 496 | F57: Фонтанный | G57: Фонтанный · учебный типоразмер | H57: =IF('Оперативный ввод'!H57="","",'Оперативный ввод'!H57) | K57: Учебное исполнение 06 | L57: Отказ | M57: Микробиологический риск и рост железа | N57: НКТ / защитное покрытие | O57: Микробиологический риск и рост железа | P57: Биокоррозия | Q57: Высокая вязкость / эмульсия | R57: =IF('Оперативный ввод'!R57="","",'Оперативный ввод'!R57) | S57: =IF(AND(A57="",B57=""),"",IF(AND(A57<>"",B57<>"",C57<>"",D57<>"",F57<>"",G57<>"",K57<>"",ISERROR(SEARCH("по паспорту",G57)),ISERROR(SEARCH("по паспорту",K57)),L57<>"",M57<>"",N57<>"",O57<>"",P57<>""),"ГОТОВО","НЕ ГОТОВО")) | T57: =IF(S57<>"ГОТОВО","", "Предварительное заключение: "&A57&", скв. "&B57&". МРП: "&E57&" сут. ГНО: "&F57&", типоразмеры "&G57&IF(H57<>"",", "&H57,"")&IF(I57<>"",", "&I57,"")&IF(J57<>"",", "&J57,"")&", марка "&K57&". Событие: "&L57&". Признак: "&M57&". Узел: "&N57&". Предварительная причина: "&O57&". Основное осложнение: "&P57&IF(Q57<>"","; сопутствующее: "&Q57,"")&IF(R57<>"","; дополнительно: "&R57,"")&".") | U57: Учебное мероприятие №2 | V57: =IF('Оперативный ввод'!T57="","",'Оперативный ввод'!T57) | W57: НКТ / защитное покрытие | X57: Микробиологический риск и рост железа | Y57: К1 | Z57: Штатный режим / предыдущее мероприятие | AA57: Учебное значение заполнено для проверки полного шаблона | AB57: Биоцидная обработка + контроль | AC57: Учебное значение заполнено для проверки полного шаблона | AD57: Лабораторный паспорт TRN-18-L2 | AE57: Учебный разбор заполнен | AF57: Синтетический учебный кейс | AG57: Фонтанный · учебный типоразмер | AH57: 1189 | AI57: Учебное значение | AJ57: Учебный изготовитель | AK57: Учебный НКТ | AL57: 1309 | AM57: 2022 | AN57: Учебная спуско-подъёмная операция | AO57: Учебное состояние | AP57: Учебный изготовитель | AQ57: Учебное исполнение | AR57: 2022 | AS57: Учебное состояние | AT57: 25 | AU57: 1219 | AV57: Учебное состояние | AW57: 16 | AX57: 1204 | AY57: Учебное состояние | AZ57: Учебный изготовитель | BA57: Учебное исполнение | BB57: 2022 | BC57: Учебное состояние | BD57: Учебный изготовитель | BE57: Учебное исполнение | BF57: 2022 | BG57: Учебное состояние | BH57: Учебный изготовитель | BI57: 261 | BJ57: 523 | BK57: 523 | BL57: 2022 | BM57: Учебная операция | BN57: Учебное заключение по событию 2; не производственный акт. | BO57: Учебный паспорт TRN-18-L2 | BP57: =IF(AND(A57="",B57=""),"",IF(AND(S57="ГОТОВО",U57<>"",W57<>"",X57<>"",AD57<>"",AE57<>"",AF57<>"",BN57<>"",BO57<>""),"ГОТОВО","НЕ ГОТОВО")) | BQ57: =IF(BP57<>"ГОТОВО","","Полное заключение: "&A57&", скв. "&B57&". МРП: "&E57&" сут. ГНО: "&F57&"; причина: "&X57&"; категория: "&Y57&"; решение комиссии: "&BN57&".") | BR57: TRN-18-F2; Новый подбор; Синтетическая учебная запись.
A58: Уральское учебное | B58: 118 | C58: 09.08.2025 | D58: 12.03.2026 | E58: 215 | F58: Фонтанный | G58: Фонтанный · учебный типоразмер | H58: =IF('Оперативный ввод'!H58="","",'Оперативный ввод'!H58) | K58: Учебное исполнение 06 | L58: Отказ | M58: Локальное истончение металла; повышенное железо | N58: НКТ / муфтовое соединение | O58: Локальное истончение металла; повышенное железо | P58: Коррозия | R58: =IF('Оперативный ввод'!R58="","",'Оперативный ввод'!R58) | S58: =IF(AND(A58="",B58=""),"",IF(AND(A58<>"",B58<>"",C58<>"",D58<>"",F58<>"",G58<>"",K58<>"",ISERROR(SEARCH("по паспорту",G58)),ISERROR(SEARCH("по паспорту",K58)),L58<>"",M58<>"",N58<>"",O58<>"",P58<>""),"ГОТОВО","НЕ ГОТОВО")) | T58: =IF(S58<>"ГОТОВО","", "Предварительное заключение: "&A58&", скв. "&B58&". МРП: "&E58&" сут. ГНО: "&F58&", типоразмеры "&G58&IF(H58<>"",", "&H58,"")&IF(I58<>"",", "&I58,"")&IF(J58<>"",", "&J58,"")&", марка "&K58&". Событие: "&L58&". Признак: "&M58&". Узел: "&N58&". Предварительная причина: "&O58&". Основное осложнение: "&P58&IF(Q58<>"","; сопутствующее: "&Q58,"")&IF(R58<>"","; дополнительно: "&R58,"")&".") | U58: Учебное мероприятие №3 | V58: =IF('Оперативный ввод'!T58="","",'Оперативный ввод'!T58) | W58: НКТ / муфтовое соединение | X58: Локальное истончение металла; повышенное железо | Y58: К2 | Z58: Штатный режим / предыдущее мероприятие | AA58: Учебное значение заполнено для проверки полного шаблона | AB58: Ингибитор коррозии + контроль остатка | AC58: Учебное значение заполнено для проверки полного шаблона | AD58: Лабораторный паспорт TRN-18-L3 | AE58: Учебный разбор заполнен | AF58: Синтетический учебный кейс | AG58: Фонтанный · учебный типоразмер | AH58: 1189 | AI58: Учебное значение | AJ58: Учебный изготовитель | AK58: Учебный НКТ | AL58: 1309 | AM58: 2023 | AN58: Учебная спуско-подъёмная операция | AO58: Учебное состояние | AP58: Учебный изготовитель | AQ58: Учебное исполнение | AR58: 2023 | AS58: Учебное состояние | AT58: 25 | AU58: 1219 | AV58: Учебное состояние | AW58: 16 | AX58: 1204 | AY58: Учебное состояние | AZ58: Учебный изготовитель | BA58: Учебное исполнение | BB58: 2023 | BC58: Учебное состояние | BD58: Учебный изготовитель | BE58: Учебное исполнение | BF58: 2023 | BG58: Учебное состояние | BH58: Учебный изготовитель | BI58: 261 | BJ58: 523 | BK58: 523 | BL58: 2023 | BM58: Учебная операция | BN58: Учебное заключение по событию 3; не производственный акт. | BO58: Учебный паспорт TRN-18-L3 | BP58: =IF(AND(A58="",B58=""),"",IF(AND(S58="ГОТОВО",U58<>"",W58<>"",X58<>"",AD58<>"",AE58<>"",AF58<>"",BN58<>"",BO58<>""),"ГОТОВО","НЕ ГОТОВО")) | BQ58: =IF(BP58<>"ГОТОВО","","Полное заключение: "&A58&", скв. "&B58&". МРП: "&E58&" сут. ГНО: "&F58&"; причина: "&X58&"; категория: "&Y58&"; решение комиссии: "&BN58&".") | BR58: TRN-18-F3; Новый подбор; Синтетическая учебная запись.
A59: Верхнее учебное | B59: 119 | C59: 09.11.2023 | D59: 23.06.2024 | E59: 227 | F59: УЭВН | G59: УЭВН · учебный типоразмер | H59: =IF('Оперативный ввод'!H59="","",'Оперативный ввод'!H59) | K59: Учебное исполнение 01 | L59: Отказ | M59: Парафиновые отложения; падение подачи | N59: Приёмная часть насоса | O59: Парафиновые отложения; падение подачи | P59: АСПО | R59: =IF('Оперативный ввод'!R59="","",'Оперативный ввод'!R59) | S59: =IF(AND(A59="",B59=""),"",IF(AND(A59<>"",B59<>"",C59<>"",D59<>"",F59<>"",G59<>"",K59<>"",ISERROR(SEARCH("по паспорту",G59)),ISERROR(SEARCH("по паспорту",K59)),L59<>"",M59<>"",N59<>"",O59<>"",P59<>""),"ГОТОВО","НЕ ГОТОВО")) | T59: =IF(S59<>"ГОТОВО","", "Предварительное заключение: "&A59&", скв. "&B59&". МРП: "&E59&" сут. ГНО: "&F59&", типоразмеры "&G59&IF(H59<>"",", "&H59,"")&IF(I59<>"",", "&I59,"")&IF(J59<>"",", "&J59,"")&", марка "&K59&". Событие: "&L59&". Признак: "&M59&". Узел: "&N59&". Предварительная причина: "&O59&". Основное осложнение: "&P59&IF(Q59<>"","; сопутствующее: "&Q59,"")&IF(R59<>"","; дополнительно: "&R59,"")&".") | U59: Учебное мероприятие №1 | V59: =IF('Оперативный ввод'!T59="","",'Оперативный ввод'!T59) | W59: Приёмная часть насоса | X59: Парафиновые отложения; падение подачи | Y59: А2 | Z59: Штатный режим / предыдущее мероприятие | AA59: Учебное значение заполнено для проверки полного шаблона | AB59: Подбор растворителя и профилактики | AC59: Учебное значение заполнено для проверки полного шаблона | AD59: Лабораторный паспорт TRN-19-L1 | AE59: Учебный разбор заполнен | AF59: Синтетический учебный кейс | AG59: УЭВН · учебный типоразмер | AH59: 1226 | AI59: Учебное значение | AJ59: Учебный изготовитель | AK59: Учебный НКТ | AL59: 1346 | AM59: 2021 | AN59: Учебная спуско-подъёмная операция | AO59: Учебное состояние | AP59: Учебный изготовитель | AQ59: Учебное исполнение | AR59: 2021 | AS59: Учебное состояние | AT59: 25 | AU59: 1256 | AV59: Учебное состояние | AW59: 16 | AX59: 1241 | AY59: Учебное состояние | AZ59: Учебный изготовитель | BA59: Учебное исполнение | BB59: 2021 | BC59: Учебное состояние | BD59: Учебный изготовитель | BE59: Учебное исполнение | BF59: 2021 | BG59: Учебное состояние | BH59: Учебный изготовитель | BI59: 269 | BJ59: 538 | BK59: 538 | BL59: 2021 | BM59: Учебная операция | BN59: Учебное заключение по событию 1; не производственный акт. | BO59: Учебный паспорт TRN-19-L1 | BP59: =IF(AND(A59="",B59=""),"",IF(AND(S59="ГОТОВО",U59<>"",W59<>"",X59<>"",AD59<>"",AE59<>"",AF59<>"",BN59<>"",BO59<>""),"ГОТОВО","НЕ ГОТОВО")) | BQ59: =IF(BP59<>"ГОТОВО","","Полное заключение: "&A59&", скв. "&B59&". МРП: "&E59&" сут. ГНО: "&F59&"; причина: "&X59&"; категория: "&Y59&"; решение комиссии: "&BN59&".") | BR59: TRN-19-F1; Новый подбор; Синтетическая учебная запись.
A60: Верхнее учебное | B60: 119 | C60: 01.07.2024 | D60: 08.11.2025 | E60: 495 | F60: УЭВН | G60: УЭВН · учебный типоразмер | H60: =IF('Оперативный ввод'!H60="","",'Оперативный ввод'!H60) | K60: Учебное исполнение 01 | L60: Отказ | M60: Рост вязкости и замедленное водоотделение | N60: Насос / выкидная линия | O60: Рост вязкости и замедленное водоотделение | P60: Высокая вязкость / эмульсия | Q60: Биокоррозия | R60: =IF('Оперативный ввод'!R60="","",'Оперативный ввод'!R60) | S60: =IF(AND(A60="",B60=""),"",IF(AND(A60<>"",B60<>"",C60<>"",D60<>"",F60<>"",G60<>"",K60<>"",ISERROR(SEARCH("по паспорту",G60)),ISERROR(SEARCH("по паспорту",K60)),L60<>"",M60<>"",N60<>"",O60<>"",P60<>""),"ГОТОВО","НЕ ГОТОВО")) | T60: =IF(S60<>"ГОТОВО","", "Предварительное заключение: "&A60&", скв. "&B60&". МРП: "&E60&" сут. ГНО: "&F60&", типоразмеры "&G60&IF(H60<>"",", "&H60,"")&IF(I60<>"",", "&I60,"")&IF(J60<>"",", "&J60,"")&", марка "&K60&". Событие: "&L60&". Признак: "&M60&". Узел: "&N60&". Предварительная причина: "&O60&". Основное осложнение: "&P60&IF(Q60<>"","; сопутствующее: "&Q60,"")&IF(R60<>"","; дополнительно: "&R60,"")&".") | U60: Учебное мероприятие №2 | V60: =IF('Оперативный ввод'!T60="","",'Оперативный ввод'!T60) | W60: Насос / выкидная линия | X60: Рост вязкости и замедленное водоотделение | Y60: В2 | Z60: Штатный режим / предыдущее мероприятие | AA60: Учебное значение заполнено для проверки полного шаблона | AB60: Подбор деэмульгатора | AC60: Учебное значение заполнено для проверки полного шаблона | AD60: Лабораторный паспорт TRN-19-L2 | AE60: Учебный разбор заполнен | AF60: Синтетический учебный кейс | AG60: УЭВН · учебный типоразмер | AH60: 1226 | AI60: Учебное значение | AJ60: Учебный изготовитель | AK60: Учебный НКТ | AL60: 1346 | AM60: 2022 | AN60: Учебная спуско-подъёмная операция | AO60: Учебное состояние | AP60: Учебный изготовитель | AQ60: Учебное исполнение | AR60: 2022 | AS60: Учебное состояние | AT60: 25 | AU60: 1256 | AV60: Учебное состояние | AW60: 16 | AX60: 1241 | AY60: Учебное состояние | AZ60: Учебный изготовитель | BA60: Учебное исполнение | BB60: 2022 | BC60: Учебное состояние | BD60: Учебный изготовитель | BE60: Учебное исполнение | BF60: 2022 | BG60: Учебное состояние | BH60: Учебный изготовитель | BI60: 269 | BJ60: 538 | BK60: 538 | BL60: 2022 | BM60: Учебная операция | BN60: Учебное заключение по событию 2; не производственный акт. | BO60: Учебный паспорт TRN-19-L2 | BP60: =IF(AND(A60="",B60=""),"",IF(AND(S60="ГОТОВО",U60<>"",W60<>"",X60<>"",AD60<>"",AE60<>"",AF60<>"",BN60<>"",BO60<>""),"ГОТОВО","НЕ ГОТОВО")) | BQ60: =IF(BP60<>"ГОТОВО","","Полное заключение: "&A60&", скв. "&B60&". МРП: "&E60&" сут. ГНО: "&F60&"; причина: "&X60&"; категория: "&Y60&"; решение комиссии: "&BN60&".") | BR60: TRN-19-F2; Новый подбор; Синтетическая учебная запись.
