Workbook
Name pump: 'Справочники'!$AN$2:$AN$6
Name event: 'Справочники'!$AO$2:$AO$8
Name sign_esp: 'Справочники'!$AP$2:$AP$21
Name sign_shgn: 'Справочники'!$AQ$2:$AQ$14
Name sign_vin: 'Справочники'!$AR$2:$AR$12
Name sign_npu: 'Справочники'!$AS$2:$AS$10
Name node_esp: 'Справочники'!$AT$2:$AT$22
Name node_shgn: 'Справочники'!$AU$2:$AU$15
Name node_vin: 'Справочники'!$AV$2:$AV$12
Name node_npu: 'Справочники'!$AW$2:$AW$10
Name cause_esp: 'Справочники'!$AX$2:$AX$89
Name cause_shgn: 'Справочники'!$AY$2:$AY$57
Name comp: 'Справочники'!$AZ$2:$AZ$23
Name repair: 'Справочники'!$BA$2:$BA$146
Name damage_esp: 'Справочники'!$BB$2:$BB$21
Name damage_shgn: 'Справочники'!$BC$2:$BC$16
Name damage_vin: 'Справочники'!$BD$2:$BD$15
Name damage_npu: 'Справочники'!$BE$2:$BE$13
Name proof: 'Справочники'!$BF$2:$BF$15
Name status: 'Справочники'!$BG$2:$BG$7
Name confidence: 'Справочники'!$BH$2:$BH$5
Name method: 'Справочники'!$BI$2:$BI$33
Name size_shgn: 'Справочники'!$BJ$2:$BJ$7
Name size_esp: 'Справочники'!$BK$2:$BK$4
Name size_evn: 'Справочники'!$BL$2:$BL$2
Name brand_shgn: 'Справочники'!$BM$2:$BM$7
Name brand_esp: 'Справочники'!$BN$2:$BN$3
Name brand_evn: 'Справочники'!$BO$2:$BO$11
Name brand_npu: 'Справочники'!$BP$2:$BP$2
Name condition: 'Справочники'!$BQ$2:$BQ$5
Name tubing: 'Справочники'!$BR$2:$BR$5
Name workover: 'Справочники'!$BS$2:$BS$5
Name nominal: 'Справочники'!$BT$2:$BT$7
Name empty: 'Справочники'!$BU$2:$BU$2
Name size_shvn: 'Справочники'!$BV$2:$BV$2
Name size_npu: 'Справочники'!$BW$2:$BW$2
Name brand_shvn: 'Справочники'!$BX$2:$BX$2
Name cause_npu: 'Справочники'!$BY$2:$BY$2
Name sign_shvn: 'Справочники'!$BZ$2:$BZ$10
Name sign_evn: 'Справочники'!$CA$2:$CA$20
Name node_shvn: 'Справочники'!$CB$2:$CB$13
Name node_evn: 'Справочники'!$CC$2:$CC$19
Name damage_shvn: 'Справочники'!$CD$2:$CD$15
Name damage_evn: 'Справочники'!$CE$2:$CE$19
Name size_all: 'Справочники'!$CF$2:$CF$13
Name brand_all: 'Справочники'!$CG$2:$CG$21
Name sign_all: 'Справочники'!$CH$2:$CH$28
Name node_all: 'Справочники'!$CI$2:$CI$32
Name cause_all: 'Справочники'!$CJ$2:$CJ$146
Name damage_all: 'Справочники'!$CK$2:$CK$24
Name equip_motor_maker: OFFSET('Справочники'!$CL$2,0,0,2+MIN(COUNT('Справочники'!$DI$2:$DI$1201),200),1)
Name equip_motor_size: 'Справочники'!$CM$2:$CM$7
Name equip_cable: 'Справочники'!$CN$2:$CN$6
Name equip_extension: 'Справочники'!$CO$2:$CO$4
Name equip_hydro_maker: OFFSET('Справочники'!$CP$2,0,0,2+MIN(COUNT('Справочники'!$DJ$2:$DJ$1201),200),1)
Name equip_hydro_size: 'Справочники'!$CQ$2:$CQ$9
Name equip_tms_maker: OFFSET('Справочники'!$CR$2,0,0,1+MIN(COUNT('Справочники'!$DK$2:$DK$1201),200),1)
Name equip_tms_size: 'Справочники'!$CS$2:$CS$6
Name equip_pump_shgn: OFFSET('Справочники'!$CT$2,0,0,1+MIN(COUNT('Справочники'!$DC$2:$DC$1201),200),1)
Name equip_pump_esp: OFFSET('Справочники'!$CU$2,0,0,2+MIN(COUNT('Справочники'!$DD$2:$DD$1201),200),1)

Sheet Оперативный ввод
A1: РОСА — ОПЕРАТИВНОЕ ВНЕСЕНИЕ ДАННЫХ ПО ОТКАЗАМ
A2: Быстрый ввод события. Общие данные автоматически дублируются в подробный лист «История отказов». Подробную комплектацию и расширенное расследование дополняйте там.
A3: ОБЪЕКТ | C3: ЦИКЛ И ГНО | J3: ПРЕДВАРИТЕЛЬНАЯ ОЦЕНКА | P3: БЫСТРОЕ УТОЧНЕНИЕ | X3: КОММЕНТАРИЙ | Y3: АВТОМАТИЧЕСКИ
A4: Месторождение* | B4: № скважины* | C4: Дата пуска* | D4: Дата отказа / окончания* | E4: МРП, сут. (авто) | F4: Способ эксплуатации* | G4: Типоразмер ГНО* | H4: Марка ГНО* | I4: Тип события* | J4: Признак / предпосылка* | K4: Отказавший узел* | L4: Предварительная причина* | M4: Основная категория осложнения* | N4: Сопутствующее осложнение 1 | O4: Сопутствующее осложнение 2 | P4: ТКРС 1 | Q4: ТКРС 2 | R4: Вид повреждения | S4: Итоговая причина | T4: Уточнённая категория осложнения | U4: Подтверждение | V4: Статус расследования | W4: Достоверность | X4: Комментарий | Y4: Статус предварительного (авто) | Z4: Предварительное заключение (авто)
E5: =IF(OR(C5="",D5=""),"",D5-C5) | Y5: =IF(AND(A5="",B5=""),"",IF(AND(A5<>"",B5<>"",C5<>"",D5<>"",F5<>"",G5<>"",H5<>"",ISERROR(SEARCH("по паспорту",G5)),ISERROR(SEARCH("по паспорту",H5)),I5<>"",J5<>"",K5<>"",L5<>"",M5<>""),"ГОТОВО","НЕ ГОТОВО")) | Z5: =IF(Y5<>"ГОТОВО","", "Предварительное заключение: "&A5&", скв. "&B5&". МРП: "&E5&" сут. ГНО: "&F5&", типоразмер "&G5&", марка "&H5&". Событие: "&I5&". Признак: "&J5&". Узел: "&K5&". Предварительная причина: "&L5&". Основное осложнение: "&M5&IF(N5<>"","; сопутствующее: "&N5,"")&IF(O5<>"","; дополнительно: "&O5,"")&".")
E6: =IF(OR(C6="",D6=""),"",D6-C6) | Y6: =IF(AND(A6="",B6=""),"",IF(AND(A6<>"",B6<>"",C6<>"",D6<>"",F6<>"",G6<>"",H6<>"",ISERROR(SEARCH("по паспорту",G6)),ISERROR(SEARCH("по паспорту",H6)),I6<>"",J6<>"",K6<>"",L6<>"",M6<>""),"ГОТОВО","НЕ ГОТОВО")) | Z6: =IF(Y6<>"ГОТОВО","", "Предварительное заключение: "&A6&", скв. "&B6&". МРП: "&E6&" сут. ГНО: "&F6&", типоразмер "&G6&", марка "&H6&". Событие: "&I6&". Признак: "&J6&". Узел: "&K6&". Предварительная причина: "&L6&". Основное осложнение: "&M6&IF(N6<>"","; сопутствующее: "&N6,"")&IF(O6<>"","; дополнительно: "&O6,"")&".")
E7: =IF(OR(C7="",D7=""),"",D7-C7) | Y7: =IF(AND(A7="",B7=""),"",IF(AND(A7<>"",B7<>"",C7<>"",D7<>"",F7<>"",G7<>"",H7<>"",ISERROR(SEARCH("по паспорту",G7)),ISERROR(SEARCH("по паспорту",H7)),I7<>"",J7<>"",K7<>"",L7<>"",M7<>""),"ГОТОВО","НЕ ГОТОВО")) | Z7: =IF(Y7<>"ГОТОВО","", "Предварительное заключение: "&A7&", скв. "&B7&". МРП: "&E7&" сут. ГНО: "&F7&", типоразмер "&G7&", марка "&H7&". Событие: "&I7&". Признак: "&J7&". Узел: "&K7&". Предварительная причина: "&L7&". Основное осложнение: "&M7&IF(N7<>"","; сопутствующее: "&N7,"")&IF(O7<>"","; дополнительно: "&O7,"")&".")
E8: =IF(OR(C8="",D8=""),"",D8-C8) | Y8: =IF(AND(A8="",B8=""),"",IF(AND(A8<>"",B8<>"",C8<>"",D8<>"",F8<>"",G8<>"",H8<>"",ISERROR(SEARCH("по паспорту",G8)),ISERROR(SEARCH("по паспорту",H8)),I8<>"",J8<>"",K8<>"",L8<>"",M8<>""),"ГОТОВО","НЕ ГОТОВО")) | Z8: =IF(Y8<>"ГОТОВО","", "Предварительное заключение: "&A8&", скв. "&B8&". МРП: "&E8&" сут. ГНО: "&F8&", типоразмер "&G8&", марка "&H8&". Событие: "&I8&". Признак: "&J8&". Узел: "&K8&". Предварительная причина: "&L8&". Основное осложнение: "&M8&IF(N8<>"","; сопутствующее: "&N8,"")&IF(O8<>"","; дополнительно: "&O8,"")&".")
E9: =IF(OR(C9="",D9=""),"",D9-C9) | Y9: =IF(AND(A9="",B9=""),"",IF(AND(A9<>"",B9<>"",C9<>"",D9<>"",F9<>"",G9<>"",H9<>"",ISERROR(SEARCH("по паспорту",G9)),ISERROR(SEARCH("по паспорту",H9)),I9<>"",J9<>"",K9<>"",L9<>"",M9<>""),"ГОТОВО","НЕ ГОТОВО")) | Z9: =IF(Y9<>"ГОТОВО","", "Предварительное заключение: "&A9&", скв. "&B9&". МРП: "&E9&" сут. ГНО: "&F9&", типоразмер "&G9&", марка "&H9&". Событие: "&I9&". Признак: "&J9&". Узел: "&K9&". Предварительная причина: "&L9&". Основное осложнение: "&M9&IF(N9<>"","; сопутствующее: "&N9,"")&IF(O9<>"","; дополнительно: "&O9,"")&".")
E10: =IF(OR(C10="",D10=""),"",D10-C10) | Y10: =IF(AND(A10="",B10=""),"",IF(AND(A10<>"",B10<>"",C10<>"",D10<>"",F10<>"",G10<>"",H10<>"",ISERROR(SEARCH("по паспорту",G10)),ISERROR(SEARCH("по паспорту",H10)),I10<>"",J10<>"",K10<>"",L10<>"",M10<>""),"ГОТОВО","НЕ ГОТОВО")) | Z10: =IF(Y10<>"ГОТОВО","", "Предварительное заключение: "&A10&", скв. "&B10&". МРП: "&E10&" сут. ГНО: "&F10&", типоразмер "&G10&", марка "&H10&". Событие: "&I10&". Признак: "&J10&". Узел: "&K10&". Предварительная причина: "&L10&". Основное осложнение: "&M10&IF(N10<>"","; сопутствующее: "&N10,"")&IF(O10<>"","; дополнительно: "&O10,"")&".")
E11: =IF(OR(C11="",D11=""),"",D11-C11) | Y11: =IF(AND(A11="",B11=""),"",IF(AND(A11<>"",B11<>"",C11<>"",D11<>"",F11<>"",G11<>"",H11<>"",ISERROR(SEARCH("по паспорту",G11)),ISERROR(SEARCH("по паспорту",H11)),I11<>"",J11<>"",K11<>"",L11<>"",M11<>""),"ГОТОВО","НЕ ГОТОВО")) | Z11: =IF(Y11<>"ГОТОВО","", "Предварительное заключение: "&A11&", скв. "&B11&". МРП: "&E11&" сут. ГНО: "&F11&", типоразмер "&G11&", марка "&H11&". Событие: "&I11&". Признак: "&J11&". Узел: "&K11&". Предварительная причина: "&L11&". Основное осложнение: "&M11&IF(N11<>"","; сопутствующее: "&N11,"")&IF(O11<>"","; дополнительно: "&O11,"")&".")
E12: =IF(OR(C12="",D12=""),"",D12-C12) | Y12: =IF(AND(A12="",B12=""),"",IF(AND(A12<>"",B12<>"",C12<>"",D12<>"",F12<>"",G12<>"",H12<>"",ISERROR(SEARCH("по паспорту",G12)),ISERROR(SEARCH("по паспорту",H12)),I12<>"",J12<>"",K12<>"",L12<>"",M12<>""),"ГОТОВО","НЕ ГОТОВО")) | Z12: =IF(Y12<>"ГОТОВО","", "Предварительное заключение: "&A12&", скв. "&B12&". МРП: "&E12&" сут. ГНО: "&F12&", типоразмер "&G12&", марка "&H12&". Событие: "&I12&". Признак: "&J12&". Узел: "&K12&". Предварительная причина: "&L12&". Основное осложнение: "&M12&IF(N12<>"","; сопутствующее: "&N12,"")&IF(O12<>"","; дополнительно: "&O12,"")&".")
E13: =IF(OR(C13="",D13=""),"",D13-C13) | Y13: =IF(AND(A13="",B13=""),"",IF(AND(A13<>"",B13<>"",C13<>"",D13<>"",F13<>"",G13<>"",H13<>"",ISERROR(SEARCH("по паспорту",G13)),ISERROR(SEARCH("по паспорту",H13)),I13<>"",J13<>"",K13<>"",L13<>"",M13<>""),"ГОТОВО","НЕ ГОТОВО")) | Z13: =IF(Y13<>"ГОТОВО","", "Предварительное заключение: "&A13&", скв. "&B13&". МРП: "&E13&" сут. ГНО: "&F13&", типоразмер "&G13&", марка "&H13&". Событие: "&I13&". Признак: "&J13&". Узел: "&K13&". Предварительная причина: "&L13&". Основное осложнение: "&M13&IF(N13<>"","; сопутствующее: "&N13,"")&IF(O13<>"","; дополнительно: "&O13,"")&".")
E14: =IF(OR(C14="",D14=""),"",D14-C14) | Y14: =IF(AND(A14="",B14=""),"",IF(AND(A14<>"",B14<>"",C14<>"",D14<>"",F14<>"",G14<>"",H14<>"",ISERROR(SEARCH("по паспорту",G14)),ISERROR(SEARCH("по паспорту",H14)),I14<>"",J14<>"",K14<>"",L14<>"",M14<>""),"ГОТОВО","НЕ ГОТОВО")) | Z14: =IF(Y14<>"ГОТОВО","", "Предварительное заключение: "&A14&", скв. "&B14&". МРП: "&E14&" сут. ГНО: "&F14&", типоразмер "&G14&", марка "&H14&". Событие: "&I14&". Признак: "&J14&". Узел: "&K14&". Предварительная причина: "&L14&". Основное осложнение: "&M14&IF(N14<>"","; сопутствующее: "&N14,"")&IF(O14<>"","; дополнительно: "&O14,"")&".")
E15: =IF(OR(C15="",D15=""),"",D15-C15) | Y15: =IF(AND(A15="",B15=""),"",IF(AND(A15<>"",B15<>"",C15<>"",D15<>"",F15<>"",G15<>"",H15<>"",ISERROR(SEARCH("по паспорту",G15)),ISERROR(SEARCH("по паспорту",H15)),I15<>"",J15<>"",K15<>"",L15<>"",M15<>""),"ГОТОВО","НЕ ГОТОВО")) | Z15: =IF(Y15<>"ГОТОВО","", "Предварительное заключение: "&A15&", скв. "&B15&". МРП: "&E15&" сут. ГНО: "&F15&", типоразмер "&G15&", марка "&H15&". Событие: "&I15&". Признак: "&J15&". Узел: "&K15&". Предварительная причина: "&L15&". Основное осложнение: "&M15&IF(N15<>"","; сопутствующее: "&N15,"")&IF(O15<>"","; дополнительно: "&O15,"")&".")
E16: =IF(OR(C16="",D16=""),"",D16-C16) | Y16: =IF(AND(A16="",B16=""),"",IF(AND(A16<>"",B16<>"",C16<>"",D16<>"",F16<>"",G16<>"",H16<>"",ISERROR(SEARCH("по паспорту",G16)),ISERROR(SEARCH("по паспорту",H16)),I16<>"",J16<>"",K16<>"",L16<>"",M16<>""),"ГОТОВО","НЕ ГОТОВО")) | Z16: =IF(Y16<>"ГОТОВО","", "Предварительное заключение: "&A16&", скв. "&B16&". МРП: "&E16&" сут. ГНО: "&F16&", типоразмер "&G16&", марка "&H16&". Событие: "&I16&". Признак: "&J16&". Узел: "&K16&". Предварительная причина: "&L16&". Основное осложнение: "&M16&IF(N16<>"","; сопутствующее: "&N16,"")&IF(O16<>"","; дополнительно: "&O16,"")&".")
... E1204: =IF(OR(C1204="",D1204=""),"",D1204-C1204) | Y1204: =IF(AND(A1204="",B1204=""),"",IF(AND(A1204<>"",B1204<>"",C1204<>"",D1204<>"",F1204<>"",G1204<>"",H1204<>"",ISERROR(SEARCH("по паспорту",G1204)),ISERROR(SEARCH("по паспорту",H1204)),I1204<>"",J1204<>"",K1204<>"",L1204<>"",M1204<>""),"ГОТОВО","НЕ ГОТОВО")) | Z1204: =IF(Y1204<>"ГОТОВО","", "Предварительное заключение: "&A1204&", скв. "&B1204&". МРП: "&E1204&" сут. ГНО: "&F1204&", типоразмер "&G1204&", марка "&H1204&". Событие: "&I1204&". Признак: "&J1204&". Узел: "&K1204&". Предварительная причина: "&L1204&". Основное осложнение: "&M1204&IF(N1204<>"","; сопутствующее: "&N1204,"")&IF(O1204<>"","; дополнительно: "&O1204,"")&".")

Sheet История отказов
A1: РОСА — ПОДРОБНЫЙ НАКОПИТЕЛЬ ИСТОРИИ ОТКАЗОВ
A2: Общие сведения автоматически дублируются с листа «Оперативный ввод». Подробную комплектацию оборудования, методы и результаты расследования дополняйте здесь.
A3: ОБЪЕКТ | C3: ЦИКЛ И ГНО | J3: ПРЕДВАРИТЕЛЬНОЕ ЗАКЛЮЧЕНИЕ | R3: ПОЛНОЕ РАССЛЕДОВАНИЕ | AD3: НАСОС | AF3: НКТ | AJ3: ДВИГАТЕЛЬ | AN3: КАБЕЛЬ | AQ3: УДЛИНИТЕЛЬ | AS3: ГИДРОЗАЩИТА | AW3: ТМС | BB3: ЗАКЛЮЧЕНИЕ КОМИССИИ | BD3: ИТОГ | BF3: КОММЕНТАРИЙ
A4: Месторождение* | B4: № скважины* | C4: Дата пуска* | D4: Дата отказа / окончания* | E4: МРП, сут. (авто) | F4: Способ эксплуатации* | G4: Типоразмер ГНО* | H4: Марка ГНО* | I4: Тип события* | J4: Признак / предпосылка* | K4: Отказавший узел* | L4: Предварительная причина* | M4: Основная категория осложнения* | N4: Сопутствующее осложнение 1 | O4: Сопутствующее осложнение 2 | P4: Статус предварительного (авто) | Q4: Предварительное заключение (авто) | R4: [ДОП] ТКРС 1 | S4: [ДОП] ТКРС 2 | T4: [ДОП] Вид повреждения | U4: [ДОП] Итоговая причина | V4: [ДОП] Уточнённая категория осложнения | W4: [ДОП] Метод до отказа 1 | X4: [ДОП] Метод до отказа 2 | Y4: [ДОП] Метод после отказа 1 | Z4: [ДОП] Метод после отказа 2 | AA4: [ДОП] Подтверждение | AB4: [ДОП] Статус расследования | AC4: [ДОП] Достоверность | AD4: Номинальная подача / размер (ШГН) | AE4: Производитель насоса | AF4: тип НКТ | AG4: длина НКТ | AH4: год НКТ | AI4: СПО | AJ4: состояние до спуска | AK4: Производитель двигателя | AL4: типоразмер двигателя | AM4: год двигателя | AN4: состояние до спуска | AO4: типоразмер кабеля | AP4: длина кабеля | AQ4: состояние до спуска | AR4: типоразмер удлинителя | AS4: длина удлинителя | AT4: состояние до спуска | AU4: Производитель гидрозащиты | AV4: типоразмер гидрозащиты | AW4: год гидрозащиты | AX4: состояние до спуска | AY4: Производитель ТМС | AZ4: типоразмер ТМС | BA4: год ТМС | BB4: [ДОП] Заключение комиссии / акт | BC4: [ДОП] Источник / документ | BD4: Статус полного (авто) | BE4: Полное заключение (авто) | BF4: Комментарий
A5: =IF('Оперативный ввод'!A5="","",'Оперативный ввод'!A5) | B5: =IF('Оперативный ввод'!B5="","",'Оперативный ввод'!B5) | C5: =IF('Оперативный ввод'!C5="","",'Оперативный ввод'!C5) | D5: =IF('Оперативный ввод'!D5="","",'Оперативный ввод'!D5) | E5: =IF(OR(C5="",D5=""),"",D5-C5) | F5: =IF('Оперативный ввод'!F5="","",'Оперативный ввод'!F5) | G5: =IF('Оперативный ввод'!G5="","",'Оперативный ввод'!G5) | H5: =IF('Оперативный ввод'!H5="","",'Оперативный ввод'!H5) | I5: =IF('Оперативный ввод'!I5="","",'Оперативный ввод'!I5) | J5: =IF('Оперативный ввод'!J5="","",'Оперативный ввод'!J5) | K5: =IF('Оперативный ввод'!K5="","",'Оперативный ввод'!K5) | L5: =IF('Оперативный ввод'!L5="","",'Оперативный ввод'!L5) | M5: =IF('Оперативный ввод'!M5="","",'Оперативный ввод'!M5) | ... O5: =IF('Оперативный ввод'!O5="","",'Оперативный ввод'!O5) | P5: =IF(AND(A5="",B5=""),"",IF(AND(A5<>"",B5<>"",C5<>"",D5<>"",F5<>"",G5<>"",H5<>"",ISERROR(SEARCH("по паспорту",G5)),ISERROR(SEARCH("по паспорту",H5)),I5<>"",J5<>"",K5<>"",L5<>"",M5<>""),"ГОТОВО","НЕ ГОТОВО")) | Q5: =IF(P5<>"ГОТОВО","", "Предварительное заключение: "&A5&", скв. "&B5&". МРП: "&E5&" сут. ГНО: "&F5&", типоразмер "&G5&", марка "&H5&". Событие: "&I5&". Признак: "&J5&". Узел: "&K5&". Предварительная причина: "&L5&". Основное осложнение: "&M5&IF(N5<>"","; сопутствующее: "&N5,"")&IF(O5<>"","; дополнительно: "&O5,"")&".") | R5: =IF('Оперативный ввод'!P5="","",'Оперативный ввод'!P5) | S5: =IF('Оперативный ввод'!Q5="","",'Оперативный ввод'!Q5) | T5: =IF('Оперативный ввод'!R5="","",'Оперативный ввод'!R5) | U5: =IF('Оперативный ввод'!S5="","",'Оперативный ввод'!S5) | V5: =IF('Оперативный ввод'!T5="","",'Оперативный ввод'!T5) | AA5: =IF('Оперативный ввод'!U5="","",'Оперативный ввод'!U5) | AB5: =IF('Оперативный ввод'!V5="","",'Оперативный ввод'!V5) | AC5: =IF('Оперативный ввод'!W5="","",'Оперативный ввод'!W5) | BD5: =IF(AND(A5="",B5=""),"",IF(AND(P5="ГОТОВО",R5<>"",T5<>"",U5<>"",AA5<>"",AB5<>"",AC5<>"",BB5<>"",BC5<>""),"ГОТОВО","НЕ ГОТОВО")) | BE5: =IF(BD5<>"ГОТОВО","","Полное заключение: "&A5&", скв. "&B5&". МРП: "&E5&" сут. ГНО: "&F5&"; причина: "&U5&"; категория: "&V5&"; решение комиссии: "&BB5&".") | BF5: =IF('Оперативный ввод'!X5="","",'Оперативный ввод'!X5)
A6: =IF('Оперативный ввод'!A6="","",'Оперативный ввод'!A6) | B6: =IF('Оперативный ввод'!B6="","",'Оперативный ввод'!B6) | C6: =IF('Оперативный ввод'!C6="","",'Оперативный ввод'!C6) | D6: =IF('Оперативный ввод'!D6="","",'Оперативный ввод'!D6) | E6: =IF(OR(C6="",D6=""),"",D6-C6) | F6: =IF('Оперативный ввод'!F6="","",'Оперативный ввод'!F6) | G6: =IF('Оперативный ввод'!G6="","",'Оперативный ввод'!G6) | H6: =IF('Оперативный ввод'!H6="","",'Оперативный ввод'!H6) | I6: =IF('Оперативный ввод'!I6="","",'Оперативный ввод'!I6) | J6: =IF('Оперативный ввод'!J6="","",'Оперативный ввод'!J6) | K6: =IF('Оперативный ввод'!K6="","",'Оперативный ввод'!K6) | L6: =IF('Оперативный ввод'!L6="","",'Оперативный ввод'!L6) | M6: =IF('Оперативный ввод'!M6="","",'Оперативный ввод'!M6) | ... O6: =IF('Оперативный ввод'!O6="","",'Оперативный ввод'!O6) | P6: =IF(AND(A6="",B6=""),"",IF(AND(A6<>"",B6<>"",C6<>"",D6<>"",F6<>"",G6<>"",H6<>"",ISERROR(SEARCH("по паспорту",G6)),ISERROR(SEARCH("по паспорту",H6)),I6<>"",J6<>"",K6<>"",L6<>"",M6<>""),"ГОТОВО","НЕ ГОТОВО")) | Q6: =IF(P6<>"ГОТОВО","", "Предварительное заключение: "&A6&", скв. "&B6&". МРП: "&E6&" сут. ГНО: "&F6&", типоразмер "&G6&", марка "&H6&". Событие: "&I6&". Признак: "&J6&". Узел: "&K6&". Предварительная причина: "&L6&". Основное осложнение: "&M6&IF(N6<>"","; сопутствующее: "&N6,"")&IF(O6<>"","; дополнительно: "&O6,"")&".") | R6: =IF('Оперативный ввод'!P6="","",'Оперативный ввод'!P6) | S6: =IF('Оперативный ввод'!Q6="","",'Оперативный ввод'!Q6) | T6: =IF('Оперативный ввод'!R6="","",'Оперативный ввод'!R6) | U6: =IF('Оперативный ввод'!S6="","",'Оперативный ввод'!S6) | V6: =IF('Оперативный ввод'!T6="","",'Оперативный ввод'!T6) | AA6: =IF('Оперативный ввод'!U6="","",'Оперативный ввод'!U6) | AB6: =IF('Оперативный ввод'!V6="","",'Оперативный ввод'!V6) | AC6: =IF('Оперативный ввод'!W6="","",'Оперативный ввод'!W6) | BD6: =IF(AND(A6="",B6=""),"",IF(AND(P6="ГОТОВО",R6<>"",T6<>"",U6<>"",AA6<>"",AB6<>"",AC6<>"",BB6<>"",BC6<>""),"ГОТОВО","НЕ ГОТОВО")) | BE6: =IF(BD6<>"ГОТОВО","","Полное заключение: "&A6&", скв. "&B6&". МРП: "&E6&" сут. ГНО: "&F6&"; причина: "&U6&"; категория: "&V6&"; решение комиссии: "&BB6&".") | BF6: =IF('Оперативный ввод'!X6="","",'Оперативный ввод'!X6)
A7: =IF('Оперативный ввод'!A7="","",'Оперативный ввод'!A7) | B7: =IF('Оперативный ввод'!B7="","",'Оперативный ввод'!B7) | C7: =IF('Оперативный ввод'!C7="","",'Оперативный ввод'!C7) | D7: =IF('Оперативный ввод'!D7="","",'Оперативный ввод'!D7) | E7: =IF(OR(C7="",D7=""),"",D7-C7) | F7: =IF('Оперативный ввод'!F7="","",'Оперативный ввод'!F7) | G7: =IF('Оперативный ввод'!G7="","",'Оперативный ввод'!G7) | H7: =IF('Оперативный ввод'!H7="","",'Оперативный ввод'!H7) | I7: =IF('Оперативный ввод'!I7="","",'Оперативный ввод'!I7) | J7: =IF('Оперативный ввод'!J7="","",'Оперативный ввод'!J7) | K7: =IF('Оперативный ввод'!K7="","",'Оперативный ввод'!K7) | L7: =IF('Оперативный ввод'!L7="","",'Оперативный ввод'!L7) | M7: =IF('Оперативный ввод'!M7="","",'Оперативный ввод'!M7) | ... O7: =IF('Оперативный ввод'!O7="","",'Оперативный ввод'!O7) | P7: =IF(AND(A7="",B7=""),"",IF(AND(A7<>"",B7<>"",C7<>"",D7<>"",F7<>"",G7<>"",H7<>"",ISERROR(SEARCH("по паспорту",G7)),ISERROR(SEARCH("по паспорту",H7)),I7<>"",J7<>"",K7<>"",L7<>"",M7<>""),"ГОТОВО","НЕ ГОТОВО")) | Q7: =IF(P7<>"ГОТОВО","", "Предварительное заключение: "&A7&", скв. "&B7&". МРП: "&E7&" сут. ГНО: "&F7&", типоразмер "&G7&", марка "&H7&". Событие: "&I7&". Признак: "&J7&". Узел: "&K7&". Предварительная причина: "&L7&". Основное осложнение: "&M7&IF(N7<>"","; сопутствующее: "&N7,"")&IF(O7<>"","; дополнительно: "&O7,"")&".") | R7: =IF('Оперативный ввод'!P7="","",'Оперативный ввод'!P7) | S7: =IF('Оперативный ввод'!Q7="","",'Оперативный ввод'!Q7) | T7: =IF('Оперативный ввод'!R7="","",'Оперативный ввод'!R7) | U7: =IF('Оперативный ввод'!S7="","",'Оперативный ввод'!S7) | V7: =IF('Оперативный ввод'!T7="","",'Оперативный ввод'!T7) | AA7: =IF('Оперативный ввод'!U7="","",'Оперативный ввод'!U7) | AB7: =IF('Оперативный ввод'!V7="","",'Оперативный ввод'!V7) | AC7: =IF('Оперативный ввод'!W7="","",'Оперативный ввод'!W7) | BD7: =IF(AND(A7="",B7=""),"",IF(AND(P7="ГОТОВО",R7<>"",T7<>"",U7<>"",AA7<>"",AB7<>"",AC7<>"",BB7<>"",BC7<>""),"ГОТОВО","НЕ ГОТОВО")) | BE7: =IF(BD7<>"ГОТОВО","","Полное заключение: "&A7&", скв. "&B7&". МРП: "&E7&" сут. ГНО: "&F7&"; причина: "&U7&"; категория: "&V7&"; решение комиссии: "&BB7&".") | BF7: =IF('Оперативный ввод'!X7="","",'Оперативный ввод'!X7)
A8: =IF('Оперативный ввод'!A8="","",'Оперативный ввод'!A8) | B8: =IF('Оперативный ввод'!B8="","",'Оперативный ввод'!B8) | C8: =IF('Оперативный ввод'!C8="","",'Оперативный ввод'!C8) | D8: =IF('Оперативный ввод'!D8="","",'Оперативный ввод'!D8) | E8: =IF(OR(C8="",D8=""),"",D8-C8) | F8: =IF('Оперативный ввод'!F8="","",'Оперативный ввод'!F8) | G8: =IF('Оперативный ввод'!G8="","",'Оперативный ввод'!G8) | H8: =IF('Оперативный ввод'!H8="","",'Оперативный ввод'!H8) | I8: =IF('Оперативный ввод'!I8="","",'Оперативный ввод'!I8) | J8: =IF('Оперативный ввод'!J8="","",'Оперативный ввод'!J8) | K8: =IF('Оперативный ввод'!K8="","",'Оперативный ввод'!K8) | L8: =IF('Оперативный ввод'!L8="","",'Оперативный ввод'!L8) | M8: =IF('Оперативный ввод'!M8="","",'Оперативный ввод'!M8) | ... O8: =IF('Оперативный ввод'!O8="","",'Оперативный ввод'!O8) | P8: =IF(AND(A8="",B8=""),"",IF(AND(A8<>"",B8<>"",C8<>"",D8<>"",F8<>"",G8<>"",H8<>"",ISERROR(SEARCH("по паспорту",G8)),ISERROR(SEARCH("по паспорту",H8)),I8<>"",J8<>"",K8<>"",L8<>"",M8<>""),"ГОТОВО","НЕ ГОТОВО")) | Q8: =IF(P8<>"ГОТОВО","", "Предварительное заключение: "&A8&", скв. "&B8&". МРП: "&E8&" сут. ГНО: "&F8&", типоразмер "&G8&", марка "&H8&". Событие: "&I8&". Признак: "&J8&". Узел: "&K8&". Предварительная причина: "&L8&". Основное осложнение: "&M8&IF(N8<>"","; сопутствующее: "&N8,"")&IF(O8<>"","; дополнительно: "&O8,"")&".") | R8: =IF('Оперативный ввод'!P8="","",'Оперативный ввод'!P8) | S8: =IF('Оперативный ввод'!Q8="","",'Оперативный ввод'!Q8) | T8: =IF('Оперативный ввод'!R8="","",'Оперативный ввод'!R8) | U8: =IF('Оперативный ввод'!S8="","",'Оперативный ввод'!S8) | V8: =IF('Оперативный ввод'!T8="","",'Оперативный ввод'!T8) | AA8: =IF('Оперативный ввод'!U8="","",'Оперативный ввод'!U8) | AB8: =IF('Оперативный ввод'!V8="","",'Оперативный ввод'!V8) | AC8: =IF('Оперативный ввод'!W8="","",'Оперативный ввод'!W8) | BD8: =IF(AND(A8="",B8=""),"",IF(AND(P8="ГОТОВО",R8<>"",T8<>"",U8<>"",AA8<>"",AB8<>"",AC8<>"",BB8<>"",BC8<>""),"ГОТОВО","НЕ ГОТОВО")) | BE8: =IF(BD8<>"ГОТОВО","","Полное заключение: "&A8&", скв. "&B8&". МРП: "&E8&" сут. ГНО: "&F8&"; причина: "&U8&"; категория: "&V8&"; решение комиссии: "&BB8&".") | BF8: =IF('Оперативный ввод'!X8="","",'Оперативный ввод'!X8)
A9: =IF('Оперативный ввод'!A9="","",'Оперативный ввод'!A9) | B9: =IF('Оперативный ввод'!B9="","",'Оперативный ввод'!B9) | C9: =IF('Оперативный ввод'!C9="","",'Оперативный ввод'!C9) | D9: =IF('Оперативный ввод'!D9="","",'Оперативный ввод'!D9) | E9: =IF(OR(C9="",D9=""),"",D9-C9) | F9: =IF('Оперативный ввод'!F9="","",'Оперативный ввод'!F9) | G9: =IF('Оперативный ввод'!G9="","",'Оперативный ввод'!G9) | H9: =IF('Оперативный ввод'!H9="","",'Оперативный ввод'!H9) | I9: =IF('Оперативный ввод'!I9="","",'Оперативный ввод'!I9) | J9: =IF('Оперативный ввод'!J9="","",'Оперативный ввод'!J9) | K9: =IF('Оперативный ввод'!K9="","",'Оперативный ввод'!K9) | L9: =IF('Оперативный ввод'!L9="","",'Оперативный ввод'!L9) | M9: =IF('Оперативный ввод'!M9="","",'Оперативный ввод'!M9) | ... O9: =IF('Оперативный ввод'!O9="","",'Оперативный ввод'!O9) | P9: =IF(AND(A9="",B9=""),"",IF(AND(A9<>"",B9<>"",C9<>"",D9<>"",F9<>"",G9<>"",H9<>"",ISERROR(SEARCH("по паспорту",G9)),ISERROR(SEARCH("по паспорту",H9)),I9<>"",J9<>"",K9<>"",L9<>"",M9<>""),"ГОТОВО","НЕ ГОТОВО")) | Q9: =IF(P9<>"ГОТОВО","", "Предварительное заключение: "&A9&", скв. "&B9&". МРП: "&E9&" сут. ГНО: "&F9&", типоразмер "&G9&", марка "&H9&". Событие: "&I9&". Признак: "&J9&". Узел: "&K9&". Предварительная причина: "&L9&". Основное осложнение: "&M9&IF(N9<>"","; сопутствующее: "&N9,"")&IF(O9<>"","; дополнительно: "&O9,"")&".") | R9: =IF('Оперативный ввод'!P9="","",'Оперативный ввод'!P9) | S9: =IF('Оперативный ввод'!Q9="","",'Оперативный ввод'!Q9) | T9: =IF('Оперативный ввод'!R9="","",'Оперативный ввод'!R9) | U9: =IF('Оперативный ввод'!S9="","",'Оперативный ввод'!S9) | V9: =IF('Оперативный ввод'!T9="","",'Оперативный ввод'!T9) | AA9: =IF('Оперативный ввод'!U9="","",'Оперативный ввод'!U9) | AB9: =IF('Оперативный ввод'!V9="","",'Оперативный ввод'!V9) | AC9: =IF('Оперативный ввод'!W9="","",'Оперативный ввод'!W9) | BD9: =IF(AND(A9="",B9=""),"",IF(AND(P9="ГОТОВО",R9<>"",T9<>"",U9<>"",AA9<>"",AB9<>"",AC9<>"",BB9<>"",BC9<>""),"ГОТОВО","НЕ ГОТОВО")) | BE9: =IF(BD9<>"ГОТОВО","","Полное заключение: "&A9&", скв. "&B9&". МРП: "&E9&" сут. ГНО: "&F9&"; причина: "&U9&"; категория: "&V9&"; решение комиссии: "&BB9&".") | BF9: =IF('Оперативный ввод'!X9="","",'Оперативный ввод'!X9)
A10: =IF('Оперативный ввод'!A10="","",'Оперативный ввод'!A10) | B10: =IF('Оперативный ввод'!B10="","",'Оперативный ввод'!B10) | C10: =IF('Оперативный ввод'!C10="","",'Оперативный ввод'!C10) | D10: =IF('Оперативный ввод'!D10="","",'Оперативный ввод'!D10) | E10: =IF(OR(C10="",D10=""),"",D10-C10) | F10: =IF('Оперативный ввод'!F10="","",'Оперативный ввод'!F10) | G10: =IF('Оперативный ввод'!G10="","",'Оперативный ввод'!G10) | H10: =IF('Оперативный ввод'!H10="","",'Оперативный ввод'!H10) | I10: =IF('Оперативный ввод'!I10="","",'Оперативный ввод'!I10) | J10: =IF('Оперативный ввод'!J10="","",'Оперативный ввод'!J10) | K10: =IF('Оперативный ввод'!K10="","",'Оперативный ввод'!K10) | L10: =IF('Оперативный ввод'!L10="","",'Оперативный ввод'!L10) | M10: =IF('Оперативный ввод'!M10="","",'Оперативный ввод'!M10) | ... O10: =IF('Оперативный ввод'!O10="","",'Оперативный ввод'!O10) | P10: =IF(AND(A10="",B10=""),"",IF(AND(A10<>"",B10<>"",C10<>"",D10<>"",F10<>"",G10<>"",H10<>"",ISERROR(SEARCH("по паспорту",G10)),ISERROR(SEARCH("по паспорту",H10)),I10<>"",J10<>"",K10<>"",L10<>"",M10<>""),"ГОТОВО","НЕ ГОТОВО")) | Q10: =IF(P10<>"ГОТОВО","", "Предварительное заключение: "&A10&", скв. "&B10&". МРП: "&E10&" сут. ГНО: "&F10&", типоразмер "&G10&", марка "&H10&". Событие: "&I10&". Признак: "&J10&". Узел: "&K10&". Предварительная причина: "&L10&". Основное осложнение: "&M10&IF(N10<>"","; сопутствующее: "&N10,"")&IF(O10<>"","; дополнительно: "&O10,"")&".") | R10: =IF('Оперативный ввод'!P10="","",'Оперативный ввод'!P10) | S10: =IF('Оперативный ввод'!Q10="","",'Оперативный ввод'!Q10) | T10: =IF('Оперативный ввод'!R10="","",'Оперативный ввод'!R10) | U10: =IF('Оперативный ввод'!S10="","",'Оперативный ввод'!S10) | V10: =IF('Оперативный ввод'!T10="","",'Оперативный ввод'!T10) | AA10: =IF('Оперативный ввод'!U10="","",'Оперативный ввод'!U10) | AB10: =IF('Оперативный ввод'!V10="","",'Оперативный ввод'!V10) | AC10: =IF('Оперативный ввод'!W10="","",'Оперативный ввод'!W10) | BD10: =IF(AND(A10="",B10=""),"",IF(AND(P10="ГОТОВО",R10<>"",T10<>"",U10<>"",AA10<>"",AB10<>"",AC10<>"",BB10<>"",BC10<>""),"ГОТОВО","НЕ ГОТОВО")) | BE10: =IF(BD10<>"ГОТОВО","","Полное заключение: "&A10&", скв. "&B10&". МРП: "&E10&" сут. ГНО: "&F10&"; причина: "&U10&"; категория: "&V10&"; решение комиссии: "&BB10&".") | BF10: =IF('Оперативный ввод'!X10="","",'Оперативный ввод'!X10)
A11: =IF('Оперативный ввод'!A11="","",'Оперативный ввод'!A11) | B11: =IF('Оперативный ввод'!B11="","",'Оперативный ввод'!B11) | C11: =IF('Оперативный ввод'!C11="","",'Оперативный ввод'!C11) | D11: =IF('Оперативный ввод'!D11="","",'Оперативный ввод'!D11) | E11: =IF(OR(C11="",D11=""),"",D11-C11) | F11: =IF('Оперативный ввод'!F11="","",'Оперативный ввод'!F11) | G11: =IF('Оперативный ввод'!G11="","",'Оперативный ввод'!G11) | H11: =IF('Оперативный ввод'!H11="","",'Оперативный ввод'!H11) | I11: =IF('Оперативный ввод'!I11="","",'Оперативный ввод'!I11) | J11: =IF('Оперативный ввод'!J11="","",'Оперативный ввод'!J11) | K11: =IF('Оперативный ввод'!K11="","",'Оперативный ввод'!K11) | L11: =IF('Оперативный ввод'!L11="","",'Оперативный ввод'!L11) | M11: =IF('Оперативный ввод'!M11="","",'Оперативный ввод'!M11) | ... O11: =IF('Оперативный ввод'!O11="","",'Оперативный ввод'!O11) | P11: =IF(AND(A11="",B11=""),"",IF(AND(A11<>"",B11<>"",C11<>"",D11<>"",F11<>"",G11<>"",H11<>"",ISERROR(SEARCH("по паспорту",G11)),ISERROR(SEARCH("по паспорту",H11)),I11<>"",J11<>"",K11<>"",L11<>"",M11<>""),"ГОТОВО","НЕ ГОТОВО")) | Q11: =IF(P11<>"ГОТОВО","", "Предварительное заключение: "&A11&", скв. "&B11&". МРП: "&E11&" сут. ГНО: "&F11&", типоразмер "&G11&", марка "&H11&". Событие: "&I11&". Признак: "&J11&". Узел: "&K11&". Предварительная причина: "&L11&". Основное осложнение: "&M11&IF(N11<>"","; сопутствующее: "&N11,"")&IF(O11<>"","; дополнительно: "&O11,"")&".") | R11: =IF('Оперативный ввод'!P11="","",'Оперативный ввод'!P11) | S11: =IF('Оперативный ввод'!Q11="","",'Оперативный ввод'!Q11) | T11: =IF('Оперативный ввод'!R11="","",'Оперативный ввод'!R11) | U11: =IF('Оперативный ввод'!S11="","",'Оперативный ввод'!S11) | V11: =IF('Оперативный ввод'!T11="","",'Оперативный ввод'!T11) | AA11: =IF('Оперативный ввод'!U11="","",'Оперативный ввод'!U11) | AB11: =IF('Оперативный ввод'!V11="","",'Оперативный ввод'!V11) | AC11: =IF('Оперативный ввод'!W11="","",'Оперативный ввод'!W11) | BD11: =IF(AND(A11="",B11=""),"",IF(AND(P11="ГОТОВО",R11<>"",T11<>"",U11<>"",AA11<>"",AB11<>"",AC11<>"",BB11<>"",BC11<>""),"ГОТОВО","НЕ ГОТОВО")) | BE11: =IF(BD11<>"ГОТОВО","","Полное заключение: "&A11&", скв. "&B11&". МРП: "&E11&" сут. ГНО: "&F11&"; причина: "&U11&"; категория: "&V11&"; решение комиссии: "&BB11&".") | BF11: =IF('Оперативный ввод'!X11="","",'Оперативный ввод'!X11)
A12: =IF('Оперативный ввод'!A12="","",'Оперативный ввод'!A12) | B12: =IF('Оперативный ввод'!B12="","",'Оперативный ввод'!B12) | C12: =IF('Оперативный ввод'!C12="","",'Оперативный ввод'!C12) | D12: =IF('Оперативный ввод'!D12="","",'Оперативный ввод'!D12) | E12: =IF(OR(C12="",D12=""),"",D12-C12) | F12: =IF('Оперативный ввод'!F12="","",'Оперативный ввод'!F12) | G12: =IF('Оперативный ввод'!G12="","",'Оперативный ввод'!G12) | H12: =IF('Оперативный ввод'!H12="","",'Оперативный ввод'!H12) | I12: =IF('Оперативный ввод'!I12="","",'Оперативный ввод'!I12) | J12: =IF('Оперативный ввод'!J12="","",'Оперативный ввод'!J12) | K12: =IF('Оперативный ввод'!K12="","",'Оперативный ввод'!K12) | L12: =IF('Оперативный ввод'!L12="","",'Оперативный ввод'!L12) | M12: =IF('Оперативный ввод'!M12="","",'Оперативный ввод'!M12) | ... O12: =IF('Оперативный ввод'!O12="","",'Оперативный ввод'!O12) | P12: =IF(AND(A12="",B12=""),"",IF(AND(A12<>"",B12<>"",C12<>"",D12<>"",F12<>"",G12<>"",H12<>"",ISERROR(SEARCH("по паспорту",G12)),ISERROR(SEARCH("по паспорту",H12)),I12<>"",J12<>"",K12<>"",L12<>"",M12<>""),"ГОТОВО","НЕ ГОТОВО")) | Q12: =IF(P12<>"ГОТОВО","", "Предварительное заключение: "&A12&", скв. "&B12&". МРП: "&E12&" сут. ГНО: "&F12&", типоразмер "&G12&", марка "&H12&". Событие: "&I12&". Признак: "&J12&". Узел: "&K12&". Предварительная причина: "&L12&". Основное осложнение: "&M12&IF(N12<>"","; сопутствующее: "&N12,"")&IF(O12<>"","; дополнительно: "&O12,"")&".") | R12: =IF('Оперативный ввод'!P12="","",'Оперативный ввод'!P12) | S12: =IF('Оперативный ввод'!Q12="","",'Оперативный ввод'!Q12) | T12: =IF('Оперативный ввод'!R12="","",'Оперативный ввод'!R12) | U12: =IF('Оперативный ввод'!S12="","",'Оперативный ввод'!S12) | V12: =IF('Оперативный ввод'!T12="","",'Оперативный ввод'!T12) | AA12: =IF('Оперативный ввод'!U12="","",'Оперативный ввод'!U12) | AB12: =IF('Оперативный ввод'!V12="","",'Оперативный ввод'!V12) | AC12: =IF('Оперативный ввод'!W12="","",'Оперативный ввод'!W12) | BD12: =IF(AND(A12="",B12=""),"",IF(AND(P12="ГОТОВО",R12<>"",T12<>"",U12<>"",AA12<>"",AB12<>"",AC12<>"",BB12<>"",BC12<>""),"ГОТОВО","НЕ ГОТОВО")) | BE12: =IF(BD12<>"ГОТОВО","","Полное заключение: "&A12&", скв. "&B12&". МРП: "&E12&" сут. ГНО: "&F12&"; причина: "&U12&"; категория: "&V12&"; решение комиссии: "&BB12&".") | BF12: =IF('Оперативный ввод'!X12="","",'Оперативный ввод'!X12)
A13: =IF('Оперативный ввод'!A13="","",'Оперативный ввод'!A13) | B13: =IF('Оперативный ввод'!B13="","",'Оперативный ввод'!B13) | C13: =IF('Оперативный ввод'!C13="","",'Оперативный ввод'!C13) | D13: =IF('Оперативный ввод'!D13="","",'Оперативный ввод'!D13) | E13: =IF(OR(C13="",D13=""),"",D13-C13) | F13: =IF('Оперативный ввод'!F13="","",'Оперативный ввод'!F13) | G13: =IF('Оперативный ввод'!G13="","",'Оперативный ввод'!G13) | H13: =IF('Оперативный ввод'!H13="","",'Оперативный ввод'!H13) | I13: =IF('Оперативный ввод'!I13="","",'Оперативный ввод'!I13) | J13: =IF('Оперативный ввод'!J13="","",'Оперативный ввод'!J13) | K13: =IF('Оперативный ввод'!K13="","",'Оперативный ввод'!K13) | L13: =IF('Оперативный ввод'!L13="","",'Оперативный ввод'!L13) | M13: =IF('Оперативный ввод'!M13="","",'Оперативный ввод'!M13) | ... O13: =IF('Оперативный ввод'!O13="","",'Оперативный ввод'!O13) | P13: =IF(AND(A13="",B13=""),"",IF(AND(A13<>"",B13<>"",C13<>"",D13<>"",F13<>"",G13<>"",H13<>"",ISERROR(SEARCH("по паспорту",G13)),ISERROR(SEARCH("по паспорту",H13)),I13<>"",J13<>"",K13<>"",L13<>"",M13<>""),"ГОТОВО","НЕ ГОТОВО")) | Q13: =IF(P13<>"ГОТОВО","", "Предварительное заключение: "&A13&", скв. "&B13&". МРП: "&E13&" сут. ГНО: "&F13&", типоразмер "&G13&", марка "&H13&". Событие: "&I13&". Признак: "&J13&". Узел: "&K13&". Предварительная причина: "&L13&". Основное осложнение: "&M13&IF(N13<>"","; сопутствующее: "&N13,"")&IF(O13<>"","; дополнительно: "&O13,"")&".") | R13: =IF('Оперативный ввод'!P13="","",'Оперативный ввод'!P13) | S13: =IF('Оперативный ввод'!Q13="","",'Оперативный ввод'!Q13) | T13: =IF('Оперативный ввод'!R13="","",'Оперативный ввод'!R13) | U13: =IF('Оперативный ввод'!S13="","",'Оперативный ввод'!S13) | V13: =IF('Оперативный ввод'!T13="","",'Оперативный ввод'!T13) | AA13: =IF('Оперативный ввод'!U13="","",'Оперативный ввод'!U13) | AB13: =IF('Оперативный ввод'!V13="","",'Оперативный ввод'!V13) | AC13: =IF('Оперативный ввод'!W13="","",'Оперативный ввод'!W13) | BD13: =IF(AND(A13="",B13=""),"",IF(AND(P13="ГОТОВО",R13<>"",T13<>"",U13<>"",AA13<>"",AB13<>"",AC13<>"",BB13<>"",BC13<>""),"ГОТОВО","НЕ ГОТОВО")) | BE13: =IF(BD13<>"ГОТОВО","","Полное заключение: "&A13&", скв. "&B13&". МРП: "&E13&" сут. ГНО: "&F13&"; причина: "&U13&"; категория: "&V13&"; решение комиссии: "&BB13&".") | BF13: =IF('Оперативный ввод'!X13="","",'Оперативный ввод'!X13)
A14: =IF('Оперативный ввод'!A14="","",'Оперативный ввод'!A14) | B14: =IF('Оперативный ввод'!B14="","",'Оперативный ввод'!B14) | C14: =IF('Оперативный ввод'!C14="","",'Оперативный ввод'!C14) | D14: =IF('Оперативный ввод'!D14="","",'Оперативный ввод'!D14) | E14: =IF(OR(C14="",D14=""),"",D14-C14) | F14: =IF('Оперативный ввод'!F14="","",'Оперативный ввод'!F14) | G14: =IF('Оперативный ввод'!G14="","",'Оперативный ввод'!G14) | H14: =IF('Оперативный ввод'!H14="","",'Оперативный ввод'!H14) | I14: =IF('Оперативный ввод'!I14="","",'Оперативный ввод'!I14) | J14: =IF('Оперативный ввод'!J14="","",'Оперативный ввод'!J14) | K14: =IF('Оперативный ввод'!K14="","",'Оперативный ввод'!K14) | L14: =IF('Оперативный ввод'!L14="","",'Оперативный ввод'!L14) | M14: =IF('Оперативный ввод'!M14="","",'Оперативный ввод'!M14) | ... O14: =IF('Оперативный ввод'!O14="","",'Оперативный ввод'!O14) | P14: =IF(AND(A14="",B14=""),"",IF(AND(A14<>"",B14<>"",C14<>"",D14<>"",F14<>"",G14<>"",H14<>"",ISERROR(SEARCH("по паспорту",G14)),ISERROR(SEARCH("по паспорту",H14)),I14<>"",J14<>"",K14<>"",L14<>"",M14<>""),"ГОТОВО","НЕ ГОТОВО")) | Q14: =IF(P14<>"ГОТОВО","", "Предварительное заключение: "&A14&", скв. "&B14&". МРП: "&E14&" сут. ГНО: "&F14&", типоразмер "&G14&", марка "&H14&". Событие: "&I14&". Признак: "&J14&". Узел: "&K14&". Предварительная причина: "&L14&". Основное осложнение: "&M14&IF(N14<>"","; сопутствующее: "&N14,"")&IF(O14<>"","; дополнительно: "&O14,"")&".") | R14: =IF('Оперативный ввод'!P14="","",'Оперативный ввод'!P14) | S14: =IF('Оперативный ввод'!Q14="","",'Оперативный ввод'!Q14) | T14: =IF('Оперативный ввод'!R14="","",'Оперативный ввод'!R14) | U14: =IF('Оперативный ввод'!S14="","",'Оперативный ввод'!S14) | V14: =IF('Оперативный ввод'!T14="","",'Оперативный ввод'!T14) | AA14: =IF('Оперативный ввод'!U14="","",'Оперативный ввод'!U14) | AB14: =IF('Оперативный ввод'!V14="","",'Оперативный ввод'!V14) | AC14: =IF('Оперативный ввод'!W14="","",'Оперативный ввод'!W14) | BD14: =IF(AND(A14="",B14=""),"",IF(AND(P14="ГОТОВО",R14<>"",T14<>"",U14<>"",AA14<>"",AB14<>"",AC14<>"",BB14<>"",BC14<>""),"ГОТОВО","НЕ ГОТОВО")) | BE14: =IF(BD14<>"ГОТОВО","","Полное заключение: "&A14&", скв. "&B14&". МРП: "&E14&" сут. ГНО: "&F14&"; причина: "&U14&"; категория: "&V14&"; решение комиссии: "&BB14&".") | BF14: =IF('Оперативный ввод'!X14="","",'Оперативный ввод'!X14)
A15: =IF('Оперативный ввод'!A15="","",'Оперативный ввод'!A15) | B15: =IF('Оперативный ввод'!B15="","",'Оперативный ввод'!B15) | C15: =IF('Оперативный ввод'!C15="","",'Оперативный ввод'!C15) | D15: =IF('Оперативный ввод'!D15="","",'Оперативный ввод'!D15) | E15: =IF(OR(C15="",D15=""),"",D15-C15) | F15: =IF('Оперативный ввод'!F15="","",'Оперативный ввод'!F15) | G15: =IF('Оперативный ввод'!G15="","",'Оперативный ввод'!G15) | H15: =IF('Оперативный ввод'!H15="","",'Оперативный ввод'!H15) | I15: =IF('Оперативный ввод'!I15="","",'Оперативный ввод'!I15) | J15: =IF('Оперативный ввод'!J15="","",'Оперативный ввод'!J15) | K15: =IF('Оперативный ввод'!K15="","",'Оперативный ввод'!K15) | L15: =IF('Оперативный ввод'!L15="","",'Оперативный ввод'!L15) | M15: =IF('Оперативный ввод'!M15="","",'Оперативный ввод'!M15) | ... O15: =IF('Оперативный ввод'!O15="","",'Оперативный ввод'!O15) | P15: =IF(AND(A15="",B15=""),"",IF(AND(A15<>"",B15<>"",C15<>"",D15<>"",F15<>"",G15<>"",H15<>"",ISERROR(SEARCH("по паспорту",G15)),ISERROR(SEARCH("по паспорту",H15)),I15<>"",J15<>"",K15<>"",L15<>"",M15<>""),"ГОТОВО","НЕ ГОТОВО")) | Q15: =IF(P15<>"ГОТОВО","", "Предварительное заключение: "&A15&", скв. "&B15&". МРП: "&E15&" сут. ГНО: "&F15&", типоразмер "&G15&", марка "&H15&". Событие: "&I15&". Признак: "&J15&". Узел: "&K15&". Предварительная причина: "&L15&". Основное осложнение: "&M15&IF(N15<>"","; сопутствующее: "&N15,"")&IF(O15<>"","; дополнительно: "&O15,"")&".") | R15: =IF('Оперативный ввод'!P15="","",'Оперативный ввод'!P15) | S15: =IF('Оперативный ввод'!Q15="","",'Оперативный ввод'!Q15) | T15: =IF('Оперативный ввод'!R15="","",'Оперативный ввод'!R15) | U15: =IF('Оперативный ввод'!S15="","",'Оперативный ввод'!S15) | V15: =IF('Оперативный ввод'!T15="","",'Оперативный ввод'!T15) | AA15: =IF('Оперативный ввод'!U15="","",'Оперативный ввод'!U15) | AB15: =IF('Оперативный ввод'!V15="","",'Оперативный ввод'!V15) | AC15: =IF('Оперативный ввод'!W15="","",'Оперативный ввод'!W15) | BD15: =IF(AND(A15="",B15=""),"",IF(AND(P15="ГОТОВО",R15<>"",T15<>"",U15<>"",AA15<>"",AB15<>"",AC15<>"",BB15<>"",BC15<>""),"ГОТОВО","НЕ ГОТОВО")) | BE15: =IF(BD15<>"ГОТОВО","","Полное заключение: "&A15&", скв. "&B15&". МРП: "&E15&" сут. ГНО: "&F15&"; причина: "&U15&"; категория: "&V15&"; решение комиссии: "&BB15&".") | BF15: =IF('Оперативный ввод'!X15="","",'Оперативный ввод'!X15)
A16: =IF('Оперативный ввод'!A16="","",'Оперативный ввод'!A16) | B16: =IF('Оперативный ввод'!B16="","",'Оперативный ввод'!B16) | C16: =IF('Оперативный ввод'!C16="","",'Оперативный ввод'!C16) | D16: =IF('Оперативный ввод'!D16="","",'Оперативный ввод'!D16) | E16: =IF(OR(C16="",D16=""),"",D16-C16) | F16: =IF('Оперативный ввод'!F16="","",'Оперативный ввод'!F16) | G16: =IF('Оперативный ввод'!G16="","",'Оперативный ввод'!G16) | H16: =IF('Оперативный ввод'!H16="","",'Оперативный ввод'!H16) | I16: =IF('Оперативный ввод'!I16="","",'Оперативный ввод'!I16) | J16: =IF('Оперативный ввод'!J16="","",'Оперативный ввод'!J16) | K16: =IF('Оперативный ввод'!K16="","",'Оперативный ввод'!K16) | L16: =IF('Оперативный ввод'!L16="","",'Оперативный ввод'!L16) | M16: =IF('Оперативный ввод'!M16="","",'Оперативный ввод'!M16) | ... O16: =IF('Оперативный ввод'!O16="","",'Оперативный ввод'!O16) | P16: =IF(AND(A16="",B16=""),"",IF(AND(A16<>"",B16<>"",C16<>"",D16<>"",F16<>"",G16<>"",H16<>"",ISERROR(SEARCH("по паспорту",G16)),ISERROR(SEARCH("по паспорту",H16)),I16<>"",J16<>"",K16<>"",L16<>"",M16<>""),"ГОТОВО","НЕ ГОТОВО")) | Q16: =IF(P16<>"ГОТОВО","", "Предварительное заключение: "&A16&", скв. "&B16&". МРП: "&E16&" сут. ГНО: "&F16&", типоразмер "&G16&", марка "&H16&". Событие: "&I16&". Признак: "&J16&". Узел: "&K16&". Предварительная причина: "&L16&". Основное осложнение: "&M16&IF(N16<>"","; сопутствующее: "&N16,"")&IF(O16<>"","; дополнительно: "&O16,"")&".") | R16: =IF('Оперативный ввод'!P16="","",'Оперативный ввод'!P16) | S16: =IF('Оперативный ввод'!Q16="","",'Оперативный ввод'!Q16) | T16: =IF('Оперативный ввод'!R16="","",'Оперативный ввод'!R16) | U16: =IF('Оперативный ввод'!S16="","",'Оперативный ввод'!S16) | V16: =IF('Оперативный ввод'!T16="","",'Оперативный ввод'!T16) | AA16: =IF('Оперативный ввод'!U16="","",'Оперативный ввод'!U16) | AB16: =IF('Оперативный ввод'!V16="","",'Оперативный ввод'!V16) | AC16: =IF('Оперативный ввод'!W16="","",'Оперативный ввод'!W16) | BD16: =IF(AND(A16="",B16=""),"",IF(AND(P16="ГОТОВО",R16<>"",T16<>"",U16<>"",AA16<>"",AB16<>"",AC16<>"",BB16<>"",BC16<>""),"ГОТОВО","НЕ ГОТОВО")) | BE16: =IF(BD16<>"ГОТОВО","","Полное заключение: "&A16&", скв. "&B16&". МРП: "&E16&" сут. ГНО: "&F16&"; причина: "&U16&"; категория: "&V16&"; решение комиссии: "&BB16&".") | BF16: =IF('Оперативный ввод'!X16="","",'Оперативный ввод'!X16)
... A1204: =IF('Оперативный ввод'!A1204="","",'Оперативный ввод'!A1204) | B1204: =IF('Оперативный ввод'!B1204="","",'Оперативный ввод'!B1204) | C1204: =IF('Оперативный ввод'!C1204="","",'Оперативный ввод'!C1204) | D1204: =IF('Оперативный ввод'!D1204="","",'Оперативный ввод'!D1204) | E1204: =IF(OR(C1204="",D1204=""),"",D1204-C1204) | F1204: =IF('Оперативный ввод'!F1204="","",'Оперативный ввод'!F1204) | G1204: =IF('Оперативный ввод'!G1204="","",'Оперативный ввод'!G1204) | H1204: =IF('Оперативный ввод'!H1204="","",'Оперативный ввод'!H1204) | I1204: =IF('Оперативный ввод'!I1204="","",'Оперативный ввод'!I1204) | J1204: =IF('Оперативный ввод'!J1204="","",'Оперативный ввод'!J1204) | K1204: =IF('Оперативный ввод'!K1204="","",'Оперативный ввод'!K1204) | L1204: =IF('Оперативный ввод'!L1204="","",'Оперативный ввод'!L1204) | M1204: =IF('Оперативный ввод'!M1204="","",'Оперативный ввод'!M1204) | ... O1204: =IF('Оперативный ввод'!O1204="","",'Оперативный ввод'!O1204) | P1204: =IF(AND(A1204="",B1204=""),"",IF(AND(A1204<>"",B1204<>"",C1204<>"",D1204<>"",F1204<>"",G1204<>"",H1204<>"",ISERROR(SEARCH("по паспорту",G1204)),ISERROR(SEARCH("по паспорту",H1204)),I1204<>"",J1204<>"",K1204<>"",L1204<>"",M1204<>""),"ГОТОВО","НЕ ГОТОВО")) | Q1204: =IF(P1204<>"ГОТОВО","", "Предварительное заключение: "&A1204&", скв. "&B1204&". МРП: "&E1204&" сут. ГНО: "&F1204&", типоразмер "&G1204&", марка "&H1204&". Событие: "&I1204&". Признак: "&J1204&". Узел: "&K1204&". Предварительная причина: "&L1204&". Основное осложнение: "&M1204&IF(N1204<>"","; сопутствующее: "&N1204,"")&IF(O1204<>"","; дополнительно: "&O1204,"")&".") | R1204: =IF('Оперативный ввод'!P1204="","",'Оперативный ввод'!P1204) | S1204: =IF('Оперативный ввод'!Q1204="","",'Оперативный ввод'!Q1204) | T1204: =IF('Оперативный ввод'!R1204="","",'Оперативный ввод'!R1204) | U1204: =IF('Оперативный ввод'!S1204="","",'Оперативный ввод'!S1204) | V1204: =IF('Оперативный ввод'!T1204="","",'Оперативный ввод'!T1204) | AA1204: =IF('Оперативный ввод'!U1204="","",'Оперативный ввод'!U1204) | AB1204: =IF('Оперативный ввод'!V1204="","",'Оперативный ввод'!V1204) | AC1204: =IF('Оперативный ввод'!W1204="","",'Оперативный ввод'!W1204) | BD1204: =IF(AND(A1204="",B1204=""),"",IF(AND(P1204="ГОТОВО",R1204<>"",T1204<>"",U1204<>"",AA1204<>"",AB1204<>"",AC1204<>"",BB1204<>"",BC1204<>""),"ГОТОВО","НЕ ГОТОВО")) | BE1204: =IF(BD1204<>"ГОТОВО","","Полное заключение: "&A1204&", скв. "&B1204&". МРП: "&E1204&" сут. ГНО: "&F1204&"; причина: "&U1204&"; категория: "&V1204&"; решение комиссии: "&BB1204&".") | BF1204: =IF('Оперативный ввод'!X1204="","",'Оперативный ввод'!X1204)

Sheet Справочники
A1: Тип насоса | B1: Тип события | C1: Признак / предпосылка | D1: Отказавший узел | E1: Предварительная причина | F1: Основная категория | G1: Сопутствующая категория | H1: ТКРС | I1: Вид повреждения | J1: Итоговая причина | K1: Уточнённая категория | L1: Подтверждение | M1: Статус расследования | N1: Достоверность | O1: Метод борьбы | Q1: Поле | R1: Источник | S1: Правило | X1: Техническая проверка перечней | Y1: Вывод | Z1: Первичный источник | AA1: Типоразмер ГНО | AB1: Марка ГНО | AN1: pump | AO1: event | AP1: sign_esp | AQ1: sign_shgn | AR1: sign_vin | AS1: sign_npu | AT1: node_esp | AU1: node_shgn | AV1: node_vin | AW1: node_npu | AX1: cause_esp | AY1: cause_shgn | AZ1: comp | BA1: repair | BB1: damage_esp | BC1: damage_shgn | BD1: damage_vin | BE1: damage_npu | BF1: proof | BG1: status | BH1: confidence | BI1: method | BJ1: size_shgn | BK1: size_esp | BL1: size_evn | BM1: brand_shgn | BN1: brand_esp | BO1: brand_evn | BP1: brand_npu | BQ1: condition | BR1: tubing | BS1: workover | BT1: nominal | BU1: empty | BV1: size_shvn | BW1: size_npu | BX1: brand_shvn | BY1: cause_npu | BZ1: sign_shvn | CA1: sign_evn | CB1: node_shvn | CC1: node_evn | CD1: damage_shvn | CE1: damage_evn | CF1: size_all | CG1: brand_all | CH1: sign_all | CI1: node_all | CJ1: cause_all | CK1: damage_all | CL1: equip_motor_maker | CM1: equip_motor_size | CN1: equip_cable | CO1: equip_extension | CP1: equip_hydro_maker | CQ1: equip_hydro_size | CR1: equip_tms_maker | CS1: equip_tms_size | CT1: equip_pump_shgn | CU1: equip_pump_esp | CV1: equip_pump_evn | CW1: equip_pump_npu | CX1: equip_pump_shvn | CY1: equip_pump_all | CZ1: equip_nkt | DA1: equip_years | DB1: Новые годы: исходные вводы | DC1: Первое новое значение: equip_pump_shgn | DD1: Первое новое значение: equip_pump_esp | DE1: Первое новое значение: equip_pump_evn | DF1: Первое новое значение: equip_pump_shvn | DG1: Первое новое значение: equip_pump_npu | DH1: Первое новое значение: equip_pump_all | DI1: Первое новое значение: equip_motor_maker | DJ1: Первое новое значение: equip_hydro_maker | DK1: Первое новое значение: equip_tms_maker | DL1: Первое новое значение: equip_years
A2: ШГН | B2: Подтверждённый отказ | C2: Снижение подачи | D2: Насос | E2: 1.1 — Механическое повреждение кабеля [УЭЦН] | F2: А1 — АСПО | G2: А1 — АСПО | H2: КР1-1 — Отключение отдельных интервалов и пропластков объекта эксплуатации. | I2: Механическое повреждение | J2: 1.1 — Механическое повреждение кабеля [УЭЦН] | K2: А1 — АСПО | L2: Акт комиссии | M2: Расследование продолжается | N2: Не оценена | O2: Удаление АСПО горячей нефтью | Q2: Типоразмер ГНО | R2: ГОСТ 31835-2012; Новомет; ГМС Ливгидромаш — примеры, фактический паспорт имеет приоритет | S2: Выбор из списка; отсутствующий паспортный типоразмер/марку вписать вручную | X2: Разделение данных | Y2: Признак, отказавший узел, повреждение, причина и ремонт ведутся отдельно | Z2: https://www.iso.org/standard/64076.html | AA2: ШГН — 27 мм | AB2: ШГН — серия НВ1С-27 | AN2: ШГН | AO2: Подтверждённый отказ | AP2: Снижение подачи | AQ2: Снижение подачи | AR2: Снижение подачи | AS2: Снижение подачи | AT2: Насос | AU2: Насос | AV2: Насос | AW2: Насос | AX2: 1.1 — Механическое повреждение кабеля [УЭЦН] | AY2: 1.1 — Нарушение глубины спуска [УШГН] | AZ2: А1 — АСПО | BA2: КР1-1 — Отключение отдельных интервалов и пропластков объекта эксплуатации. | BB2: Механическое повреждение | BC2: Механическое повреждение | BD2: Механическое повреждение | BE2: Механическое повреждение | BF2: Акт комиссии | BG2: Расследование продолжается | BH2: Не оценена | BI2: Удаление АСПО горячей нефтью | BJ2: ШГН — 27 мм | BK2: ЭЦН — габарит 5 | BL2: ЭВН — габарит 5 | BM2: ШГН — серия НВ1С-27 | BN2: ЭЦН — серия УЭЦН-5 | BO2: ЭВН 5-16-1200 | BP2: НПУ-ВД-М | BQ2: Новое | BR2: НКТ гладкая | BS2: Спуск | BT2: 27 мм | BV2: ШВН — типоразмер уточнить по паспорту | BW2: НПУ-ВД — типоразмер уточнить по паспорту | BX2: ШВН — марку уточнить по паспорту | BY2: Причина НПУ-ВД — уточнить по результатам расследования | BZ2: Снижение подачи | CA2: Снижение подачи | CB2: Насос | CC2: Насос | CD2: Механическое повреждение | CE2: Механическое повреждение | CF2: ШГН — 27 мм | CG2: ШГН — серия НВ1С-27 | CH2: Снижение подачи | CI2: Насос | CJ2: 1.1 — Механическое повреждение кабеля [УЭЦН] | CK2: Механическое повреждение | CL2: Новомет | CM2: ПЭД — габарит 96 мм | CN2: КПпБП-120 3×10 | CO2: КПпБП-120 3×10 (удлинитель) | CP2: Новомет | CQ2: Модульная гидрозащита — 69 мм | CR2: Новомет | CS2: ТМС-Новомет | CT2: AmasEnergy | CU2: Новомет | CV2: ГМС Ливгидромаш | CW2: РИТЭК | CX2: Производитель ШВН — уточнить по паспорту | CY2: AmasEnergy | CZ2: НКТ гладкая 60×5 мм | DA2: 2035 | DB2: =IF('История отказов'!AH5="","",'История отказов'!AH5) | DC2: =IF('История отказов'!AE5="","",IF(AND(COUNTIF($CT$2:$CT$2,'История отказов'!AE5)=0,COUNTIFS('История отказов'!$F$5:F5,"ШГН",'История отказов'!$AE$5:AE5,'История отказов'!AE5)=1,'История отказов'!F5="ШГН"),1,"")) | DD2: =IF('История отказов'!AE5="","",IF(AND(COUNTIF($CU$2:$CU$3,'История отказов'!AE5)=0,COUNTIFS('История отказов'!$F$5:F5,"ЭЦН",'История отказов'!$AE$5:AE5,'История отказов'!AE5)=1,'История отказов'!F5="ЭЦН"),1,"")) | DE2: =IF('История отказов'!AE5="","",IF(AND(COUNTIF($CV$2:$CV$3,'История отказов'!AE5)=0,COUNTIFS('История отказов'!$F$5:F5,"ЭВН",'История отказов'!$AE$5:AE5,'История отказов'!AE5)=1,'История отказов'!F5="ЭВН"),1,"")) | DF2: =IF('История отказов'!AE5="","",IF(AND(COUNTIF($CX$2:$CX$2,'История отказов'!AE5)=0,COUNTIFS('История отказов'!$F$5:F5,"ШВН",'История отказов'!$AE$5:AE5,'История отказов'!AE5)=1,'История отказов'!F5="ШВН"),1,"")) | DG2: =IF('История отказов'!AE5="","",IF(AND(COUNTIF($CW$2:$CW$2,'История отказов'!AE5)=0,COUNTIFS('История отказов'!$F$5:F5,"НПУ-ВД",'История отказов'!$AE$5:AE5,'История отказов'!AE5)=1,'История отказов'!F5="НПУ-ВД"),1,"")) | DH2: =IF('История отказов'!AE5="","",IF(AND(COUNTIF($CY$2:$CY$6,'История отказов'!AE5)=0,COUNTIF('История отказов'!$AE$5:AE5,'История отказов'!AE5)=1),1,"")) | DI2: =IF('История отказов'!AK5="","",IF(AND(COUNTIF($CL$2:$CL$3,'История отказов'!AK5)=0,COUNTIF('История отказов'!$AK$5:AK5,'История отказов'!AK5)=1),1,"")) | DJ2: =IF('История отказов'!AU5="","",IF(AND(COUNTIF($CP$2:$CP$3,'История отказов'!AU5)=0,COUNTIF('История отказов'!$AU$5:AU5,'История отказов'!AU5)=1),1,"")) | DK2: =IF('История отказов'!AY5="","",IF(AND(COUNTIF($CR$2:$CR$2,'История отказов'!AY5)=0,COUNTIF('История отказов'!$AY$5:AY5,'История отказов'!AY5)=1),1,"")) | DL2: =IF(DB2="","",IF(AND(COUNTIF($DA$2:$DA$47,DB2)=0,COUNTIF($DB$2:DB2,DB2)=1),1,""))
A3: ЭЦН | B3: Предварительный отказ | C3: Отсутствие подачи | D3: Рабочие органы насоса | E3: 1.2 — Нарушение глубины спуска [УЭЦН] | F3: А2 — АСПО | G3: А2 — АСПО | H3: КР1-2 — Отключение отдельных пластов. | I3: Абразивный износ | J3: 1.2 — Нарушение глубины спуска [УЭЦН] | K3: А2 — АСПО | L3: Дефектовочная ведомость | M3: Вероятная причина | N3: Низкая | O3: Удаление АСПО углеводородным растворителем | Q3: Марка ГНО | R3: ГОСТ 31835-2012; Новомет; ГМС Ливгидромаш; РИТЭК — неполный перечень | S3: Выбор из списка; отсутствующий паспортный типоразмер/марку вписать вручную | X3: ЭЦН — наблюдения | Y3: Ток, температура, вибрация и ток утечки являются измерениями; диагноз требует анализа | Z3: https://www.slb.com/products-and-services/innovating-in-oil-and-gas/completions/artificial-lift/intelligent-lift/gauges/phoenix-xt150-downhole-monitoring-system | AA3: ШГН — 32 мм | AB3: ШГН — серия НВ1С-32 | AN3: ЭЦН | AO3: Предварительный отказ | AP3: Отсутствие подачи | AQ3: Отсутствие подачи | AR3: Отсутствие подачи | AS3: Отсутствие подачи | AT3: Рабочие органы насоса | AU3: Рабочие органы насоса | AV3: Рабочие органы насоса | AW3: Рабочие органы насоса | AX3: 1.2 — Нарушение глубины спуска [УЭЦН] | AY3: 1.2 — Некачественная подготовка скважины [УШГН] | AZ3: А2 — АСПО | BA3: КР1-2 — Отключение отдельных пластов. | BB3: Абразивный износ | BC3: Абразивный износ | BD3: Абразивный износ | BE3: Абразивный износ | BF3: Дефектовочная ведомость | BG3: Вероятная причина | BH3: Низкая | BI3: Удаление АСПО углеводородным растворителем | BJ3: ШГН — 32 мм | BK3: ЭЦН — габарит 5У | BM3: ШГН — серия НВ1С-32 | BN3: ЭЦН — серия УЭЦН-5У | BO3: ЭВН 5-16-1500 | BQ3: После ремонта | BR3: НКТ с высаженными концами | BS3: Подъём | BT3: 32 мм | BZ3: Отсутствие подачи | CA3: Отсутствие подачи | CB3: Рабочие органы насоса | CC3: Рабочие органы насоса | CD3: Абразивный износ | CE3: Абразивный износ | CF3: ШГН — 32 мм | CG3: ШГН — серия НВ1С-32 | CH3: Отсутствие подачи | CI3: Рабочие органы насоса | CJ3: 1.2 — Нарушение глубины спуска [УЭЦН] | CK3: Абразивный износ | CL3: Борец | CM3: ПЭД — габарит 103 мм | CN3: КПпБП-120 3×13,3 | CO3: КПпБП-120 3×16 (удлинитель) | CP3: Борец | CQ3: Модульная гидрозащита — 81 мм | CR3: =IFERROR(INDEX('История отказов'!$AY$5:$AY$1204,SMALL($DK$2:$DK$1201,ROWS($CR$3:CR3))),"") | CS3: ТМСВ-Новомет | CT3: =IFERROR(INDEX('История отказов'!$AE$5:$AE$1204,SMALL($DC$2:$DC$1201,ROWS($CT$3:CT3))),"") | CU3: Борец | CV3: Борец | CW3: =IFERROR(INDEX('История отказов'!$AE$5:$AE$1204,SMALL($DG$2:$DG$1201,ROWS($CW$3:CW3))),"") | CX3: =IFERROR(INDEX('История отказов'!$AE$5:$AE$1204,SMALL($DF$2:$DF$1201,ROWS($CX$3:CX3))),"") | CY3: Новомет | CZ3: НКТ гладкая 73×5,5 мм | DA3: 2034 | DB3: =IF('История отказов'!AH6="","",'История отказов'!AH6) | DC3: =IF('История отказов'!AE6="","",IF(AND(COUNTIF($CT$2:$CT$2,'История отказов'!AE6)=0,COUNTIFS('История отказов'!$F$5:F6,"ШГН",'История отказов'!$AE$5:AE6,'История отказов'!AE6)=1,'История отказов'!F6="ШГН"),2,"")) | DD3: =IF('История отказов'!AE6="","",IF(AND(COUNTIF($CU$2:$CU$3,'История отказов'!AE6)=0,COUNTIFS('История отказов'!$F$5:F6,"ЭЦН",'История отказов'!$AE$5:AE6,'История отказов'!AE6)=1,'История отказов'!F6="ЭЦН"),2,"")) | DE3: =IF('История отказов'!AE6="","",IF(AND(COUNTIF($CV$2:$CV$3,'История отказов'!AE6)=0,COUNTIFS('История отказов'!$F$5:F6,"ЭВН",'История отказов'!$AE$5:AE6,'История отказов'!AE6)=1,'История отказов'!F6="ЭВН"),2,"")) | DF3: =IF('История отказов'!AE6="","",IF(AND(COUNTIF($CX$2:$CX$2,'История отказов'!AE6)=0,COUNTIFS('История отказов'!$F$5:F6,"ШВН",'История отказов'!$AE$5:AE6,'История отказов'!AE6)=1,'История отказов'!F6="ШВН"),2,"")) | DG3: =IF('История отказов'!AE6="","",IF(AND(COUNTIF($CW$2:$CW$2,'История отказов'!AE6)=0,COUNTIFS('История отказов'!$F$5:F6,"НПУ-ВД",'История отказов'!$AE$5:AE6,'История отказов'!AE6)=1,'История отказов'!F6="НПУ-ВД"),2,"")) | DH3: =IF('История отказов'!AE6="","",IF(AND(COUNTIF($CY$2:$CY$6,'История отказов'!AE6)=0,COUNTIF('История отказов'!$AE$5:AE6,'История отказов'!AE6)=1),2,"")) | DI3: =IF('История отказов'!AK6="","",IF(AND(COUNTIF($CL$2:$CL$3,'История отказов'!AK6)=0,COUNTIF('История отказов'!$AK$5:AK6,'История отказов'!AK6)=1),2,"")) | DJ3: =IF('История отказов'!AU6="","",IF(AND(COUNTIF($CP$2:$CP$3,'История отказов'!AU6)=0,COUNTIF('История отказов'!$AU$5:AU6,'История отказов'!AU6)=1),2,"")) | DK3: =IF('История отказов'!AY6="","",IF(AND(COUNTIF($CR$2:$CR$2,'История отказов'!AY6)=0,COUNTIF('История отказов'!$AY$5:AY6,'История отказов'!AY6)=1),2,"")) | DL3: =IF(DB3="","",IF(AND(COUNTIF($DA$2:$DA$47,DB3)=0,COUNTIF($DB$2:DB3,DB3)=1),2,""))
A4: ШВН | B4: Преждевременный подъём | C4: Нестабильная подача | D4: Вал насоса | E4: 1.3 — Некачественная подготовка скважины [УЭЦН] | F4: А3 — АСПО | G4: А3 — АСПО | H4: КР1-3 — Восстановление герметичности цементного кольца. | I4: Гидроабразивный износ | J4: 1.3 — Некачественная подготовка скважины [УЭЦН] | K4: А3 — АСПО | L4: Фото повреждения | M4: Предварительно подтверждено | N4: Средняя | O4: Дозирование ингибитора АСПО | Q4: Тип насоса | R4: Классификатор по способам, листы УЭЦН/УШГН; ЛУКОЙЛ РИТЭК для НПУ-ВД | S4: Выбор из списка; отсутствующий паспортный типоразмер/марку вписать вручную | X4: ЭЦН — механизм | Y4: Газовая блокировка, солеотложения и абразивный износ имеют разные проявления | Z4: https://www.slb.com/resource-library/case-study-with-navigation/al/lift-iq-colombia-alianza-casabe-esp-gas-locking-cs; https://www.slb.com/resource-library/case-study-with-navigation/al/esp-scale-cs; https://www.slb.com/resource-library/case-study-with-navigation/al/reda-maximus-colombia-cs | AA4: ШГН — 38 мм | AB4: ШГН — серия НВ1С-38 | AN4: ШВН | AO4: Преждевременный подъём | AP4: Нестабильная подача | AQ4: Нестабильная подача | AR4: Нестабильная подача | AS4: Нестабильная подача | AT4: Вал насоса | AU4: НКТ | AV4: Вал насоса | AW4: Приёмный модуль | AX4: 1.3 — Некачественная подготовка скважины [УЭЦН] | AY4: 1.3 — Не герметичность НКТ [УШГН] | AZ4: А3 — АСПО | BA4: КР1-3 — Восстановление герметичности цементного кольца. | BB4: Гидроабразивный износ | BC4: Коррозионное повреждение | BD4: Коррозионное повреждение | BE4: Коррозионное повреждение | BF4: Фото повреждения | BG4: Предварительно подтверждено | BH4: Средняя | BI4: Дозирование ингибитора АСПО | BJ4: ШГН — 38 мм | BK4: ЭЦН — габарит 6 | BM4: ШГН — серия НВ1С-38 | BO4: ЭВН 5-25-1000 | BQ4: Бывшее в эксплуатации | BR4: НКТ высокогерметичная | BS4: Спуск и подъём | BT4: 38 мм | BZ4: Нестабильная подача | CA4: Нестабильная подача | CB4: Вал насоса | CC4: Вал насоса | CD4: Коррозионное повреждение | CE4: Коррозионное повреждение | CF4: ШГН — 38 мм | CG4: ШГН — серия НВ1С-38 | CH4: Нестабильная подача | CI4: Вал насоса | CJ4: 1.3 — Некачественная подготовка скважины [УЭЦН] | CK4: Гидроабразивный износ | CL4: =IFERROR(INDEX('История отказов'!$AK$5:$AK$1204,SMALL($DI$2:$DI$1201,ROWS($CL$4:CL4))),"") | CM4: ПЭД — габарит 117 мм | CN4: КПпБП-120 3×16 | CO4: КПпБП-120 3×25 (удлинитель) | CP4: =IFERROR(INDEX('История отказов'!$AU$5:$AU$1204,SMALL($DJ$2:$DJ$1201,ROWS($CP$4:CP4))),"") | CQ4: Модульная гидрозащита — 86 мм | CR4: =IFERROR(INDEX('История отказов'!$AY$5:$AY$1204,SMALL($DK$2:$DK$1201,ROWS($CR$3:CR4))),"") | CS4: ТМСР-Новомет | CT4: =IFERROR(INDEX('История отказов'!$AE$5:$AE$1204,SMALL($DC$2:$DC$1201,ROWS($CT$3:CT4))),"") | CU4: =IFERROR(INDEX('История отказов'!$AE$5:$AE$1204,SMALL($DD$2:$DD$1201,ROWS($CU$4:CU4))),"") | CV4: =IFERROR(INDEX('История отказов'!$AE$5:$AE$1204,SMALL($DE$2:$DE$1201,ROWS($CV$4:CV4))),"") | CW4: =IFERROR(INDEX('История отказов'!$AE$5:$AE$1204,SMALL($DG$2:$DG$1201,ROWS($CW$3:CW4))),"") | CX4: =IFERROR(INDEX('История отказов'!$AE$5:$AE$1204,SMALL($DF$2:$DF$1201,ROWS($CX$3:CX4))),"") | CY4: Борец | CZ4: НКТ гладкая 73×7 мм | DA4: 2033 | DB4: =IF('История отказов'!AH7="","",'История отказов'!AH7) | DC4: =IF('История отказов'!AE7="","",IF(AND(COUNTIF($CT$2:$CT$2,'История отказов'!AE7)=0,COUNTIFS('История отказов'!$F$5:F7,"ШГН",'История отказов'!$AE$5:AE7,'История отказов'!AE7)=1,'История отказов'!F7="ШГН"),3,"")) | DD4: =IF('История отказов'!AE7="","",IF(AND(COUNTIF($CU$2:$CU$3,'История отказов'!AE7)=0,COUNTIFS('История отказов'!$F$5:F7,"ЭЦН",'История отказов'!$AE$5:AE7,'История отказов'!AE7)=1,'История отказов'!F7="ЭЦН"),3,"")) | DE4: =IF('История отказов'!AE7="","",IF(AND(COUNTIF($CV$2:$CV$3,'История отказов'!AE7)=0,COUNTIFS('История отказов'!$F$5:F7,"ЭВН",'История отказов'!$AE$5:AE7,'История отказов'!AE7)=1,'История отказов'!F7="ЭВН"),3,"")) | DF4: =IF('История отказов'!AE7="","",IF(AND(COUNTIF($CX$2:$CX$2,'История отказов'!AE7)=0,COUNTIFS('История отказов'!$F$5:F7,"ШВН",'История отказов'!$AE$5:AE7,'История отказов'!AE7)=1,'История отказов'!F7="ШВН"),3,"")) | DG4: =IF('История отказов'!AE7="","",IF(AND(COUNTIF($CW$2:$CW$2,'История отказов'!AE7)=0,COUNTIFS('История отказов'!$F$5:F7,"НПУ-ВД",'История отказов'!$AE$5:AE7,'История отказов'!AE7)=1,'История отказов'!F7="НПУ-ВД"),3,"")) | DH4: =IF('История отказов'!AE7="","",IF(AND(COUNTIF($CY$2:$CY$6,'История отказов'!AE7)=0,COUNTIF('История отказов'!$AE$5:AE7,'История отказов'!AE7)=1),3,"")) | DI4: =IF('История отказов'!AK7="","",IF(AND(COUNTIF($CL$2:$CL$3,'История отказов'!AK7)=0,COUNTIF('История отказов'!$AK$5:AK7,'История отказов'!AK7)=1),3,"")) | DJ4: =IF('История отказов'!AU7="","",IF(AND(COUNTIF($CP$2:$CP$3,'История отказов'!AU7)=0,COUNTIF('История отказов'!$AU$5:AU7,'История отказов'!AU7)=1),3,"")) | DK4: =IF('История отказов'!AY7="","",IF(AND(COUNTIF($CR$2:$CR$2,'История отказов'!AY7)=0,COUNTIF('История отказов'!$AY$5:AY7,'История отказов'!AY7)=1),3,"")) | DL4: =IF(DB4="","",IF(AND(COUNTIF($DA$2:$DA$47,DB4)=0,COUNTIF($DB$2:DB4,DB4)=1),3,""))
A5: ЭВН | B5: Плановый подъём | C5: Рост потребляемого тока | D5: Приёмный модуль | E5: 1.4 — Не герметичность НКТ [УЭЦН] | F5: К1 — Коррозия | G5: К1 — Коррозия | H5: КР1-4 — Наращивание цементного кольца за эксплуатационной, промежуточной колонной, кондуктором. | I5: Коррозионное повреждение | J5: 1.4 — Не герметичность НКТ [УЭЦН] | K5: К1 — Коррозия | L5: Лабораторный анализ | M5: Подтверждено комиссией | N5: Высокая | O5: Греющий кабель для предупреждения АСПО | Q5: Тип события | R5: Рабочие статусы реестра; ГОСТ Р 70841-2023 | S5: Выбор из списка; отсутствующий паспортный типоразмер/марку вписать вручную | X5: ШГН — динамограмма | Y5: Обрыв штанг и утечки клапанов определяются по картам как вероятный диагноз | Z5: https://hs.weatherford.com/knowledge/srp-solution-logic | AA5: ШГН — 44 мм | AB5: ШГН — серия НВ1С-44 | AN5: ЭВН | AO5: Плановый подъём | AP5: Рост потребляемого тока | AQ5: Повышенный вынос механических примесей | AR5: Повышенный вынос механических примесей | AS5: Повышенный вынос механических примесей | AT5: Приёмный модуль | AU5: Штанговая колонна | AV5: НКТ | AW5: НКТ | AX5: 1.4 — Не герметичность НКТ [УЭЦН] | AY5: 1.4 — Отворот штанг [УШГН] | AZ5: К1 — Коррозия | BA5: КР1-4 — Наращивание цементного кольца за эксплуатационной, промежуточной колонной, кондуктором. | BB5: Коррозионное повреждение | BC5: Коррозионно-усталостное разрушение | BD5: Коррозионно-усталостное разрушение | BE5: Усталостное разрушение | BF5: Лабораторный анализ | BG5: Подтверждено комиссией | BH5: Высокая | BI5: Греющий кабель для предупреждения АСПО | BJ5: ШГН — 44 мм | BM5: ШГН — серия НВ1С-44 | BO5: ЭВН 5-25-1500 | BQ5: Не установлено | BR5: Безмуфтовая НКТ | BS5: Не проводилось | BT5: 44 мм | BZ5: Повышенный вынос механических примесей | CA5: Рост потребляемого тока | CB5: НКТ | CC5: Приёмный модуль | CD5: Коррозионно-усталостное разрушение | CE5: Усталостное разрушение | CF5: ШГН — 44 мм | CG5: ШГН — серия НВ1С-44 | CH5: Рост потребляемого тока | CI5: Приёмный модуль | CJ5: 1.4 — Не герметичность НКТ [УЭЦН] | CK5: Коррозионное повреждение | CL5: =IFERROR(INDEX('История отказов'!$AK$5:$AK$1204,SMALL($DI$2:$DI$1201,ROWS($CL$4:CL5))),"") | CM5: ПЭД — габарит 130 мм | CN5: КПпБП-120 3×25 | CP5: =IFERROR(INDEX('История отказов'!$AU$5:$AU$1204,SMALL($DJ$2:$DJ$1201,ROWS($CP$4:CP5))),"") | CQ5: Модульная гидрозащита — 92 мм | CR5: =IFERROR(INDEX('История отказов'!$AY$5:$AY$1204,SMALL($DK$2:$DK$1201,ROWS($CR$3:CR5))),"") | CS5: ТМСПВ-Новомет | CT5: =IFERROR(INDEX('История отказов'!$AE$5:$AE$1204,SMALL($DC$2:$DC$1201,ROWS($CT$3:CT5))),"") | CU5: =IFERROR(INDEX('История отказов'!$AE$5:$AE$1204,SMALL($DD$2:$DD$1201,ROWS($CU$4:CU5))),"") | CV5: =IFERROR(INDEX('История отказов'!$AE$5:$AE$1204,SMALL($DE$2:$DE$1201,ROWS($CV$4:CV5))),"") | CW5: =IFERROR(INDEX('История отказов'!$AE$5:$AE$1204,SMALL($DG$2:$DG$1201,ROWS($CW$3:CW5))),"") | CX5: =IFERROR(INDEX('История отказов'!$AE$5:$AE$1204,SMALL($DF$2:$DF$1201,ROWS($CX$3:CX5))),"") | CY5: ГМС Ливгидромаш | CZ5: НКТ с высаженными концами 73×5,5 мм | DA5: 2032 | DB5: =IF('История отказов'!AH8="","",'История отказов'!AH8) | DC5: =IF('История отказов'!AE8="","",IF(AND(COUNTIF($CT$2:$CT$2,'История отказов'!AE8)=0,COUNTIFS('История отказов'!$F$5:F8,"ШГН",'История отказов'!$AE$5:AE8,'История отказов'!AE8)=1,'История отказов'!F8="ШГН"),4,"")) | DD5: =IF('История отказов'!AE8="","",IF(AND(COUNTIF($CU$2:$CU$3,'История отказов'!AE8)=0,COUNTIFS('История отказов'!$F$5:F8,"ЭЦН",'История отказов'!$AE$5:AE8,'История отказов'!AE8)=1,'История отказов'!F8="ЭЦН"),4,"")) | DE5: =IF('История отказов'!AE8="","",IF(AND(COUNTIF($CV$2:$CV$3,'История отказов'!AE8)=0,COUNTIFS('История отказов'!$F$5:F8,"ЭВН",'История отказов'!$AE$5:AE8,'История отказов'!AE8)=1,'История отказов'!F8="ЭВН"),4,"")) | DF5: =IF('История отказов'!AE8="","",IF(AND(COUNTIF($CX$2:$CX$2,'История отказов'!AE8)=0,COUNTIFS('История отказов'!$F$5:F8,"ШВН",'История отказов'!$AE$5:AE8,'История отказов'!AE8)=1,'История отказов'!F8="ШВН"),4,"")) | DG5: =IF('История отказов'!AE8="","",IF(AND(COUNTIF($CW$2:$CW$2,'История отказов'!AE8)=0,COUNTIFS('История отказов'!$F$5:F8,"НПУ-ВД",'История отказов'!$AE$5:AE8,'История отказов'!AE8)=1,'История отказов'!F8="НПУ-ВД"),4,"")) | DH5: =IF('История отказов'!AE8="","",IF(AND(COUNTIF($CY$2:$CY$6,'История отказов'!AE8)=0,COUNTIF('История отказов'!$AE$5:AE8,'История отказов'!AE8)=1),4,"")) | DI5: =IF('История отказов'!AK8="","",IF(AND(COUNTIF($CL$2:$CL$3,'История отказов'!AK8)=0,COUNTIF('История отказов'!$AK$5:AK8,'История отказов'!AK8)=1),4,"")) | DJ5: =IF('История отказов'!AU8="","",IF(AND(COUNTIF($CP$2:$CP$3,'История отказов'!AU8)=0,COUNTIF('История отказов'!$AU$5:AU8,'История отказов'!AU8)=1),4,"")) | DK5: =IF('История отказов'!AY8="","",IF(AND(COUNTIF($CR$2:$CR$2,'История отказов'!AY8)=0,COUNTIF('История отказов'!$AY$5:AY8,'История отказов'!AY8)=1),4,"")) | DL5: =IF(DB5="","",IF(AND(COUNTIF($DA$2:$DA$47,DB5)=0,COUNTIF($DB$2:DB5,DB5)=1),4,""))
A6: НПУ-ВД | B6: Подъём исправного оборудования | C6: Перегрузка электродвигателя | D6: Газосепаратор | E6: 1.5 — Нарушение СПО [УЭЦН] | F6: К2 — Коррозия | G6: К2 — Коррозия | H6: КР2-1 — Устранение не герметичности тампонированием. | I6: Коррозионно-усталостное разрушение | J6: 1.5 — Нарушение СПО [УЭЦН] | K6: К2 — Коррозия | L6: Анализ отложений | M6: Подтверждено разбором оборудования | O6: Дозирование ингибитора коррозии | Q6: Признак / предпосылка | R6: Рабочие формулировки признаков; МУ и материалы изготовителей | S6: Выбор из списка; отсутствующий паспортный типоразмер/марку вписать вручную | X6: ШВН/ЭВН — элементы | Y6: Ротор и эластомерный статор относятся к PCP по комплектации | Z6: https://www.weatherford.com/documents/papers/2025/applying-o-g-als-technology-to-enable-worldwide-food-security-and-a-greener-future-by-improving-boro/ | AA6: ШГН — 50 мм | AB6: ШГН — серия НВ1С-50 | AN6: НПУ-ВД | AO6: Подъём исправного оборудования | AP6: Перегрузка электродвигателя | AQ6: Рост нагрузок штанговой колонны | AR6: Подозрение на засорение приёма по снижению подачи | AS6: Подозрение на засорение приёма по снижению подачи | AT6: Газосепаратор | AU6: Муфта штанг | AV6: Штанговая колонна | AW6: Наземный привод | AX6: 1.5 — Нарушение СПО [УЭЦН] | AY6: 1.5 — Нарушение СПО [УШГН] | AZ6: К2 — Коррозия | BA6: КР2-1 — Устранение не герметичности тампонированием. | BB6: Усталостное разрушение | BC6: Усталостное разрушение | BD6: Усталостное разрушение | BE6: Обрыв | BF6: Анализ отложений | BG6: Подтверждено разбором оборудования | BI6: Дозирование ингибитора коррозии | BJ6: ШГН — 50 мм | BM6: ШГН — серия НВ1С-50 | BO6: ЭВН 5-25-1700 | BT6: 50 мм | BZ6: Подозрение на засорение приёма по снижению подачи | CA6: Перегрузка электродвигателя | CB6: Штанговая колонна | CC6: Гидрозащита | CD6: Усталостное разрушение | CE6: Обрыв | CF6: ШГН — 50 мм | CG6: ШГН — серия НВ1С-50 | CH6: Перегрузка электродвигателя | CI6: Газосепаратор | CJ6: 1.5 — Нарушение СПО [УЭЦН] | CK6: Коррозионно-усталостное разрушение | CL6: =IFERROR(INDEX('История отказов'!$AK$5:$AK$1204,SMALL($DI$2:$DI$1201,ROWS($CL$4:CL6))),"") | CM6: ПЭД — габарит 143 мм | CN6: КПпБП-120 3×35 | CP6: =IFERROR(INDEX('История отказов'!$AU$5:$AU$1204,SMALL($DJ$2:$DJ$1201,ROWS($CP$4:CP6))),"") | CQ6: Модульная гидрозащита — 103 мм | CR6: =IFERROR(INDEX('История отказов'!$AY$5:$AY$1204,SMALL($DK$2:$DK$1201,ROWS($CR$3:CR6))),"") | CS6: ТМСРПВ-Новомет | CT6: =IFERROR(INDEX('История отказов'!$AE$5:$AE$1204,SMALL($DC$2:$DC$1201,ROWS($CT$3:CT6))),"") | CU6: =IFERROR(INDEX('История отказов'!$AE$5:$AE$1204,SMALL($DD$2:$DD$1201,ROWS($CU$4:CU6))),"") | CV6: =IFERROR(INDEX('История отказов'!$AE$5:$AE$1204,SMALL($DE$2:$DE$1201,ROWS($CV$4:CV6))),"") | CW6: =IFERROR(INDEX('История отказов'!$AE$5:$AE$1204,SMALL($DG$2:$DG$1201,ROWS($CW$3:CW6))),"") | CX6: =IFERROR(INDEX('История отказов'!$AE$5:$AE$1204,SMALL($DF$2:$DF$1201,ROWS($CX$3:CX6))),"") | CY6: РИТЭК | CZ6: НКТ высокогерметичная 73×5,5 мм | DA6: 2031 | DB6: =IF('История отказов'!AH9="","",'История отказов'!AH9) | DC6: =IF('История отказов'!AE9="","",IF(AND(COUNTIF($CT$2:$CT$2,'История отказов'!AE9)=0,COUNTIFS('История отказов'!$F$5:F9,"ШГН",'История отказов'!$AE$5:AE9,'История отказов'!AE9)=1,'История отказов'!F9="ШГН"),5,"")) | DD6: =IF('История отказов'!AE9="","",IF(AND(COUNTIF($CU$2:$CU$3,'История отказов'!AE9)=0,COUNTIFS('История отказов'!$F$5:F9,"ЭЦН",'История отказов'!$AE$5:AE9,'История отказов'!AE9)=1,'История отказов'!F9="ЭЦН"),5,"")) | DE6: =IF('История отказов'!AE9="","",IF(AND(COUNTIF($CV$2:$CV$3,'История отказов'!AE9)=0,COUNTIFS('История отказов'!$F$5:F9,"ЭВН",'История отказов'!$AE$5:AE9,'История отказов'!AE9)=1,'История отказов'!F9="ЭВН"),5,"")) | DF6: =IF('История отказов'!AE9="","",IF(AND(COUNTIF($CX$2:$CX$2,'История отказов'!AE9)=0,COUNTIFS('История отказов'!$F$5:F9,"ШВН",'История отказов'!$AE$5:AE9,'История отказов'!AE9)=1,'История отказов'!F9="ШВН"),5,"")) | DG6: =IF('История отказов'!AE9="","",IF(AND(COUNTIF($CW$2:$CW$2,'История отказов'!AE9)=0,COUNTIFS('История отказов'!$F$5:F9,"НПУ-ВД",'История отказов'!$AE$5:AE9,'История отказов'!AE9)=1,'История отказов'!F9="НПУ-ВД"),5,"")) | DH6: =IF('История отказов'!AE9="","",IF(AND(COUNTIF($CY$2:$CY$6,'История отказов'!AE9)=0,COUNTIF('История отказов'!$AE$5:AE9,'История отказов'!AE9)=1),5,"")) | DI6: =IF('История отказов'!AK9="","",IF(AND(COUNTIF($CL$2:$CL$3,'История отказов'!AK9)=0,COUNTIF('История отказов'!$AK$5:AK9,'История отказов'!AK9)=1),5,"")) | DJ6: =IF('История отказов'!AU9="","",IF(AND(COUNTIF($CP$2:$CP$3,'История отказов'!AU9)=0,COUNTIF('История отказов'!$AU$5:AU9,'История отказов'!AU9)=1),5,"")) | DK6: =IF('История отказов'!AY9="","",IF(AND(COUNTIF($CR$2:$CR$2,'История отказов'!AY9)=0,COUNTIF('История отказов'!$AY$5:AY9,'История отказов'!AY9)=1),5,"")) | DL6: =IF(DB6="","",IF(AND(COUNTIF($DA$2:$DA$47,DB6)=0,COUNTIF($DB$2:DB6,DB6)=1),5,""))
B7: Оборудование продолжает работать | C7: Снижение сопротивления изоляции | D7: Гидрозащита | E7: 1.6 — Авария [УЭЦН] | F7: К3 — Коррозия | G7: К3 — Коррозия | H7: КР2-2 — Устранение установкой пластыря. | I7: Усталостное разрушение | J7: 1.6 — Авария [УЭЦН] | K7: К3 — Коррозия | L7: Металлография | M7: Причина не установлена | O7: Коррозионностойкий материал / покрытие | Q7: Отказавший узел | R7: Рабочая номенклатура узлов; стандарты на насосы и материалы изготовителей | S7: Выбор из списка; отсутствующий паспортный типоразмер/марку вписать вручную | X7: Электрические повреждения | Y7: Физический дефект изоляции не равен измеренному снижению сопротивления | Z7: https://www.slb.com/-/media/files/oilfield-review/p30-43-2 | AA7: ШГН — 57 мм | AB7: ШГН — серия НВ1С-57 | AO7: Оборудование продолжает работать | AP7: Снижение сопротивления изоляции | AQ7: Изменение динамограммы | AR7: Подозрение на отложения по снижению подачи и росту температуры | AS7: Подозрение на отложения по снижению подачи и росту температуры | AT7: Гидрозащита | AU7: Плунжер | AV7: Ротор винтового насоса | AW7: Устьевое оборудование | AX7: 1.6 — Авария [УЭЦН] | AY7: 1.6 — Авария [УШГН] | AZ7: К3 — Коррозия | BA7: КР2-2 — Устранение установкой пластыря. | BB7: Обрыв | BC7: Обрыв | BD7: Обрыв | BE7: Отворот | BF7: Металлография | BG7: Причина не установлена | BI7: Коррозионностойкий материал / покрытие | BJ7: ШГН — 57 мм | BM7: ШГН — серия НВ1С-57 | BO7: ЭВН 5-63-1500 | BT7: 57 мм | BZ7: Подозрение на отложения по снижению подачи и росту температуры | CA7: Снижение сопротивления изоляции | CB7: Муфта штанг | CC7: Погружной электродвигатель | CD7: Обрыв | CE7: Отворот | CF7: ШГН — 57 мм | CG7: ШГН — серия НВ1С-57 | CH7: Снижение сопротивления изоляции | CI7: Гидрозащита | CJ7: 1.6 — Авария [УЭЦН] | CK7: Усталостное разрушение | CL7: =IFERROR(INDEX('История отказов'!$AK$5:$AK$1204,SMALL($DI$2:$DI$1201,ROWS($CL$4:CL7))),"") | CM7: ПЭД — габарит 185 мм | CP7: =IFERROR(INDEX('История отказов'!$AU$5:$AU$1204,SMALL($DJ$2:$DJ$1201,ROWS($CP$4:CP7))),"") | CQ7: Модульная гидрозащита — 114 мм | CR7: =IFERROR(INDEX('История отказов'!$AY$5:$AY$1204,SMALL($DK$2:$DK$1201,ROWS($CR$3:CR7))),"") | CT7: =IFERROR(INDEX('История отказов'!$AE$5:$AE$1204,SMALL($DC$2:$DC$1201,ROWS($CT$3:CT7))),"") | CU7: =IFERROR(INDEX('История отказов'!$AE$5:$AE$1204,SMALL($DD$2:$DD$1201,ROWS($CU$4:CU7))),"") | CV7: =IFERROR(INDEX('История отказов'!$AE$5:$AE$1204,SMALL($DE$2:$DE$1201,ROWS($CV$4:CV7))),"") | CW7: =IFERROR(INDEX('История отказов'!$AE$5:$AE$1204,SMALL($DG$2:$DG$1201,ROWS($CW$3:CW7))),"") | CX7: =IFERROR(INDEX('История отказов'!$AE$5:$AE$1204,SMALL($DF$2:$DF$1201,ROWS($CX$3:CX7))),"") | CY7: =IFERROR(INDEX('История отказов'!$AE$5:$AE$1204,SMALL($DH$2:$DH$1201,ROWS($CY$7:CY7))),"") | CZ7: НКТ гладкая 89×6,5 мм | DA7: 2030 | DB7: =IF('История отказов'!AH10="","",'История отказов'!AH10) | DC7: =IF('История отказов'!AE10="","",IF(AND(COUNTIF($CT$2:$CT$2,'История отказов'!AE10)=0,COUNTIFS('История отказов'!$F$5:F10,"ШГН",'История отказов'!$AE$5:AE10,'История отказов'!AE10)=1,'История отказов'!F10="ШГН"),6,"")) | DD7: =IF('История отказов'!AE10="","",IF(AND(COUNTIF($CU$2:$CU$3,'История отказов'!AE10)=0,COUNTIFS('История отказов'!$F$5:F10,"ЭЦН",'История отказов'!$AE$5:AE10,'История отказов'!AE10)=1,'История отказов'!F10="ЭЦН"),6,"")) | DE7: =IF('История отказов'!AE10="","",IF(AND(COUNTIF($CV$2:$CV$3,'История отказов'!AE10)=0,COUNTIFS('История отказов'!$F$5:F10,"ЭВН",'История отказов'!$AE$5:AE10,'История отказов'!AE10)=1,'История отказов'!F10="ЭВН"),6,"")) | DF7: =IF('История отказов'!AE10="","",IF(AND(COUNTIF($CX$2:$CX$2,'История отказов'!AE10)=0,COUNTIFS('История отказов'!$F$5:F10,"ШВН",'История отказов'!$AE$5:AE10,'История отказов'!AE10)=1,'История отказов'!F10="ШВН"),6,"")) | DG7: =IF('История отказов'!AE10="","",IF(AND(COUNTIF($CW$2:$CW$2,'История отказов'!AE10)=0,COUNTIFS('История отказов'!$F$5:F10,"НПУ-ВД",'История отказов'!$AE$5:AE10,'История отказов'!AE10)=1,'История отказов'!F10="НПУ-ВД"),6,"")) | DH7: =IF('История отказов'!AE10="","",IF(AND(COUNTIF($CY$2:$CY$6,'История отказов'!AE10)=0,COUNTIF('История отказов'!$AE$5:AE10,'История отказов'!AE10)=1),6,"")) | DI7: =IF('История отказов'!AK10="","",IF(AND(COUNTIF($CL$2:$CL$3,'История отказов'!AK10)=0,COUNTIF('История отказов'!$AK$5:AK10,'История отказов'!AK10)=1),6,"")) | DJ7: =IF('История отказов'!AU10="","",IF(AND(COUNTIF($CP$2:$CP$3,'История отказов'!AU10)=0,COUNTIF('История отказов'!$AU$5:AU10,'История отказов'!AU10)=1),6,"")) | DK7: =IF('История отказов'!AY10="","",IF(AND(COUNTIF($CR$2:$CR$2,'История отказов'!AY10)=0,COUNTIF('История отказов'!$AY$5:AY10,'История отказов'!AY10)=1),6,"")) | DL7: =IF(DB7="","",IF(AND(COUNTIF($DA$2:$DA$47,DB7)=0,COUNTIF($DB$2:DB7,DB7)=1),6,""))
B8: Иное событие | C8: Остановка по защите | D8: Погружной электродвигатель | E8: 1.7 — Организационные причины ТРС [УЭЦН] | F8: В1 — Высокая вязкость | G8: В1 — Высокая вязкость | H8: КР2-3 — Устранение не герметичности спуском дополнительной обсадной колонны меньшего диаметра. | I8: Обрыв | J8: 1.7 — Организационные причины ТРС [УЭЦН] | K8: В1 — Высокая вязкость | L8: Телеметрия | O8: Погружной протектор | Q8: Предварительная причина | R8: Классификатор по способам 2024 V10 | S8: Выбор из списка; отсутствующий паспортный типоразмер/марку вписать вручную | X8: Предел источников | Y8: Каталоги марок неполные; конкретные G/H сверять с паспортом установки | Z8: Паспорт / акт спуска конкретной скважины | AA8: ЭЦН — габарит 5 | AB8: ЭЦН — серия УЭЦН-5 | AO8: Иное событие | AP8: Остановка по защите | AQ8: Подозрение на обрыв штанг по динамограмме | AR8: Рост нагрузок штанговой колонны | AS8: Подозрение на негерметичность НКТ | AT8: Погружной электродвигатель | AU8: Цилиндр | AV8: Статор винтового насоса | AW8: Дополнительное оборудование | AX8: 1.7 — Организационные причины ТРС [УЭЦН] | AY8: 1.7 — Организационные причины ТРС [УШГН] | AZ8: В1 — Высокая вязкость | BA8: КР2-3 — Устранение не герметичности спуском дополнительной обсадной колонны меньшего диаметра. | BB8: Отворот | BC8: Отворот | BD8: Отворот | BE8: Заклинивание | BF8: Телеметрия | BI8: Погружной протектор | BO8: ЭВН 5-100-1000 | BZ8: Рост нагрузок штанговой колонны | CA8: Остановка по защите | CB8: Ротор винтового насоса | CC8: Кабельная линия | CD8: Отворот | CE8: Заклинивание | CF8: ЭЦН — габарит 5 | CG8: ЭЦН — серия УЭЦН-5 | CH8: Остановка по защите | CI8: Погружной электродвигатель | CJ8: 1.7 — Организационные причины ТРС [УЭЦН] | CK8: Обрыв | CL8: =IFERROR(INDEX('История отказов'!$AK$5:$AK$1204,SMALL($DI$2:$DI$1201,ROWS($CL$4:CL8))),"") | CP8: =IFERROR(INDEX('История отказов'!$AU$5:$AU$1204,SMALL($DJ$2:$DJ$1201,ROWS($CP$4:CP8))),"") | CQ8: Модульная гидрозащита — 136 мм | CR8: =IFERROR(INDEX('История отказов'!$AY$5:$AY$1204,SMALL($DK$2:$DK$1201,ROWS($CR$3:CR8))),"") | CT8: =IFERROR(INDEX('История отказов'!$AE$5:$AE$1204,SMALL($DC$2:$DC$1201,ROWS($CT$3:CT8))),"") | CU8: =IFERROR(INDEX('История отказов'!$AE$5:$AE$1204,SMALL($DD$2:$DD$1201,ROWS($CU$4:CU8))),"") | CV8: =IFERROR(INDEX('История отказов'!$AE$5:$AE$1204,SMALL($DE$2:$DE$1201,ROWS($CV$4:CV8))),"") | CW8: =IFERROR(INDEX('История отказов'!$AE$5:$AE$1204,SMALL($DG$2:$DG$1201,ROWS($CW$3:CW8))),"") | CX8: =IFERROR(INDEX('История отказов'!$AE$5:$AE$1204,SMALL($DF$2:$DF$1201,ROWS($CX$3:CX8))),"") | CY8: =IFERROR(INDEX('История отказов'!$AE$5:$AE$1204,SMALL($DH$2:$DH$1201,ROWS($CY$7:CY8))),"") | DA8: 2029 | DB8: =IF('История отказов'!AH11="","",'История отказов'!AH11) | DC8: =IF('История отказов'!AE11="","",IF(AND(COUNTIF($CT$2:$CT$2,'История отказов'!AE11)=0,COUNTIFS('История отказов'!$F$5:F11,"ШГН",'История отказов'!$AE$5:AE11,'История отказов'!AE11)=1,'История отказов'!F11="ШГН"),7,"")) | DD8: =IF('История отказов'!AE11="","",IF(AND(COUNTIF($CU$2:$CU$3,'История отказов'!AE11)=0,COUNTIFS('История отказов'!$F$5:F11,"ЭЦН",'История отказов'!$AE$5:AE11,'История отказов'!AE11)=1,'История отказов'!F11="ЭЦН"),7,"")) | DE8: =IF('История отказов'!AE11="","",IF(AND(COUNTIF($CV$2:$CV$3,'История отказов'!AE11)=0,COUNTIFS('История отказов'!$F$5:F11,"ЭВН",'История отказов'!$AE$5:AE11,'История отказов'!AE11)=1,'История отказов'!F11="ЭВН"),7,"")) | DF8: =IF('История отказов'!AE11="","",IF(AND(COUNTIF($CX$2:$CX$2,'История отказов'!AE11)=0,COUNTIFS('История отказов'!$F$5:F11,"ШВН",'История отказов'!$AE$5:AE11,'История отказов'!AE11)=1,'История отказов'!F11="ШВН"),7,"")) | DG8: =IF('История отказов'!AE11="","",IF(AND(COUNTIF($CW$2:$CW$2,'История отказов'!AE11)=0,COUNTIFS('История отказов'!$F$5:F11,"НПУ-ВД",'История отказов'!$AE$5:AE11,'История отказов'!AE11)=1,'История отказов'!F11="НПУ-ВД"),7,"")) | DH8: =IF('История отказов'!AE11="","",IF(AND(COUNTIF($CY$2:$CY$6,'История отказов'!AE11)=0,COUNTIF('История отказов'!$AE$5:AE11,'История отказов'!AE11)=1),7,"")) | DI8: =IF('История отказов'!AK11="","",IF(AND(COUNTIF($CL$2:$CL$3,'История отказов'!AK11)=0,COUNTIF('История отказов'!$AK$5:AK11,'История отказов'!AK11)=1),7,"")) | DJ8: =IF('История отказов'!AU11="","",IF(AND(COUNTIF($CP$2:$CP$3,'История отказов'!AU11)=0,COUNTIF('История отказов'!$AU$5:AU11,'История отказов'!AU11)=1),7,"")) | DK8: =IF('История отказов'!AY11="","",IF(AND(COUNTIF($CR$2:$CR$2,'История отказов'!AY11)=0,COUNTIF('История отказов'!$AY$5:AY11,'История отказов'!AY11)=1),7,"")) | DL8: =IF(DB8="","",IF(AND(COUNTIF($DA$2:$DA$47,DB8)=0,COUNTIF($DB$2:DB8,DB8)=1),7,""))
C9: Рост вибрации | D9: Кабельная линия | E9: 2.1 — Механическое повреждение кабеля [УЭЦН] | F9: В2 — Высокая вязкость | G9: В2 — Высокая вязкость | H9: КР2-4 — Устранение не герметичности частичной сменой эксплуатационной колонны. | I9: Отворот | J9: 2.1 — Механическое повреждение кабеля [УЭЦН] | K9: В2 — Высокая вязкость | L9: Динамограмма | O9: Деэмульгатор при высоковязкой эмульсии | Q9: Основная категория | R9: МУ по отнесению скважин к ОФ | S9: Выбор из списка; отсутствующий паспортный типоразмер/марку вписать вручную | AA9: ЭЦН — габарит 5У | AB9: ЭЦН — серия УЭЦН-5У | AP9: Рост вибрации | AQ9: Подозрение на негерметичность НКТ | AR9: Подозрение на негерметичность НКТ | AS9: Другое — описать в комментарии | AT9: Кабельная линия | AU9: Клапанный узел | AV9: Наземный привод | AW9: Узел не установлен | AX9: 2.1 — Механическое повреждение кабеля [УЭЦН] | AY9: 2.1 — Нарушение глубины спуска [УШГН] | AZ9: В2 — Высокая вязкость | BA9: КР2-4 — Устранение не герметичности частичной сменой эксплуатационной колонны. | BB9: Заклинивание | BC9: Заклинивание | BD9: Заклинивание | BE9: Засорение | BF9: Динамограмма | BI9: Деэмульгатор при высоковязкой эмульсии | BO9: ЭВН 5-100-1200 | BZ9: Подозрение на негерметичность НКТ | CA9: Рост вибрации | CB9: Статор винтового насоса | CC9: Кабельный удлинитель | CD9: Заклинивание | CE9: Засорение | CF9: ЭЦН — габарит 5У | CG9: ЭЦН — серия УЭЦН-5У | CH9: Рост вибрации | CI9: Кабельная линия | CJ9: 2.1 — Механическое повреждение кабеля [УЭЦН] | CK9: Отворот | CL9: =IFERROR(INDEX('История отказов'!$AK$5:$AK$1204,SMALL($DI$2:$DI$1201,ROWS($CL$4:CL9))),"") | CP9: =IFERROR(INDEX('История отказов'!$AU$5:$AU$1204,SMALL($DJ$2:$DJ$1201,ROWS($CP$4:CP9))),"") | CQ9: Модульная гидрозащита — 172 мм | CR9: =IFERROR(INDEX('История отказов'!$AY$5:$AY$1204,SMALL($DK$2:$DK$1201,ROWS($CR$3:CR9))),"") | CT9: =IFERROR(INDEX('История отказов'!$AE$5:$AE$1204,SMALL($DC$2:$DC$1201,ROWS($CT$3:CT9))),"") | CU9: =IFERROR(INDEX('История отказов'!$AE$5:$AE$1204,SMALL($DD$2:$DD$1201,ROWS($CU$4:CU9))),"") | CV9: =IFERROR(INDEX('История отказов'!$AE$5:$AE$1204,SMALL($DE$2:$DE$1201,ROWS($CV$4:CV9))),"") | CW9: =IFERROR(INDEX('История отказов'!$AE$5:$AE$1204,SMALL($DG$2:$DG$1201,ROWS($CW$3:CW9))),"") | CX9: =IFERROR(INDEX('История отказов'!$AE$5:$AE$1204,SMALL($DF$2:$DF$1201,ROWS($CX$3:CX9))),"") | CY9: =IFERROR(INDEX('История отказов'!$AE$5:$AE$1204,SMALL($DH$2:$DH$1201,ROWS($CY$7:CY9))),"") | DA9: 2028 | DB9: =IF('История отказов'!AH12="","",'История отказов'!AH12) | DC9: =IF('История отказов'!AE12="","",IF(AND(COUNTIF($CT$2:$CT$2,'История отказов'!AE12)=0,COUNTIFS('История отказов'!$F$5:F12,"ШГН",'История отказов'!$AE$5:AE12,'История отказов'!AE12)=1,'История отказов'!F12="ШГН"),8,"")) | DD9: =IF('История отказов'!AE12="","",IF(AND(COUNTIF($CU$2:$CU$3,'История отказов'!AE12)=0,COUNTIFS('История отказов'!$F$5:F12,"ЭЦН",'История отказов'!$AE$5:AE12,'История отказов'!AE12)=1,'История отказов'!F12="ЭЦН"),8,"")) | DE9: =IF('История отказов'!AE12="","",IF(AND(COUNTIF($CV$2:$CV$3,'История отказов'!AE12)=0,COUNTIFS('История отказов'!$F$5:F12,"ЭВН",'История отказов'!$AE$5:AE12,'История отказов'!AE12)=1,'История отказов'!F12="ЭВН"),8,"")) | DF9: =IF('История отказов'!AE12="","",IF(AND(COUNTIF($CX$2:$CX$2,'История отказов'!AE12)=0,COUNTIFS('История отказов'!$F$5:F12,"ШВН",'История отказов'!$AE$5:AE12,'История отказов'!AE12)=1,'История отказов'!F12="ШВН"),8,"")) | DG9: =IF('История отказов'!AE12="","",IF(AND(COUNTIF($CW$2:$CW$2,'История отказов'!AE12)=0,COUNTIFS('История отказов'!$F$5:F12,"НПУ-ВД",'История отказов'!$AE$5:AE12,'История отказов'!AE12)=1,'История отказов'!F12="НПУ-ВД"),8,"")) | DH9: =IF('История отказов'!AE12="","",IF(AND(COUNTIF($CY$2:$CY$6,'История отказов'!AE12)=0,COUNTIF('История отказов'!$AE$5:AE12,'История отказов'!AE12)=1),8,"")) | DI9: =IF('История отказов'!AK12="","",IF(AND(COUNTIF($CL$2:$CL$3,'История отказов'!AK12)=0,COUNTIF('История отказов'!$AK$5:AK12,'История отказов'!AK12)=1),8,"")) | DJ9: =IF('История отказов'!AU12="","",IF(AND(COUNTIF($CP$2:$CP$3,'История отказов'!AU12)=0,COUNTIF('История отказов'!$AU$5:AU12,'История отказов'!AU12)=1),8,"")) | DK9: =IF('История отказов'!AY12="","",IF(AND(COUNTIF($CR$2:$CR$2,'История отказов'!AY12)=0,COUNTIF('История отказов'!$AY$5:AY12,'История отказов'!AY12)=1),8,"")) | DL9: =IF(DB9="","",IF(AND(COUNTIF($DA$2:$DA$47,DB9)=0,COUNTIF($DB$2:DB9,DB9)=1),8,""))
C10: Рост температуры двигателя | D10: Кабельный удлинитель | E10: 2.2 — Нарушение глубины спуска [УЭЦН] | F10: В3 — Высокая вязкость | G10: В3 — Высокая вязкость | H10: КР2-5 — Устранение не герметичности эксплуатационной колонны доворотом. | I10: Заклинивание | J10: 2.2 — Нарушение глубины спуска [УЭЦН] | K10: В3 — Высокая вязкость | L10: Ремонтный отчёт | O10: Насос для высоковязкой продукции | Q10: Сопутствующая категория | R10: МУ по отнесению скважин к ОФ | S10: Выбор из списка; отсутствующий паспортный типоразмер/марку вписать вручную | X10: Независимая проверка | Y10: Результат | Z10: Сверка | AA10: ЭЦН — габарит 6 | AB10: ЭВН 5-16-1200 | AP10: Рост температуры двигателя | AQ10: Другое — описать в комментарии | AR10: Другое — описать в комментарии | AS10: Изменение давления на приёме насоса | AT10: Кабельный удлинитель | AU10: Наземный привод | AV10: Устьевое оборудование | AW10: Приёмная сетка насоса | AX10: 2.2 — Нарушение глубины спуска [УЭЦН] | AY10: 2.2 — Некачественная подготовка скважины [УШГН] | AZ10: В3 — Высокая вязкость | BA10: КР2-5 — Устранение не герметичности эксплуатационной колонны доворотом. | BB10: Засорение | BC10: Засорение | BD10: Засорение | BE10: Отложения | BF10: Ремонтный отчёт | BI10: Насос для высоковязкой продукции | BO10: ЭВН 5-12-1500 | BZ10: Другое — описать в комментарии | CA10: Рост температуры двигателя | CB10: Наземный привод | CC10: Система ТМС | CD10: Засорение | CE10: Отложения | CF10: ЭЦН — габарит 6 | CG10: ЭВН 5-16-1200 | CH10: Рост температуры двигателя | CI10: Кабельный удлинитель | CJ10: 2.2 — Нарушение глубины спуска [УЭЦН] | CK10: Заклинивание | CL10: =IFERROR(INDEX('История отказов'!$AK$5:$AK$1204,SMALL($DI$2:$DI$1201,ROWS($CL$4:CL10))),"") | CP10: =IFERROR(INDEX('История отказов'!$AU$5:$AU$1204,SMALL($DJ$2:$DJ$1201,ROWS($CP$4:CP10))),"") | CR10: =IFERROR(INDEX('История отказов'!$AY$5:$AY$1204,SMALL($DK$2:$DK$1201,ROWS($CR$3:CR10))),"") | CT10: =IFERROR(INDEX('История отказов'!$AE$5:$AE$1204,SMALL($DC$2:$DC$1201,ROWS($CT$3:CT10))),"") | CU10: =IFERROR(INDEX('История отказов'!$AE$5:$AE$1204,SMALL($DD$2:$DD$1201,ROWS($CU$4:CU10))),"") | CV10: =IFERROR(INDEX('История отказов'!$AE$5:$AE$1204,SMALL($DE$2:$DE$1201,ROWS($CV$4:CV10))),"") | CW10: =IFERROR(INDEX('История отказов'!$AE$5:$AE$1204,SMALL($DG$2:$DG$1201,ROWS($CW$3:CW10))),"") | CX10: =IFERROR(INDEX('История отказов'!$AE$5:$AE$1204,SMALL($DF$2:$DF$1201,ROWS($CX$3:CX10))),"") | CY10: =IFERROR(INDEX('История отказов'!$AE$5:$AE$1204,SMALL($DH$2:$DH$1201,ROWS($CY$7:CY10))),"") | DA10: 2027 | DB10: =IF('История отказов'!AH13="","",'История отказов'!AH13) | DC10: =IF('История отказов'!AE13="","",IF(AND(COUNTIF($CT$2:$CT$2,'История отказов'!AE13)=0,COUNTIFS('История отказов'!$F$5:F13,"ШГН",'История отказов'!$AE$5:AE13,'История отказов'!AE13)=1,'История отказов'!F13="ШГН"),9,"")) | DD10: =IF('История отказов'!AE13="","",IF(AND(COUNTIF($CU$2:$CU$3,'История отказов'!AE13)=0,COUNTIFS('История отказов'!$F$5:F13,"ЭЦН",'История отказов'!$AE$5:AE13,'История отказов'!AE13)=1,'История отказов'!F13="ЭЦН"),9,"")) | DE10: =IF('История отказов'!AE13="","",IF(AND(COUNTIF($CV$2:$CV$3,'История отказов'!AE13)=0,COUNTIFS('История отказов'!$F$5:F13,"ЭВН",'История отказов'!$AE$5:AE13,'История отказов'!AE13)=1,'История отказов'!F13="ЭВН"),9,"")) | DF10: =IF('История отказов'!AE13="","",IF(AND(COUNTIF($CX$2:$CX$2,'История отказов'!AE13)=0,COUNTIFS('История отказов'!$F$5:F13,"ШВН",'История отказов'!$AE$5:AE13,'История отказов'!AE13)=1,'История отказов'!F13="ШВН"),9,"")) | DG10: =IF('История отказов'!AE13="","",IF(AND(COUNTIF($CW$2:$CW$2,'История отказов'!AE13)=0,COUNTIFS('История отказов'!$F$5:F13,"НПУ-ВД",'История отказов'!$AE$5:AE13,'История отказов'!AE13)=1,'История отказов'!F13="НПУ-ВД"),9,"")) | DH10: =IF('История отказов'!AE13="","",IF(AND(COUNTIF($CY$2:$CY$6,'История отказов'!AE13)=0,COUNTIF('История отказов'!$AE$5:AE13,'История отказов'!AE13)=1),9,"")) | DI10: =IF('История отказов'!AK13="","",IF(AND(COUNTIF($CL$2:$CL$3,'История отказов'!AK13)=0,COUNTIF('История отказов'!$AK$5:AK13,'История отказов'!AK13)=1),9,"")) | DJ10: =IF('История отказов'!AU13="","",IF(AND(COUNTIF($CP$2:$CP$3,'История отказов'!AU13)=0,COUNTIF('История отказов'!$AU$5:AU13,'История отказов'!AU13)=1),9,"")) | DK10: =IF('История отказов'!AY13="","",IF(AND(COUNTIF($CR$2:$CR$2,'История отказов'!AY13)=0,COUNTIF('История отказов'!$AY$5:AY13,'История отказов'!AY13)=1),9,"")) | DL10: =IF(DB10="","",IF(AND(COUNTIF($DA$2:$DA$47,DB10)=0,COUNTIF($DB$2:DB10,DB10)=1),9,""))
C11: Повышенное содержание свободного газа на приёме | D11: Система ТМС | E11: 2.3 — Некачественная подготовка скважины [УЭЦН] | F11: С1 — Солеотложения | G11: С1 — Солеотложения | H11: КР3-1 — Извлечение оборудования из скважины после аварии, допущенной в процессе эксплуатации. | I11: Засорение | J11: 2.3 — Некачественная подготовка скважины [УЭЦН] | K11: С1 — Солеотложения | L11: Иное документальное подтверждение | O11: НКТ большего диаметра | Q11: ТКРС | R11: Классификатор ремонтных работ в скважинах | S11: Выбор из списка; отсутствующий паспортный типоразмер/марку вписать вручную | X11: Классификатор причин | Y11: 144 из 144, без пропусков | Z11: Листы УЭЦН и УШГН приложенного классификатора | AA11: ЭВН — габарит 5 | AB11: ЭВН 5-16-1500 | AP11: Повышенное содержание свободного газа на приёме | AQ11: Недозаполнение насоса по динамограмме | AR11: Снижение потребляемого тока | AT11: Система ТМС | AU11: Устьевое оборудование | AV11: Дополнительное оборудование | AX11: 2.3 — Некачественная подготовка скважины [УЭЦН] | AY11: 2.3 — Не герметичность НКТ [УШГН] | AZ11: С1 — Солеотложения | BA11: КР3-1 — Извлечение оборудования из скважины после аварии, допущенной в процессе эксплуатации. | BB11: Отложения | BC11: Отложения | BD11: Отложения | BE11: Утечка / потеря герметичности | BF11: Иное документальное подтверждение | BI11: НКТ большего диаметра | BO11: 2 ЭВН 5-12-1000 | CA11: Повышенное содержание свободного газа на приёме | CB11: Устьевое оборудование | CC11: НКТ | CD11: Отложения | CE11: Утечка / потеря герметичности | CF11: ЭВН — габарит 5 | CG11: ЭВН 5-16-1500 | CH11: Повышенное содержание свободного газа на приёме | CI11: Система ТМС | CJ11: 2.3 — Некачественная подготовка скважины [УЭЦН] | CK11: Засорение | CL11: =IFERROR(INDEX('История отказов'!$AK$5:$AK$1204,SMALL($DI$2:$DI$1201,ROWS($CL$4:CL11))),"") | CP11: =IFERROR(INDEX('История отказов'!$AU$5:$AU$1204,SMALL($DJ$2:$DJ$1201,ROWS($CP$4:CP11))),"") | CR11: =IFERROR(INDEX('История отказов'!$AY$5:$AY$1204,SMALL($DK$2:$DK$1201,ROWS($CR$3:CR11))),"") | CT11: =IFERROR(INDEX('История отказов'!$AE$5:$AE$1204,SMALL($DC$2:$DC$1201,ROWS($CT$3:CT11))),"") | CU11: =IFERROR(INDEX('История отказов'!$AE$5:$AE$1204,SMALL($DD$2:$DD$1201,ROWS($CU$4:CU11))),"") | CV11: =IFERROR(INDEX('История отказов'!$AE$5:$AE$1204,SMALL($DE$2:$DE$1201,ROWS($CV$4:CV11))),"") | CW11: =IFERROR(INDEX('История отказов'!$AE$5:$AE$1204,SMALL($DG$2:$DG$1201,ROWS($CW$3:CW11))),"") | CX11: =IFERROR(INDEX('История отказов'!$AE$5:$AE$1204,SMALL($DF$2:$DF$1201,ROWS($CX$3:CX11))),"") | CY11: =IFERROR(INDEX('История отказов'!$AE$5:$AE$1204,SMALL($DH$2:$DH$1201,ROWS($CY$7:CY11))),"") | DA11: 2026 | DB11: =IF('История отказов'!AH14="","",'История отказов'!AH14) | DC11: =IF('История отказов'!AE14="","",IF(AND(COUNTIF($CT$2:$CT$2,'История отказов'!AE14)=0,COUNTIFS('История отказов'!$F$5:F14,"ШГН",'История отказов'!$AE$5:AE14,'История отказов'!AE14)=1,'История отказов'!F14="ШГН"),10,"")) | DD11: =IF('История отказов'!AE14="","",IF(AND(COUNTIF($CU$2:$CU$3,'История отказов'!AE14)=0,COUNTIFS('История отказов'!$F$5:F14,"ЭЦН",'История отказов'!$AE$5:AE14,'История отказов'!AE14)=1,'История отказов'!F14="ЭЦН"),10,"")) | DE11: =IF('История отказов'!AE14="","",IF(AND(COUNTIF($CV$2:$CV$3,'История отказов'!AE14)=0,COUNTIFS('История отказов'!$F$5:F14,"ЭВН",'История отказов'!$AE$5:AE14,'История отказов'!AE14)=1,'История отказов'!F14="ЭВН"),10,"")) | DF11: =IF('История отказов'!AE14="","",IF(AND(COUNTIF($CX$2:$CX$2,'История отказов'!AE14)=0,COUNTIFS('История отказов'!$F$5:F14,"ШВН",'История отказов'!$AE$5:AE14,'История отказов'!AE14)=1,'История отказов'!F14="ШВН"),10,"")) | DG11: =IF('История отказов'!AE14="","",IF(AND(COUNTIF($CW$2:$CW$2,'История отказов'!AE14)=0,COUNTIFS('История отказов'!$F$5:F14,"НПУ-ВД",'История отказов'!$AE$5:AE14,'История отказов'!AE14)=1,'История отказов'!F14="НПУ-ВД"),10,"")) | DH11: =IF('История отказов'!AE14="","",IF(AND(COUNTIF($CY$2:$CY$6,'История отказов'!AE14)=0,COUNTIF('История отказов'!$AE$5:AE14,'История отказов'!AE14)=1),10,"")) | DI11: =IF('История отказов'!AK14="","",IF(AND(COUNTIF($CL$2:$CL$3,'История отказов'!AK14)=0,COUNTIF('История отказов'!$AK$5:AK14,'История отказов'!AK14)=1),10,"")) | DJ11: =IF('История отказов'!AU14="","",IF(AND(COUNTIF($CP$2:$CP$3,'История отказов'!AU14)=0,COUNTIF('История отказов'!$AU$5:AU14,'История отказов'!AU14)=1),10,"")) | DK11: =IF('История отказов'!AY14="","",IF(AND(COUNTIF($CR$2:$CR$2,'История отказов'!AY14)=0,COUNTIF('История отказов'!$AY$5:AY14,'История отказов'!AY14)=1),10,"")) | DL11: =IF(DB11="","",IF(AND(COUNTIF($DA$2:$DA$47,DB11)=0,COUNTIF($DB$2:DB11,DB11)=1),10,""))
C12: Повышенный вынос механических примесей | D12: НКТ | E12: 2.4 — Не герметичность НКТ [УЭЦН] | F12: С2 — Солеотложения | G12: С2 — Солеотложения | H12: КР3-1.1 — Извлечение оборудования УЭЦН из скважины после аварии, допущенной в процессе эксплуатации. | I12: Отложения | J12: 2.4 — Не герметичность НКТ [УЭЦН] | K12: С2 — Солеотложения | L12: Акт спуска и подъёма | O12: Удаление солеотложений | Q12: Вид повреждения | R12: Рабочие формулировки; документы и материалы изготовителей | S12: Выбор из списка; отсутствующий паспортный типоразмер/марку вписать вручную | X12: Классификатор ТКРС | Y12: 145 детальных кодов из 145, названия совпадают | Z12: Таблицы 4.1 и 4.2 приложенного РД | AB12: ЭВН 5-25-1000 | AP12: Повышенный вынос механических примесей | AQ12: Признаки утечки клапана по динамограмме | AR12: Изменение давления на приёме насоса | AT12: НКТ | AU12: Дополнительное оборудование | AV12: Узел не установлен | AX12: 2.4 — Не герметичность НКТ [УЭЦН] | AY12: 2.4 — Отворот штанг [УШГН] | AZ12: С2 — Солеотложения | BA12: КР3-1.1 — Извлечение оборудования УЭЦН из скважины после аварии, допущенной в процессе эксплуатации. | BB12: Утечка / потеря герметичности | BC12: Утечка / потеря герметичности | BD12: Утечка / потеря герметичности | BE12: Деформация | BF12: Акт спуска и подъёма | BI12: Удаление солеотложений | CA12: Повышенный вынос механических примесей | CB12: Дополнительное оборудование | CC12: Ротор винтового насоса | CD12: Утечка / потеря герметичности | CE12: Повреждение изоляции | CF12: ШВН — типоразмер уточнить по паспорту | CG12: ЭВН 5-25-1000 | CH12: Повышенный вынос механических примесей | CI12: НКТ | CJ12: 2.4 — Не герметичность НКТ [УЭЦН] | CK12: Отложения | CL12: =IFERROR(INDEX('История отказов'!$AK$5:$AK$1204,SMALL($DI$2:$DI$1201,ROWS($CL$4:CL12))),"") | CP12: =IFERROR(INDEX('История отказов'!$AU$5:$AU$1204,SMALL($DJ$2:$DJ$1201,ROWS($CP$4:CP12))),"") | CR12: =IFERROR(INDEX('История отказов'!$AY$5:$AY$1204,SMALL($DK$2:$DK$1201,ROWS($CR$3:CR12))),"") | CT12: =IFERROR(INDEX('История отказов'!$AE$5:$AE$1204,SMALL($DC$2:$DC$1201,ROWS($CT$3:CT12))),"") | CU12: =IFERROR(INDEX('История отказов'!$AE$5:$AE$1204,SMALL($DD$2:$DD$1201,ROWS($CU$4:CU12))),"") | CV12: =IFERROR(INDEX('История отказов'!$AE$5:$AE$1204,SMALL($DE$2:$DE$1201,ROWS($CV$4:CV12))),"") | CW12: =IFERROR(INDEX('История отказов'!$AE$5:$AE$1204,SMALL($DG$2:$DG$1201,ROWS($CW$3:CW12))),"") | CX12: =IFERROR(INDEX('История отказов'!$AE$5:$AE$1204,SMALL($DF$2:$DF$1201,ROWS($CX$3:CX12))),"") | CY12: =IFERROR(INDEX('История отказов'!$AE$5:$AE$1204,SMALL($DH$2:$DH$1201,ROWS($CY$7:CY12))),"") | DA12: 2025 | DB12: =IF('История отказов'!AH15="","",'История отказов'!AH15) | DC12: =IF('История отказов'!AE15="","",IF(AND(COUNTIF($CT$2:$CT$2,'История отказов'!AE15)=0,COUNTIFS('История отказов'!$F$5:F15,"ШГН",'История отказов'!$AE$5:AE15,'История отказов'!AE15)=1,'История отказов'!F15="ШГН"),11,"")) | DD12: =IF('История отказов'!AE15="","",IF(AND(COUNTIF($CU$2:$CU$3,'История отказов'!AE15)=0,COUNTIFS('История отказов'!$F$5:F15,"ЭЦН",'История отказов'!$AE$5:AE15,'История отказов'!AE15)=1,'История отказов'!F15="ЭЦН"),11,"")) | DE12: =IF('История отказов'!AE15="","",IF(AND(COUNTIF($CV$2:$CV$3,'История отказов'!AE15)=0,COUNTIFS('История отказов'!$F$5:F15,"ЭВН",'История отказов'!$AE$5:AE15,'История отказов'!AE15)=1,'История отказов'!F15="ЭВН"),11,"")) | DF12: =IF('История отказов'!AE15="","",IF(AND(COUNTIF($CX$2:$CX$2,'История отказов'!AE15)=0,COUNTIFS('История отказов'!$F$5:F15,"ШВН",'История отказов'!$AE$5:AE15,'История отказов'!AE15)=1,'История отказов'!F15="ШВН"),11,"")) | DG12: =IF('История отказов'!AE15="","",IF(AND(COUNTIF($CW$2:$CW$2,'История отказов'!AE15)=0,COUNTIFS('История отказов'!$F$5:F15,"НПУ-ВД",'История отказов'!$AE$5:AE15,'История отказов'!AE15)=1,'История отказов'!F15="НПУ-ВД"),11,"")) | DH12: =IF('История отказов'!AE15="","",IF(AND(COUNTIF($CY$2:$CY$6,'История отказов'!AE15)=0,COUNTIF('История отказов'!$AE$5:AE15,'История отказов'!AE15)=1),11,"")) | DI12: =IF('История отказов'!AK15="","",IF(AND(COUNTIF($CL$2:$CL$3,'История отказов'!AK15)=0,COUNTIF('История отказов'!$AK$5:AK15,'История отказов'!AK15)=1),11,"")) | DJ12: =IF('История отказов'!AU15="","",IF(AND(COUNTIF($CP$2:$CP$3,'История отказов'!AU15)=0,COUNTIF('История отказов'!$AU$5:AU15,'История отказов'!AU15)=1),11,"")) | DK12: =IF('История отказов'!AY15="","",IF(AND(COUNTIF($CR$2:$CR$2,'История отказов'!AY15)=0,COUNTIF('История отказов'!$AY$5:AY15,'История отказов'!AY15)=1),11,"")) | DL12: =IF(DB12="","",IF(AND(COUNTIF($DA$2:$DA$47,DB12)=0,COUNTIF($DB$2:DB12,DB12)=1),11,""))
C13: Подозрение на засорение приёма по снижению подачи | D13: Штанговая колонна | E13: 2.5 — Нарушение СПО [УЭЦН] | F13: С3 — Солеотложения | G13: С3 — Солеотложения | H13: КР3-1.2 — То же УЭДН | I13: Утечка / потеря герметичности | J13: 2.5 — Нарушение СПО [УЭЦН] | K13: С3 — Солеотложения | L13: Протокол измерения сопротивления изоляции | O13: Дозирование ингибитора солеотложений | Q13: Итоговая причина | R13: Классификатор по способам 2024 V10 | S13: Выбор из списка; отсутствующий паспортный типоразмер/марку вписать вручную | X13: Классы осложнений | Y13: 22 из 22, без пропусков | Z13: Таблицы классов приложенных МУ | AB13: ЭВН 5-25-1500 | AP13: Подозрение на засорение приёма по снижению подачи | AQ13: Признаки газового влияния по динамограмме | AT13: Наземный привод | AU13: Узел не установлен | AX13: 2.5 — Нарушение СПО [УЭЦН] | AY13: 2.5 — Нарушение СПО [УШГН] | AZ13: С3 — Солеотложения | BA13: КР3-1.2 — То же УЭДН | BB13: Повреждение изоляции | BC13: Деформация | BD13: Деформация | BE13: Повреждение не установлено | BF13: Протокол измерения сопротивления изоляции | BI13: Дозирование ингибитора солеотложений | CA13: Подозрение на засорение приёма по снижению подачи | CB13: Узел не установлен | CC13: Статор винтового насоса | CD13: Деформация | CE13: Прогар | CF13: НПУ-ВД — типоразмер уточнить по паспорту | CG13: ЭВН 5-25-1500 | CH13: Подозрение на засорение приёма по снижению подачи | CI13: Штанговая колонна | CJ13: 2.5 — Нарушение СПО [УЭЦН] | CK13: Утечка / потеря герметичности | CL13: =IFERROR(INDEX('История отказов'!$AK$5:$AK$1204,SMALL($DI$2:$DI$1201,ROWS($CL$4:CL13))),"") | CP13: =IFERROR(INDEX('История отказов'!$AU$5:$AU$1204,SMALL($DJ$2:$DJ$1201,ROWS($CP$4:CP13))),"") | CR13: =IFERROR(INDEX('История отказов'!$AY$5:$AY$1204,SMALL($DK$2:$DK$1201,ROWS($CR$3:CR13))),"") | CT13: =IFERROR(INDEX('История отказов'!$AE$5:$AE$1204,SMALL($DC$2:$DC$1201,ROWS($CT$3:CT13))),"") | CU13: =IFERROR(INDEX('История отказов'!$AE$5:$AE$1204,SMALL($DD$2:$DD$1201,ROWS($CU$4:CU13))),"") | CV13: =IFERROR(INDEX('История отказов'!$AE$5:$AE$1204,SMALL($DE$2:$DE$1201,ROWS($CV$4:CV13))),"") | CW13: =IFERROR(INDEX('История отказов'!$AE$5:$AE$1204,SMALL($DG$2:$DG$1201,ROWS($CW$3:CW13))),"") | CX13: =IFERROR(INDEX('История отказов'!$AE$5:$AE$1204,SMALL($DF$2:$DF$1201,ROWS($CX$3:CX13))),"") | CY13: =IFERROR(INDEX('История отказов'!$AE$5:$AE$1204,SMALL($DH$2:$DH$1201,ROWS($CY$7:CY13))),"") | DA13: 2024 | DB13: =IF('История отказов'!AH16="","",'История отказов'!AH16) | DC13: =IF('История отказов'!AE16="","",IF(AND(COUNTIF($CT$2:$CT$2,'История отказов'!AE16)=0,COUNTIFS('История отказов'!$F$5:F16,"ШГН",'История отказов'!$AE$5:AE16,'История отказов'!AE16)=1,'История отказов'!F16="ШГН"),12,"")) | DD13: =IF('История отказов'!AE16="","",IF(AND(COUNTIF($CU$2:$CU$3,'История отказов'!AE16)=0,COUNTIFS('История отказов'!$F$5:F16,"ЭЦН",'История отказов'!$AE$5:AE16,'История отказов'!AE16)=1,'История отказов'!F16="ЭЦН"),12,"")) | DE13: =IF('История отказов'!AE16="","",IF(AND(COUNTIF($CV$2:$CV$3,'История отказов'!AE16)=0,COUNTIFS('История отказов'!$F$5:F16,"ЭВН",'История отказов'!$AE$5:AE16,'История отказов'!AE16)=1,'История отказов'!F16="ЭВН"),12,"")) | DF13: =IF('История отказов'!AE16="","",IF(AND(COUNTIF($CX$2:$CX$2,'История отказов'!AE16)=0,COUNTIFS('История отказов'!$F$5:F16,"ШВН",'История отказов'!$AE$5:AE16,'История отказов'!AE16)=1,'История отказов'!F16="ШВН"),12,"")) | DG13: =IF('История отказов'!AE16="","",IF(AND(COUNTIF($CW$2:$CW$2,'История отказов'!AE16)=0,COUNTIFS('История отказов'!$F$5:F16,"НПУ-ВД",'История отказов'!$AE$5:AE16,'История отказов'!AE16)=1,'История отказов'!F16="НПУ-ВД"),12,"")) | DH13: =IF('История отказов'!AE16="","",IF(AND(COUNTIF($CY$2:$CY$6,'История отказов'!AE16)=0,COUNTIF('История отказов'!$AE$5:AE16,'История отказов'!AE16)=1),12,"")) | DI13: =IF('История отказов'!AK16="","",IF(AND(COUNTIF($CL$2:$CL$3,'История отказов'!AK16)=0,COUNTIF('История отказов'!$AK$5:AK16,'История отказов'!AK16)=1),12,"")) | DJ13: =IF('История отказов'!AU16="","",IF(AND(COUNTIF($CP$2:$CP$3,'История отказов'!AU16)=0,COUNTIF('История отказов'!$AU$5:AU16,'История отказов'!AU16)=1),12,"")) | DK13: =IF('История отказов'!AY16="","",IF(AND(COUNTIF($CR$2:$CR$2,'История отказов'!AY16)=0,COUNTIF('История отказов'!$AY$5:AY16,'История отказов'!AY16)=1),12,"")) | DL13: =IF(DB13="","",IF(AND(COUNTIF($DA$2:$DA$47,DB13)=0,COUNTIF($DB$2:DB13,DB13)=1),12,""))
C14: Подозрение на отложения по снижению подачи и росту температуры | D14: Муфта штанг | E14: 2.6 — Авария [УЭЦН] | F14: Г1 — Свободный газ на приёме НУ | G14: Г1 — Свободный газ на приёме НУ | H14: КР3-1.3 — То же УЭВН. | I14: Повреждение изоляции | J14: 2.6 — Авария [УЭЦН] | K14: Г1 — Свободный газ на приёме НУ | L14: Протокол опрессовки НКТ | O14: Газосепаратор на приёме | Q14: Уточнённая категория | R14: МУ по отнесению скважин к ОФ | S14: Выбор из списка; отсутствующий паспортный типоразмер/марку вписать вручную | X14: Признаки | Y14: 9 новых наблюдений и предварительных диагнозов | Z14: Weatherford / SLB, ссылки в аудите | AB14: ЭВН 5-25-1700 | AP14: Подозрение на отложения по снижению подачи и росту температуры | AQ14: Удар плунжера по динамограмме | AT14: Устьевое оборудование | AU14: Всасывающий клапан ШГН | AX14: 2.6 — Авария [УЭЦН] | AY14: 2.6 — Авария [УШГН] | AZ14: Г1 — Свободный газ на приёме НУ | BA14: КР3-1.3 — То же УЭВН. | BB14: Прогар | BC14: Износ эластомера | BD14: Износ эластомера | BF14: Протокол опрессовки НКТ | BI14: Газосепаратор на приёме | CA14: Подозрение на отложения по снижению подачи и росту температуры | CC14: Наземный привод | CD14: Износ эластомера | CE14: Деформация | CG14: ЭВН 5-25-1700 | CH14: Подозрение на отложения по снижению подачи и росту температуры | CI14: Муфта штанг | CJ14: 2.6 — Авария [УЭЦН] | CK14: Повреждение изоляции | CL14: =IFERROR(INDEX('История отказов'!$AK$5:$AK$1204,SMALL($DI$2:$DI$1201,ROWS($CL$4:CL14))),"") | CP14: =IFERROR(INDEX('История отказов'!$AU$5:$AU$1204,SMALL($DJ$2:$DJ$1201,ROWS($CP$4:CP14))),"") | CR14: =IFERROR(INDEX('История отказов'!$AY$5:$AY$1204,SMALL($DK$2:$DK$1201,ROWS($CR$3:CR14))),"") | CT14: =IFERROR(INDEX('История отказов'!$AE$5:$AE$1204,SMALL($DC$2:$DC$1201,ROWS($CT$3:CT14))),"") | CU14: =IFERROR(INDEX('История отказов'!$AE$5:$AE$1204,SMALL($DD$2:$DD$1201,ROWS($CU$4:CU14))),"") | CV14: =IFERROR(INDEX('История отказов'!$AE$5:$AE$1204,SMALL($DE$2:$DE$1201,ROWS($CV$4:CV14))),"") | CW14: =IFERROR(INDEX('История отказов'!$AE$5:$AE$1204,SMALL($DG$2:$DG$1201,ROWS($CW$3:CW14))),"") | CX14: =IFERROR(INDEX('История отказов'!$AE$5:$AE$1204,SMALL($DF$2:$DF$1201,ROWS($CX$3:CX14))),"") | CY14: =IFERROR(INDEX('История отказов'!$AE$5:$AE$1204,SMALL($DH$2:$DH$1201,ROWS($CY$7:CY14))),"") | DA14: 2023 | DB14: =IF('История отказов'!AH17="","",'История отказов'!AH17) | DC14: =IF('История отказов'!AE17="","",IF(AND(COUNTIF($CT$2:$CT$2,'История отказов'!AE17)=0,COUNTIFS('История отказов'!$F$5:F17,"ШГН",'История отказов'!$AE$5:AE17,'История отказов'!AE17)=1,'История отказов'!F17="ШГН"),13,"")) | DD14: =IF('История отказов'!AE17="","",IF(AND(COUNTIF($CU$2:$CU$3,'История отказов'!AE17)=0,COUNTIFS('История отказов'!$F$5:F17,"ЭЦН",'История отказов'!$AE$5:AE17,'История отказов'!AE17)=1,'История отказов'!F17="ЭЦН"),13,"")) | DE14: =IF('История отказов'!AE17="","",IF(AND(COUNTIF($CV$2:$CV$3,'История отказов'!AE17)=0,COUNTIFS('История отказов'!$F$5:F17,"ЭВН",'История отказов'!$AE$5:AE17,'История отказов'!AE17)=1,'История отказов'!F17="ЭВН"),13,"")) | DF14: =IF('История отказов'!AE17="","",IF(AND(COUNTIF($CX$2:$CX$2,'История отказов'!AE17)=0,COUNTIFS('История отказов'!$F$5:F17,"ШВН",'История отказов'!$AE$5:AE17,'История отказов'!AE17)=1,'История отказов'!F17="ШВН"),13,"")) | DG14: =IF('История отказов'!AE17="","",IF(AND(COUNTIF($CW$2:$CW$2,'История отказов'!AE17)=0,COUNTIFS('История отказов'!$F$5:F17,"НПУ-ВД",'История отказов'!$AE$5:AE17,'История отказов'!AE17)=1,'История отказов'!F17="НПУ-ВД"),13,"")) | DH14: =IF('История отказов'!AE17="","",IF(AND(COUNTIF($CY$2:$CY$6,'История отказов'!AE17)=0,COUNTIF('История отказов'!$AE$5:AE17,'История отказов'!AE17)=1),13,"")) | DI14: =IF('История отказов'!AK17="","",IF(AND(COUNTIF($CL$2:$CL$3,'История отказов'!AK17)=0,COUNTIF('История отказов'!$AK$5:AK17,'История отказов'!AK17)=1),13,"")) | DJ14: =IF('История отказов'!AU17="","",IF(AND(COUNTIF($CP$2:$CP$3,'История отказов'!AU17)=0,COUNTIF('История отказов'!$AU$5:AU17,'История отказов'!AU17)=1),13,"")) | DK14: =IF('История отказов'!AY17="","",IF(AND(COUNTIF($CR$2:$CR$2,'История отказов'!AY17)=0,COUNTIF('История отказов'!$AY$5:AY17,'История отказов'!AY17)=1),13,"")) | DL14: =IF(DB14="","",IF(AND(COUNTIF($DA$2:$DA$47,DB14)=0,COUNTIF($DB$2:DB14,DB14)=1),13,""))
C15: Рост нагрузок штанговой колонны | D15: Плунжер | E15: 2.7 — Организационные причины КРС [УЭЦН] | F15: Г2 — Свободный газ на приёме НУ | G15: Г2 — Свободный газ на приёме НУ | H15: КР3-1.4 — То же ШГН. | I15: Прогар | J15: 2.7 — Организационные причины КРС [УЭЦН] | K15: Г2 — Свободный газ на приёме НУ | L15: Распечатка тревог и отключений | O15: Газообрабатывающее устройство | Q15: Подтверждение | R15: Рабочий список подтверждающих документов; ГОСТ Р 70841-2023 | S15: Выбор из списка; отсутствующий паспортный типоразмер/марку вписать вручную | X15: Узлы и повреждения | Y15: 9 узлов и 6 видов повреждений добавлено | Z15: Первичные технические источники, ссылки в аудите | AB15: ЭВН 5-63-1500 | AP15: Подозрение на негерметичность НКТ | AT15: Дополнительное оборудование | AU15: Нагнетательный клапан ШГН | AX15: 2.7 — Организационные причины КРС [УЭЦН] | AY15: 2.7 — Организационные причины КРС [УШГН] | AZ15: Г2 — Свободный газ на приёме НУ | BA15: КР3-1.4 — То же ШГН. | BB15: Деформация | BC15: Повреждение не установлено | BD15: Повреждение не установлено | BF15: Распечатка тревог и отключений | BI15: Газообрабатывающее устройство | CA15: Подозрение на негерметичность НКТ | CC15: Устьевое оборудование | CD15: Повреждение не установлено | CE15: Износ эластомера | CG15: ЭВН 5-63-1500 | CH15: Рост нагрузок штанговой колонны | CI15: Плунжер | CJ15: 2.7 — Организационные причины КРС [УЭЦН] | CK15: Прогар | CL15: =IFERROR(INDEX('История отказов'!$AK$5:$AK$1204,SMALL($DI$2:$DI$1201,ROWS($CL$4:CL15))),"") | CP15: =IFERROR(INDEX('История отказов'!$AU$5:$AU$1204,SMALL($DJ$2:$DJ$1201,ROWS($CP$4:CP15))),"") | CR15: =IFERROR(INDEX('История отказов'!$AY$5:$AY$1204,SMALL($DK$2:$DK$1201,ROWS($CR$3:CR15))),"") | CT15: =IFERROR(INDEX('История отказов'!$AE$5:$AE$1204,SMALL($DC$2:$DC$1201,ROWS($CT$3:CT15))),"") | CU15: =IFERROR(INDEX('История отказов'!$AE$5:$AE$1204,SMALL($DD$2:$DD$1201,ROWS($CU$4:CU15))),"") | CV15: =IFERROR(INDEX('История отказов'!$AE$5:$AE$1204,SMALL($DE$2:$DE$1201,ROWS($CV$4:CV15))),"") | CW15: =IFERROR(INDEX('История отказов'!$AE$5:$AE$1204,SMALL($DG$2:$DG$1201,ROWS($CW$3:CW15))),"") | CX15: =IFERROR(INDEX('История отказов'!$AE$5:$AE$1204,SMALL($DF$2:$DF$1201,ROWS($CX$3:CX15))),"") | CY15: =IFERROR(INDEX('История отказов'!$AE$5:$AE$1204,SMALL($DH$2:$DH$1201,ROWS($CY$7:CY15))),"") | DA15: 2022 | DB15: =IF('История отказов'!AH18="","",'История отказов'!AH18) | DC15: =IF('История отказов'!AE18="","",IF(AND(COUNTIF($CT$2:$CT$2,'История отказов'!AE18)=0,COUNTIFS('История отказов'!$F$5:F18,"ШГН",'История отказов'!$AE$5:AE18,'История отказов'!AE18)=1,'История отказов'!F18="ШГН"),14,"")) | DD15: =IF('История отказов'!AE18="","",IF(AND(COUNTIF($CU$2:$CU$3,'История отказов'!AE18)=0,COUNTIFS('История отказов'!$F$5:F18,"ЭЦН",'История отказов'!$AE$5:AE18,'История отказов'!AE18)=1,'История отказов'!F18="ЭЦН"),14,"")) | DE15: =IF('История отказов'!AE18="","",IF(AND(COUNTIF($CV$2:$CV$3,'История отказов'!AE18)=0,COUNTIFS('История отказов'!$F$5:F18,"ЭВН",'История отказов'!$AE$5:AE18,'История отказов'!AE18)=1,'История отказов'!F18="ЭВН"),14,"")) | DF15: =IF('История отказов'!AE18="","",IF(AND(COUNTIF($CX$2:$CX$2,'История отказов'!AE18)=0,COUNTIFS('История отказов'!$F$5:F18,"ШВН",'История отказов'!$AE$5:AE18,'История отказов'!AE18)=1,'История отказов'!F18="ШВН"),14,"")) | DG15: =IF('История отказов'!AE18="","",IF(AND(COUNTIF($CW$2:$CW$2,'История отказов'!AE18)=0,COUNTIFS('История отказов'!$F$5:F18,"НПУ-ВД",'История отказов'!$AE$5:AE18,'История отказов'!AE18)=1,'История отказов'!F18="НПУ-ВД"),14,"")) | DH15: =IF('История отказов'!AE18="","",IF(AND(COUNTIF($CY$2:$CY$6,'История отказов'!AE18)=0,COUNTIF('История отказов'!$AE$5:AE18,'История отказов'!AE18)=1),14,"")) | DI15: =IF('История отказов'!AK18="","",IF(AND(COUNTIF($CL$2:$CL$3,'История отказов'!AK18)=0,COUNTIF('История отказов'!$AK$5:AK18,'История отказов'!AK18)=1),14,"")) | DJ15: =IF('История отказов'!AU18="","",IF(AND(COUNTIF($CP$2:$CP$3,'История отказов'!AU18)=0,COUNTIF('История отказов'!$AU$5:AU18,'История отказов'!AU18)=1),14,"")) | DK15: =IF('История отказов'!AY18="","",IF(AND(COUNTIF($CR$2:$CR$2,'История отказов'!AY18)=0,COUNTIF('История отказов'!$AY$5:AY18,'История отказов'!AY18)=1),14,"")) | DL15: =IF(DB15="","",IF(AND(COUNTIF($DA$2:$DA$47,DB15)=0,COUNTIF($DB$2:DB15,DB15)=1),14,""))
C16: Изменение динамограммы | D16: Цилиндр | E16: 3.1 — Неправильный подбор ГНО [УЭЦН] | F16: Г3 — Свободный газ на приёме НУ | G16: Г3 — Свободный газ на приёме НУ | H16: КР3-1.5 — То же УШВН | I16: Деформация | J16: 3.1 — Неправильный подбор ГНО [УЭЦН] | K16: Г3 — Свободный газ на приёме НУ | O16: Фильтр механических примесей | Q16: Статус расследования | R16: Рабочие статусы реестра | S16: Выбор из списка; отсутствующий паспортный типоразмер/марку вписать вручную | X16: Методы | Y16: 11 методов и уточнений условий из МУ | Z16: Разделы 5, 8–11 приложенных МУ | AB16: ЭВН 5-100-1000 | AP16: Другое — описать в комментарии | AT16: Узел не установлен | AX16: 3.1 — Неправильный подбор ГНО [УЭЦН] | AY16: 3.1 — Неправильный подбор ГНО [УШГН] | AZ16: Г3 — Свободный газ на приёме НУ | BA16: КР3-1.5 — То же УШВН | BB16: Повреждение не установлено | BC16: Повреждение клапана насоса | BI16: Фильтр механических примесей | CA16: Другое — описать в комментарии | CC16: Дополнительное оборудование | CE16: Повреждение не установлено | CG16: ЭВН 5-100-1000 | CH16: Изменение динамограммы | CI16: Цилиндр | CJ16: 3.1 — Неправильный подбор ГНО [УЭЦН] | CK16: Деформация | CL16: =IFERROR(INDEX('История отказов'!$AK$5:$AK$1204,SMALL($DI$2:$DI$1201,ROWS($CL$4:CL16))),"") | CP16: =IFERROR(INDEX('История отказов'!$AU$5:$AU$1204,SMALL($DJ$2:$DJ$1201,ROWS($CP$4:CP16))),"") | CR16: =IFERROR(INDEX('История отказов'!$AY$5:$AY$1204,SMALL($DK$2:$DK$1201,ROWS($CR$3:CR16))),"") | CT16: =IFERROR(INDEX('История отказов'!$AE$5:$AE$1204,SMALL($DC$2:$DC$1201,ROWS($CT$3:CT16))),"") | CU16: =IFERROR(INDEX('История отказов'!$AE$5:$AE$1204,SMALL($DD$2:$DD$1201,ROWS($CU$4:CU16))),"") | CV16: =IFERROR(INDEX('История отказов'!$AE$5:$AE$1204,SMALL($DE$2:$DE$1201,ROWS($CV$4:CV16))),"") | CW16: =IFERROR(INDEX('История отказов'!$AE$5:$AE$1204,SMALL($DG$2:$DG$1201,ROWS($CW$3:CW16))),"") | CX16: =IFERROR(INDEX('История отказов'!$AE$5:$AE$1204,SMALL($DF$2:$DF$1201,ROWS($CX$3:CX16))),"") | CY16: =IFERROR(INDEX('История отказов'!$AE$5:$AE$1204,SMALL($DH$2:$DH$1201,ROWS($CY$7:CY16))),"") | DA16: 2021 | DB16: =IF('История отказов'!AH19="","",'История отказов'!AH19) | DC16: =IF('История отказов'!AE19="","",IF(AND(COUNTIF($CT$2:$CT$2,'История отказов'!AE19)=0,COUNTIFS('История отказов'!$F$5:F19,"ШГН",'История отказов'!$AE$5:AE19,'История отказов'!AE19)=1,'История отказов'!F19="ШГН"),15,"")) | DD16: =IF('История отказов'!AE19="","",IF(AND(COUNTIF($CU$2:$CU$3,'История отказов'!AE19)=0,COUNTIFS('История отказов'!$F$5:F19,"ЭЦН",'История отказов'!$AE$5:AE19,'История отказов'!AE19)=1,'История отказов'!F19="ЭЦН"),15,"")) | DE16: =IF('История отказов'!AE19="","",IF(AND(COUNTIF($CV$2:$CV$3,'История отказов'!AE19)=0,COUNTIFS('История отказов'!$F$5:F19,"ЭВН",'История отказов'!$AE$5:AE19,'История отказов'!AE19)=1,'История отказов'!F19="ЭВН"),15,"")) | DF16: =IF('История отказов'!AE19="","",IF(AND(COUNTIF($CX$2:$CX$2,'История отказов'!AE19)=0,COUNTIFS('История отказов'!$F$5:F19,"ШВН",'История отказов'!$AE$5:AE19,'История отказов'!AE19)=1,'История отказов'!F19="ШВН"),15,"")) | DG16: =IF('История отказов'!AE19="","",IF(AND(COUNTIF($CW$2:$CW$2,'История отказов'!AE19)=0,COUNTIFS('История отказов'!$F$5:F19,"НПУ-ВД",'История отказов'!$AE$5:AE19,'История отказов'!AE19)=1,'История отказов'!F19="НПУ-ВД"),15,"")) | DH16: =IF('История отказов'!AE19="","",IF(AND(COUNTIF($CY$2:$CY$6,'История отказов'!AE19)=0,COUNTIF('История отказов'!$AE$5:AE19,'История отказов'!AE19)=1),15,"")) | DI16: =IF('История отказов'!AK19="","",IF(AND(COUNTIF($CL$2:$CL$3,'История отказов'!AK19)=0,COUNTIF('История отказов'!$AK$5:AK19,'История отказов'!AK19)=1),15,"")) | DJ16: =IF('История отказов'!AU19="","",IF(AND(COUNTIF($CP$2:$CP$3,'История отказов'!AU19)=0,COUNTIF('История отказов'!$AU$5:AU19,'История отказов'!AU19)=1),15,"")) | DK16: =IF('История отказов'!AY19="","",IF(AND(COUNTIF($CR$2:$CR$2,'История отказов'!AY19)=0,COUNTIF('История отказов'!$AY$5:AY19,'История отказов'!AY19)=1),15,"")) | DL16: =IF(DB16="","",IF(AND(COUNTIF($DA$2:$DA$47,DB16)=0,COUNTIF($DB$2:DB16,DB16)=1),15,""))
C17: Подозрение на обрыв штанг по динамограмме | D17: Клапанный узел | E17: 3.2 — Некачественный вывод на режим [УЭЦН] | F17: М1 — Механические примеси | G17: М1 — Механические примеси | H17: КР3-1.6 — То же НКТ | I17: Износ эластомера | J17: 3.2 — Некачественный вывод на режим [УЭЦН] | K17: М1 — Механические примеси | O17: Погружной сепаратор механических примесей | Q17: Достоверность | R17: Рабочая оценка реестра | S17: Выбор из списка; отсутствующий паспортный типоразмер/марку вписать вручную | X17: Марки ГНО | Y17: 2 дополнительные каталожные ЭВН; ШВН без подтверждённой марки | Z17: Паспорт установки имеет приоритет | AB17: ЭВН 5-100-1200 | AP17: Снижение потребляемого тока | AT17: Рабочее колесо ЭЦН | AX17: 3.2 — Некачественный вывод на режим [УЭЦН] | AY17: 3.2 — Некачественный вывод на режим [УШГН] | AZ17: М1 — Механические примеси | BA17: КР3-1.6 — То же НКТ | BB17: Износ радиального подшипника | BI17: Погружной сепаратор механических примесей | CA17: Снижение потребляемого тока | CC17: Узел не установлен | CE17: Повреждение уплотнения гидрозащиты | CG17: ЭВН 5-100-1200 | CH17: Подозрение на обрыв штанг по динамограмме | CI17: Клапанный узел | CJ17: 3.2 — Некачественный вывод на режим [УЭЦН] | CK17: Износ эластомера | CL17: =IFERROR(INDEX('История отказов'!$AK$5:$AK$1204,SMALL($DI$2:$DI$1201,ROWS($CL$4:CL17))),"") | CP17: =IFERROR(INDEX('История отказов'!$AU$5:$AU$1204,SMALL($DJ$2:$DJ$1201,ROWS($CP$4:CP17))),"") | CR17: =IFERROR(INDEX('История отказов'!$AY$5:$AY$1204,SMALL($DK$2:$DK$1201,ROWS($CR$3:CR17))),"") | CT17: =IFERROR(INDEX('История отказов'!$AE$5:$AE$1204,SMALL($DC$2:$DC$1201,ROWS($CT$3:CT17))),"") | CU17: =IFERROR(INDEX('История отказов'!$AE$5:$AE$1204,SMALL($DD$2:$DD$1201,ROWS($CU$4:CU17))),"") | CV17: =IFERROR(INDEX('История отказов'!$AE$5:$AE$1204,SMALL($DE$2:$DE$1201,ROWS($CV$4:CV17))),"") | CW17: =IFERROR(INDEX('История отказов'!$AE$5:$AE$1204,SMALL($DG$2:$DG$1201,ROWS($CW$3:CW17))),"") | CX17: =IFERROR(INDEX('История отказов'!$AE$5:$AE$1204,SMALL($DF$2:$DF$1201,ROWS($CX$3:CX17))),"") | CY17: =IFERROR(INDEX('История отказов'!$AE$5:$AE$1204,SMALL($DH$2:$DH$1201,ROWS($CY$7:CY17))),"") | DA17: 2020 | DB17: =IF('История отказов'!AH20="","",'История отказов'!AH20) | DC17: =IF('История отказов'!AE20="","",IF(AND(COUNTIF($CT$2:$CT$2,'История отказов'!AE20)=0,COUNTIFS('История отказов'!$F$5:F20,"ШГН",'История отказов'!$AE$5:AE20,'История отказов'!AE20)=1,'История отказов'!F20="ШГН"),16,"")) | DD17: =IF('История отказов'!AE20="","",IF(AND(COUNTIF($CU$2:$CU$3,'История отказов'!AE20)=0,COUNTIFS('История отказов'!$F$5:F20,"ЭЦН",'История отказов'!$AE$5:AE20,'История отказов'!AE20)=1,'История отказов'!F20="ЭЦН"),16,"")) | DE17: =IF('История отказов'!AE20="","",IF(AND(COUNTIF($CV$2:$CV$3,'История отказов'!AE20)=0,COUNTIFS('История отказов'!$F$5:F20,"ЭВН",'История отказов'!$AE$5:AE20,'История отказов'!AE20)=1,'История отказов'!F20="ЭВН"),16,"")) | DF17: =IF('История отказов'!AE20="","",IF(AND(COUNTIF($CX$2:$CX$2,'История отказов'!AE20)=0,COUNTIFS('История отказов'!$F$5:F20,"ШВН",'История отказов'!$AE$5:AE20,'История отказов'!AE20)=1,'История отказов'!F20="ШВН"),16,"")) | DG17: =IF('История отказов'!AE20="","",IF(AND(COUNTIF($CW$2:$CW$2,'История отказов'!AE20)=0,COUNTIFS('История отказов'!$F$5:F20,"НПУ-ВД",'История отказов'!$AE$5:AE20,'История отказов'!AE20)=1,'История отказов'!F20="НПУ-ВД"),16,"")) | DH17: =IF('История отказов'!AE20="","",IF(AND(COUNTIF($CY$2:$CY$6,'История отказов'!AE20)=0,COUNTIF('История отказов'!$AE$5:AE20,'История отказов'!AE20)=1),16,"")) | DI17: =IF('История отказов'!AK20="","",IF(AND(COUNTIF($CL$2:$CL$3,'История отказов'!AK20)=0,COUNTIF('История отказов'!$AK$5:AK20,'История отказов'!AK20)=1),16,"")) | DJ17: =IF('История отказов'!AU20="","",IF(AND(COUNTIF($CP$2:$CP$3,'История отказов'!AU20)=0,COUNTIF('История отказов'!$AU$5:AU20,'История отказов'!AU20)=1),16,"")) | DK17: =IF('История отказов'!AY20="","",IF(AND(COUNTIF($CR$2:$CR$2,'История отказов'!AY20)=0,COUNTIF('История отказов'!$AY$5:AY20,'История отказов'!AY20)=1),16,"")) | DL17: =IF(DB17="","",IF(AND(COUNTIF($DA$2:$DA$47,DB17)=0,COUNTIF($DB$2:DB17,DB17)=1),16,""))
C18: Подозрение на негерметичность НКТ | D18: Ротор винтового насоса | E18: 3.3 — Бесконтрольная эксплуатация ГНО [УЭЦН] | F18: М2 — Механические примеси | G18: М2 — Механические примеси | H18: КР3-1.7 — То же пакера. | I18: Повреждение не установлено | J18: 3.3 — Бесконтрольная эксплуатация ГНО [УЭЦН] | K18: М2 — Механические примеси | O18: Износостойкое исполнение насоса | Q18: Метод борьбы | R18: МУ по отнесению скважин к ОФ, разделы 5–12 | S18: Выбор из списка; отсутствующий паспортный типоразмер/марку вписать вручную | AB18: НПУ-ВД-М | AP18: Срабатывание защиты по недогрузке | AT18: Направляющий аппарат ЭЦН | AX18: 3.3 — Бесконтрольная эксплуатация ГНО [УЭЦН] | AY18: 3.3 — Бесконтрольная эксплуатация [УШГН] | AZ18: М2 — Механические примеси | BA18: КР3-1.7 — То же пакера. | BB18: Эрозия рабочих колёс и направляющих аппаратов | BI18: Износостойкое исполнение насоса | CA18: Срабатывание защиты по недогрузке | CC18: Приёмная сетка насоса | CE18: Короткое замыкание обмотки двигателя | CG18: НПУ-ВД-М | CH18: Подозрение на негерметичность НКТ | CI18: Ротор винтового насоса | CJ18: 3.3 — Бесконтрольная эксплуатация ГНО [УЭЦН] | CK18: Повреждение не установлено | CL18: =IFERROR(INDEX('История отказов'!$AK$5:$AK$1204,SMALL($DI$2:$DI$1201,ROWS($CL$4:CL18))),"") | CP18: =IFERROR(INDEX('История отказов'!$AU$5:$AU$1204,SMALL($DJ$2:$DJ$1201,ROWS($CP$4:CP18))),"") | CR18: =IFERROR(INDEX('История отказов'!$AY$5:$AY$1204,SMALL($DK$2:$DK$1201,ROWS($CR$3:CR18))),"") | CT18: =IFERROR(INDEX('История отказов'!$AE$5:$AE$1204,SMALL($DC$2:$DC$1201,ROWS($CT$3:CT18))),"") | CU18: =IFERROR(INDEX('История отказов'!$AE$5:$AE$1204,SMALL($DD$2:$DD$1201,ROWS($CU$4:CU18))),"") | CV18: =IFERROR(INDEX('История отказов'!$AE$5:$AE$1204,SMALL($DE$2:$DE$1201,ROWS($CV$4:CV18))),"") | CW18: =IFERROR(INDEX('История отказов'!$AE$5:$AE$1204,SMALL($DG$2:$DG$1201,ROWS($CW$3:CW18))),"") | CX18: =IFERROR(INDEX('История отказов'!$AE$5:$AE$1204,SMALL($DF$2:$DF$1201,ROWS($CX$3:CX18))),"") | CY18: =IFERROR(INDEX('История отказов'!$AE$5:$AE$1204,SMALL($DH$2:$DH$1201,ROWS($CY$7:CY18))),"") | DA18: 2019 | DB18: =IF('История отказов'!AH21="","",'История отказов'!AH21) | DC18: =IF('История отказов'!AE21="","",IF(AND(COUNTIF($CT$2:$CT$2,'История отказов'!AE21)=0,COUNTIFS('История отказов'!$F$5:F21,"ШГН",'История отказов'!$AE$5:AE21,'История отказов'!AE21)=1,'История отказов'!F21="ШГН"),17,"")) | DD18: =IF('История отказов'!AE21="","",IF(AND(COUNTIF($CU$2:$CU$3,'История отказов'!AE21)=0,COUNTIFS('История отказов'!$F$5:F21,"ЭЦН",'История отказов'!$AE$5:AE21,'История отказов'!AE21)=1,'История отказов'!F21="ЭЦН"),17,"")) | DE18: =IF('История отказов'!AE21="","",IF(AND(COUNTIF($CV$2:$CV$3,'История отказов'!AE21)=0,COUNTIFS('История отказов'!$F$5:F21,"ЭВН",'История отказов'!$AE$5:AE21,'История отказов'!AE21)=1,'История отказов'!F21="ЭВН"),17,"")) | DF18: =IF('История отказов'!AE21="","",IF(AND(COUNTIF($CX$2:$CX$2,'История отказов'!AE21)=0,COUNTIFS('История отказов'!$F$5:F21,"ШВН",'История отказов'!$AE$5:AE21,'История отказов'!AE21)=1,'История отказов'!F21="ШВН"),17,"")) | DG18: =IF('История отказов'!AE21="","",IF(AND(COUNTIF($CW$2:$CW$2,'История отказов'!AE21)=0,COUNTIFS('История отказов'!$F$5:F21,"НПУ-ВД",'История отказов'!$AE$5:AE21,'История отказов'!AE21)=1,'История отказов'!F21="НПУ-ВД"),17,"")) | DH18: =IF('История отказов'!AE21="","",IF(AND(COUNTIF($CY$2:$CY$6,'История отказов'!AE21)=0,COUNTIF('История отказов'!$AE$5:AE21,'История отказов'!AE21)=1),17,"")) | DI18: =IF('История отказов'!AK21="","",IF(AND(COUNTIF($CL$2:$CL$3,'История отказов'!AK21)=0,COUNTIF('История отказов'!$AK$5:AK21,'История отказов'!AK21)=1),17,"")) | DJ18: =IF('История отказов'!AU21="","",IF(AND(COUNTIF($CP$2:$CP$3,'История отказов'!AU21)=0,COUNTIF('История отказов'!$AU$5:AU21,'История отказов'!AU21)=1),17,"")) | DK18: =IF('История отказов'!AY21="","",IF(AND(COUNTIF($CR$2:$CR$2,'История отказов'!AY21)=0,COUNTIF('История отказов'!$AY$5:AY21,'История отказов'!AY21)=1),17,"")) | DL18: =IF(DB18="","",IF(AND(COUNTIF($DA$2:$DA$47,DB18)=0,COUNTIF($DB$2:DB18,DB18)=1),17,""))
C19: Другое — описать в комментарии | D19: Статор винтового насоса | E19: 3.4 — Необоснованный подъем ГНО [УЭЦН] | F19: М3 — Механические примеси | G19: М3 — Механические примеси | H19: КР3-1.8 — Ликвидация аварии из-за коррозионного износа НКТ. | I19: Износ радиального подшипника | J19: 3.4 — Необоснованный подъем ГНО [УЭЦН] | K19: М3 — Механические примеси | O19: Фильтр / песочный якорь УШГН | AB19: ЭВН 5-12-1500 | AP19: Рост тока утечки на землю | AT19: Радиальный подшипник насоса | AX19: 3.4 — Необоснованный подъем ГНО [УЭЦН] | AY19: 3.4 — Необоснованный подъем ГНО [УШГН] | AZ19: М3 — Механические примеси | BA19: КР3-1.8 — Ликвидация аварии из-за коррозионного износа НКТ. | BB19: Повреждение уплотнения гидрозащиты | BI19: Фильтр / песочный якорь УШГН | CA19: Рост тока утечки на землю | CC19: Уплотнение гидрозащиты | CE19: Разгерметизация гидрозащиты | CG19: ЭВН 5-12-1500 | CH19: Другое — описать в комментарии | CI19: Статор винтового насоса | CJ19: 3.4 — Необоснованный подъем ГНО [УЭЦН] | CK19: Износ радиального подшипника | CL19: =IFERROR(INDEX('История отказов'!$AK$5:$AK$1204,SMALL($DI$2:$DI$1201,ROWS($CL$4:CL19))),"") | CP19: =IFERROR(INDEX('История отказов'!$AU$5:$AU$1204,SMALL($DJ$2:$DJ$1201,ROWS($CP$4:CP19))),"") | CR19: =IFERROR(INDEX('История отказов'!$AY$5:$AY$1204,SMALL($DK$2:$DK$1201,ROWS($CR$3:CR19))),"") | CT19: =IFERROR(INDEX('История отказов'!$AE$5:$AE$1204,SMALL($DC$2:$DC$1201,ROWS($CT$3:CT19))),"") | CU19: =IFERROR(INDEX('История отказов'!$AE$5:$AE$1204,SMALL($DD$2:$DD$1201,ROWS($CU$4:CU19))),"") | CV19: =IFERROR(INDEX('История отказов'!$AE$5:$AE$1204,SMALL($DE$2:$DE$1201,ROWS($CV$4:CV19))),"") | CW19: =IFERROR(INDEX('История отказов'!$AE$5:$AE$1204,SMALL($DG$2:$DG$1201,ROWS($CW$3:CW19))),"") | CX19: =IFERROR(INDEX('История отказов'!$AE$5:$AE$1204,SMALL($DF$2:$DF$1201,ROWS($CX$3:CX19))),"") | CY19: =IFERROR(INDEX('История отказов'!$AE$5:$AE$1204,SMALL($DH$2:$DH$1201,ROWS($CY$7:CY19))),"") | DA19: 2018 | DB19: =IF('История отказов'!AH22="","",'История отказов'!AH22) | DC19: =IF('История отказов'!AE22="","",IF(AND(COUNTIF($CT$2:$CT$2,'История отказов'!AE22)=0,COUNTIFS('История отказов'!$F$5:F22,"ШГН",'История отказов'!$AE$5:AE22,'История отказов'!AE22)=1,'История отказов'!F22="ШГН"),18,"")) | DD19: =IF('История отказов'!AE22="","",IF(AND(COUNTIF($CU$2:$CU$3,'История отказов'!AE22)=0,COUNTIFS('История отказов'!$F$5:F22,"ЭЦН",'История отказов'!$AE$5:AE22,'История отказов'!AE22)=1,'История отказов'!F22="ЭЦН"),18,"")) | DE19: =IF('История отказов'!AE22="","",IF(AND(COUNTIF($CV$2:$CV$3,'История отказов'!AE22)=0,COUNTIFS('История отказов'!$F$5:F22,"ЭВН",'История отказов'!$AE$5:AE22,'История отказов'!AE22)=1,'История отказов'!F22="ЭВН"),18,"")) | DF19: =IF('История отказов'!AE22="","",IF(AND(COUNTIF($CX$2:$CX$2,'История отказов'!AE22)=0,COUNTIFS('История отказов'!$F$5:F22,"ШВН",'История отказов'!$AE$5:AE22,'История отказов'!AE22)=1,'История отказов'!F22="ШВН"),18,"")) | DG19: =IF('История отказов'!AE22="","",IF(AND(COUNTIF($CW$2:$CW$2,'История отказов'!AE22)=0,COUNTIFS('История отказов'!$F$5:F22,"НПУ-ВД",'История отказов'!$AE$5:AE22,'История отказов'!AE22)=1,'История отказов'!F22="НПУ-ВД"),18,"")) | DH19: =IF('История отказов'!AE22="","",IF(AND(COUNTIF($CY$2:$CY$6,'История отказов'!AE22)=0,COUNTIF('История отказов'!$AE$5:AE22,'История отказов'!AE22)=1),18,"")) | DI19: =IF('История отказов'!AK22="","",IF(AND(COUNTIF($CL$2:$CL$3,'История отказов'!AK22)=0,COUNTIF('История отказов'!$AK$5:AK22,'История отказов'!AK22)=1),18,"")) | DJ19: =IF('История отказов'!AU22="","",IF(AND(COUNTIF($CP$2:$CP$3,'История отказов'!AU22)=0,COUNTIF('История отказов'!$AU$5:AU22,'История отказов'!AU22)=1),18,"")) | DK19: =IF('История отказов'!AY22="","",IF(AND(COUNTIF($CR$2:$CR$2,'История отказов'!AY22)=0,COUNTIF('История отказов'!$AY$5:AY22,'История отказов'!AY22)=1),18,"")) | DL19: =IF(DB19="","",IF(AND(COUNTIF($DA$2:$DA$47,DB19)=0,COUNTIF($DB$2:DB19,DB19)=1),18,""))
C20: Снижение потребляемого тока | D20: Наземный привод | E20: 3.5 — Гидратопарафиноотложение [УЭЦН] | F20: Гд1 — Гидраты | G20: Гд1 — Гидраты | H20: КР3-1.9 — Очистка забоя и ствола скважины от посторонних предметов. | I20: Эрозия рабочих колёс и направляющих аппаратов | J20: 3.5 — Гидратопарафиноотложение [УЭЦН] | K20: Гд1 — Гидраты | O20: Греющий кабель против гидратов | Q20: Типоразмер и марка ГНО | R20: Паспорт/акт спуска конкретной установки | S20: Свободный ввод; общий классификатор не определяет фактическую комплектацию | AB20: 2 ЭВН 5-12-1000 | AP20: Изменение давления на приёме насоса | AT20: Приёмная сетка насоса | AX20: 3.5 — Гидратопарафиноотложение [УЭЦН] | AY20: 3.5 — Гидратопарафиноотложения [УШГН] | AZ20: Гд1 — Гидраты | BA20: КР3-1.9 — Очистка забоя и ствола скважины от посторонних предметов. | BB20: Короткое замыкание обмотки двигателя | BI20: Греющий кабель против гидратов | CA20: Изменение давления на приёме насоса | CG20: 2 ЭВН 5-12-1000 | CH20: Снижение потребляемого тока | CI20: Наземный привод | CJ20: 3.5 — Гидратопарафиноотложение [УЭЦН] | CK20: Эрозия рабочих колёс и направляющих аппаратов | CL20: =IFERROR(INDEX('История отказов'!$AK$5:$AK$1204,SMALL($DI$2:$DI$1201,ROWS($CL$4:CL20))),"") | CP20: =IFERROR(INDEX('История отказов'!$AU$5:$AU$1204,SMALL($DJ$2:$DJ$1201,ROWS($CP$4:CP20))),"") | CR20: =IFERROR(INDEX('История отказов'!$AY$5:$AY$1204,SMALL($DK$2:$DK$1201,ROWS($CR$3:CR20))),"") | CT20: =IFERROR(INDEX('История отказов'!$AE$5:$AE$1204,SMALL($DC$2:$DC$1201,ROWS($CT$3:CT20))),"") | CU20: =IFERROR(INDEX('История отказов'!$AE$5:$AE$1204,SMALL($DD$2:$DD$1201,ROWS($CU$4:CU20))),"") | CV20: =IFERROR(INDEX('История отказов'!$AE$5:$AE$1204,SMALL($DE$2:$DE$1201,ROWS($CV$4:CV20))),"") | CW20: =IFERROR(INDEX('История отказов'!$AE$5:$AE$1204,SMALL($DG$2:$DG$1201,ROWS($CW$3:CW20))),"") | CX20: =IFERROR(INDEX('История отказов'!$AE$5:$AE$1204,SMALL($DF$2:$DF$1201,ROWS($CX$3:CX20))),"") | CY20: =IFERROR(INDEX('История отказов'!$AE$5:$AE$1204,SMALL($DH$2:$DH$1201,ROWS($CY$7:CY20))),"") | DA20: 2017 | DB20: =IF('История отказов'!AH23="","",'История отказов'!AH23) | DC20: =IF('История отказов'!AE23="","",IF(AND(COUNTIF($CT$2:$CT$2,'История отказов'!AE23)=0,COUNTIFS('История отказов'!$F$5:F23,"ШГН",'История отказов'!$AE$5:AE23,'История отказов'!AE23)=1,'История отказов'!F23="ШГН"),19,"")) | DD20: =IF('История отказов'!AE23="","",IF(AND(COUNTIF($CU$2:$CU$3,'История отказов'!AE23)=0,COUNTIFS('История отказов'!$F$5:F23,"ЭЦН",'История отказов'!$AE$5:AE23,'История отказов'!AE23)=1,'История отказов'!F23="ЭЦН"),19,"")) | DE20: =IF('История отказов'!AE23="","",IF(AND(COUNTIF($CV$2:$CV$3,'История отказов'!AE23)=0,COUNTIFS('История отказов'!$F$5:F23,"ЭВН",'История отказов'!$AE$5:AE23,'История отказов'!AE23)=1,'История отказов'!F23="ЭВН"),19,"")) | DF20: =IF('История отказов'!AE23="","",IF(AND(COUNTIF($CX$2:$CX$2,'История отказов'!AE23)=0,COUNTIFS('История отказов'!$F$5:F23,"ШВН",'История отказов'!$AE$5:AE23,'История отказов'!AE23)=1,'История отказов'!F23="ШВН"),19,"")) | DG20: =IF('История отказов'!AE23="","",IF(AND(COUNTIF($CW$2:$CW$2,'История отказов'!AE23)=0,COUNTIFS('История отказов'!$F$5:F23,"НПУ-ВД",'История отказов'!$AE$5:AE23,'История отказов'!AE23)=1,'История отказов'!F23="НПУ-ВД"),19,"")) | DH20: =IF('История отказов'!AE23="","",IF(AND(COUNTIF($CY$2:$CY$6,'История отказов'!AE23)=0,COUNTIF('История отказов'!$AE$5:AE23,'История отказов'!AE23)=1),19,"")) | DI20: =IF('История отказов'!AK23="","",IF(AND(COUNTIF($CL$2:$CL$3,'История отказов'!AK23)=0,COUNTIF('История отказов'!$AK$5:AK23,'История отказов'!AK23)=1),19,"")) | DJ20: =IF('История отказов'!AU23="","",IF(AND(COUNTIF($CP$2:$CP$3,'История отказов'!AU23)=0,COUNTIF('История отказов'!$AU$5:AU23,'История отказов'!AU23)=1),19,"")) | DK20: =IF('История отказов'!AY23="","",IF(AND(COUNTIF($CR$2:$CR$2,'История отказов'!AY23)=0,COUNTIF('История отказов'!$AY$5:AY23,'История отказов'!AY23)=1),19,"")) | DL20: =IF(DB20="","",IF(AND(COUNTIF($DA$2:$DA$47,DB20)=0,COUNTIF($DB$2:DB20,DB20)=1),19,""))
C21: Срабатывание защиты по недогрузке | D21: Устьевое оборудование | E21: 3.6 — Солеотложение [УЭЦН] | F21: Т1 — Высокая температура | G21: Т1 — Высокая температура | H21: КР3-1.10 — Ревизия и замена глубинного оборудования. | I21: Повреждение клапана насоса | J21: 3.6 — Солеотложение [УЭЦН] | K21: Т1 — Высокая температура | O21: Ингибитор гидратообразования | Q21: Уровень осложнения 1–3 | R21: МУ по отнесению скважин к ОФ | S21: Выбирается после проверки критериев, не по одному признаку | AP21: Подозрение на износ насоса по трендам тока и давления | AT21: Газодиспергатор | AX21: 3.6 — Солеотложение [УЭЦН] | AY21: 3.6 — Солеотложения [УШГН] | AZ21: Т1 — Высокая температура | BA21: КР3-1.10 — Ревизия и замена глубинного оборудования. | BB21: Разгерметизация гидрозащиты | BI21: Ингибитор гидратообразования | CG21: ШВН — марку уточнить по паспорту | CH21: Срабатывание защиты по недогрузке | CI21: Устьевое оборудование | CJ21: 3.6 — Солеотложение [УЭЦН] | CK21: Повреждение клапана насоса | CL21: =IFERROR(INDEX('История отказов'!$AK$5:$AK$1204,SMALL($DI$2:$DI$1201,ROWS($CL$4:CL21))),"") | CP21: =IFERROR(INDEX('История отказов'!$AU$5:$AU$1204,SMALL($DJ$2:$DJ$1201,ROWS($CP$4:CP21))),"") | CR21: =IFERROR(INDEX('История отказов'!$AY$5:$AY$1204,SMALL($DK$2:$DK$1201,ROWS($CR$3:CR21))),"") | CT21: =IFERROR(INDEX('История отказов'!$AE$5:$AE$1204,SMALL($DC$2:$DC$1201,ROWS($CT$3:CT21))),"") | CU21: =IFERROR(INDEX('История отказов'!$AE$5:$AE$1204,SMALL($DD$2:$DD$1201,ROWS($CU$4:CU21))),"") | CV21: =IFERROR(INDEX('История отказов'!$AE$5:$AE$1204,SMALL($DE$2:$DE$1201,ROWS($CV$4:CV21))),"") | CW21: =IFERROR(INDEX('История отказов'!$AE$5:$AE$1204,SMALL($DG$2:$DG$1201,ROWS($CW$3:CW21))),"") | CX21: =IFERROR(INDEX('История отказов'!$AE$5:$AE$1204,SMALL($DF$2:$DF$1201,ROWS($CX$3:CX21))),"") | CY21: =IFERROR(INDEX('История отказов'!$AE$5:$AE$1204,SMALL($DH$2:$DH$1201,ROWS($CY$7:CY21))),"") | DA21: 2016 | DB21: =IF('История отказов'!AH24="","",'История отказов'!AH24) | DC21: =IF('История отказов'!AE24="","",IF(AND(COUNTIF($CT$2:$CT$2,'История отказов'!AE24)=0,COUNTIFS('История отказов'!$F$5:F24,"ШГН",'История отказов'!$AE$5:AE24,'История отказов'!AE24)=1,'История отказов'!F24="ШГН"),20,"")) | DD21: =IF('История отказов'!AE24="","",IF(AND(COUNTIF($CU$2:$CU$3,'История отказов'!AE24)=0,COUNTIFS('История отказов'!$F$5:F24,"ЭЦН",'История отказов'!$AE$5:AE24,'История отказов'!AE24)=1,'История отказов'!F24="ЭЦН"),20,"")) | DE21: =IF('История отказов'!AE24="","",IF(AND(COUNTIF($CV$2:$CV$3,'История отказов'!AE24)=0,COUNTIFS('История отказов'!$F$5:F24,"ЭВН",'История отказов'!$AE$5:AE24,'История отказов'!AE24)=1,'История отказов'!F24="ЭВН"),20,"")) | DF21: =IF('История отказов'!AE24="","",IF(AND(COUNTIF($CX$2:$CX$2,'История отказов'!AE24)=0,COUNTIFS('История отказов'!$F$5:F24,"ШВН",'История отказов'!$AE$5:AE24,'История отказов'!AE24)=1,'История отказов'!F24="ШВН"),20,"")) | DG21: =IF('История отказов'!AE24="","",IF(AND(COUNTIF($CW$2:$CW$2,'История отказов'!AE24)=0,COUNTIFS('История отказов'!$F$5:F24,"НПУ-ВД",'История отказов'!$AE$5:AE24,'История отказов'!AE24)=1,'История отказов'!F24="НПУ-ВД"),20,"")) | DH21: =IF('История отказов'!AE24="","",IF(AND(COUNTIF($CY$2:$CY$6,'История отказов'!AE24)=0,COUNTIF('История отказов'!$AE$5:AE24,'История отказов'!AE24)=1),20,"")) | DI21: =IF('История отказов'!AK24="","",IF(AND(COUNTIF($CL$2:$CL$3,'История отказов'!AK24)=0,COUNTIF('История отказов'!$AK$5:AK24,'История отказов'!AK24)=1),20,"")) | DJ21: =IF('История отказов'!AU24="","",IF(AND(COUNTIF($CP$2:$CP$3,'История отказов'!AU24)=0,COUNTIF('История отказов'!$AU$5:AU24,'История отказов'!AU24)=1),20,"")) | DK21: =IF('История отказов'!AY24="","",IF(AND(COUNTIF($CR$2:$CR$2,'История отказов'!AY24)=0,COUNTIF('История отказов'!$AY$5:AY24,'История отказов'!AY24)=1),20,"")) | DL21: =IF(DB21="","",IF(AND(COUNTIF($DA$2:$DA$47,DB21)=0,COUNTIF($DB$2:DB21,DB21)=1),20,""))
C22: Рост тока утечки на землю | D22: Дополнительное оборудование | E22: 3.6.1 — в т.ч. отложение солей сульфата бария [УЭЦН] | F22: Т2 — Высокая температура | G22: Т2 — Высокая температура | H22: КР3-1.11 — Замена устьевого оборудования. | I22: Повреждение уплотнения гидрозащиты | J22: 3.6.1 — в т.ч. отложение солей сульфата бария [УЭЦН] | K22: Т2 — Высокая температура | O22: Термостойкое исполнение оборудования | Q22: Комментарий | R22: Материалы расследования | S22: Свободный ввод | AT22: Уплотнение гидрозащиты | AX22: 3.6.1 — в т.ч. отложение солей сульфата бария [УЭЦН] | AY22: 3.7 — Коррозия насоса и его элементов [УШГН] | AZ22: Т2 — Высокая температура | BA22: КР3-1.11 — Замена устьевого оборудования. | BI22: Термостойкое исполнение оборудования | CH22: Рост тока утечки на землю | CI22: Дополнительное оборудование | CJ22: 3.6.1 — в т.ч. отложение солей сульфата бария [УЭЦН] | CK22: Повреждение уплотнения гидрозащиты | CL22: =IFERROR(INDEX('История отказов'!$AK$5:$AK$1204,SMALL($DI$2:$DI$1201,ROWS($CL$4:CL22))),"") | CP22: =IFERROR(INDEX('История отказов'!$AU$5:$AU$1204,SMALL($DJ$2:$DJ$1201,ROWS($CP$4:CP22))),"") | CR22: =IFERROR(INDEX('История отказов'!$AY$5:$AY$1204,SMALL($DK$2:$DK$1201,ROWS($CR$3:CR22))),"") | CT22: =IFERROR(INDEX('История отказов'!$AE$5:$AE$1204,SMALL($DC$2:$DC$1201,ROWS($CT$3:CT22))),"") | CU22: =IFERROR(INDEX('История отказов'!$AE$5:$AE$1204,SMALL($DD$2:$DD$1201,ROWS($CU$4:CU22))),"") | CV22: =IFERROR(INDEX('История отказов'!$AE$5:$AE$1204,SMALL($DE$2:$DE$1201,ROWS($CV$4:CV22))),"") | CW22: =IFERROR(INDEX('История отказов'!$AE$5:$AE$1204,SMALL($DG$2:$DG$1201,ROWS($CW$3:CW22))),"") | CX22: =IFERROR(INDEX('История отказов'!$AE$5:$AE$1204,SMALL($DF$2:$DF$1201,ROWS($CX$3:CX22))),"") | CY22: =IFERROR(INDEX('История отказов'!$AE$5:$AE$1204,SMALL($DH$2:$DH$1201,ROWS($CY$7:CY22))),"") | DA22: 2015 | DB22: =IF('История отказов'!AH25="","",'История отказов'!AH25) | DC22: =IF('История отказов'!AE25="","",IF(AND(COUNTIF($CT$2:$CT$2,'История отказов'!AE25)=0,COUNTIFS('История отказов'!$F$5:F25,"ШГН",'История отказов'!$AE$5:AE25,'История отказов'!AE25)=1,'История отказов'!F25="ШГН"),21,"")) | DD22: =IF('История отказов'!AE25="","",IF(AND(COUNTIF($CU$2:$CU$3,'История отказов'!AE25)=0,COUNTIFS('История отказов'!$F$5:F25,"ЭЦН",'История отказов'!$AE$5:AE25,'История отказов'!AE25)=1,'История отказов'!F25="ЭЦН"),21,"")) | DE22: =IF('История отказов'!AE25="","",IF(AND(COUNTIF($CV$2:$CV$3,'История отказов'!AE25)=0,COUNTIFS('История отказов'!$F$5:F25,"ЭВН",'История отказов'!$AE$5:AE25,'История отказов'!AE25)=1,'История отказов'!F25="ЭВН"),21,"")) | DF22: =IF('История отказов'!AE25="","",IF(AND(COUNTIF($CX$2:$CX$2,'История отказов'!AE25)=0,COUNTIFS('История отказов'!$F$5:F25,"ШВН",'История отказов'!$AE$5:AE25,'История отказов'!AE25)=1,'История отказов'!F25="ШВН"),21,"")) | DG22: =IF('История отказов'!AE25="","",IF(AND(COUNTIF($CW$2:$CW$2,'История отказов'!AE25)=0,COUNTIFS('История отказов'!$F$5:F25,"НПУ-ВД",'История отказов'!$AE$5:AE25,'История отказов'!AE25)=1,'История отказов'!F25="НПУ-ВД"),21,"")) | DH22: =IF('История отказов'!AE25="","",IF(AND(COUNTIF($CY$2:$CY$6,'История отказов'!AE25)=0,COUNTIF('История отказов'!$AE$5:AE25,'История отказов'!AE25)=1),21,"")) | DI22: =IF('История отказов'!AK25="","",IF(AND(COUNTIF($CL$2:$CL$3,'История отказов'!AK25)=0,COUNTIF('История отказов'!$AK$5:AK25,'История отказов'!AK25)=1),21,"")) | DJ22: =IF('История отказов'!AU25="","",IF(AND(COUNTIF($CP$2:$CP$3,'История отказов'!AU25)=0,COUNTIF('История отказов'!$AU$5:AU25,'История отказов'!AU25)=1),21,"")) | DK22: =IF('История отказов'!AY25="","",IF(AND(COUNTIF($CR$2:$CR$2,'История отказов'!AY25)=0,COUNTIF('История отказов'!$AY$5:AY25,'История отказов'!AY25)=1),21,"")) | DL22: =IF(DB22="","",IF(AND(COUNTIF($DA$2:$DA$47,DB22)=0,COUNTIF($DB$2:DB22,DB22)=1),21,""))
C23: Изменение давления на приёме насоса | D23: Узел не установлен | E23: 3.6.2 — в т.ч. отложение солей карбоната кальция [УЭЦН] | F23: Т3 — Высокая температура | G23: Т3 — Высокая температура | H23: КР3-1.13 — То же ШГН (УШВН). | I23: Короткое замыкание обмотки двигателя | J23: 3.6.2 — в т.ч. отложение солей карбоната кальция [УЭЦН] | K23: Т3 — Высокая температура | O23: Механическое удаление АСПО скребком | Q23: Ранее загруженные журналы | R23: Использована только структура заголовков | S23: Сырые записи не входят в списки выбора | AX23: 3.6.2 — в т.ч. отложение солей карбоната кальция [УЭЦН] | AY23: 3.8 — Коррозия НКТ и элементов подвески [УШГН] | AZ23: Т3 — Высокая температура | BA23: КР3-1.13 — То же ШГН (УШВН). | BI23: Механическое удаление АСПО скребком | CH23: Изменение давления на приёме насоса | CI23: Узел не установлен | CJ23: 3.6.2 — в т.ч. отложение солей карбоната кальция [УЭЦН] | CK23: Короткое замыкание обмотки двигателя | CL23: =IFERROR(INDEX('История отказов'!$AK$5:$AK$1204,SMALL($DI$2:$DI$1201,ROWS($CL$4:CL23))),"") | CP23: =IFERROR(INDEX('История отказов'!$AU$5:$AU$1204,SMALL($DJ$2:$DJ$1201,ROWS($CP$4:CP23))),"") | CR23: =IFERROR(INDEX('История отказов'!$AY$5:$AY$1204,SMALL($DK$2:$DK$1201,ROWS($CR$3:CR23))),"") | CT23: =IFERROR(INDEX('История отказов'!$AE$5:$AE$1204,SMALL($DC$2:$DC$1201,ROWS($CT$3:CT23))),"") | CU23: =IFERROR(INDEX('История отказов'!$AE$5:$AE$1204,SMALL($DD$2:$DD$1201,ROWS($CU$4:CU23))),"") | CV23: =IFERROR(INDEX('История отказов'!$AE$5:$AE$1204,SMALL($DE$2:$DE$1201,ROWS($CV$4:CV23))),"") | CW23: =IFERROR(INDEX('История отказов'!$AE$5:$AE$1204,SMALL($DG$2:$DG$1201,ROWS($CW$3:CW23))),"") | CX23: =IFERROR(INDEX('История отказов'!$AE$5:$AE$1204,SMALL($DF$2:$DF$1201,ROWS($CX$3:CX23))),"") | CY23: =IFERROR(INDEX('История отказов'!$AE$5:$AE$1204,SMALL($DH$2:$DH$1201,ROWS($CY$7:CY23))),"") | DA23: 2014 | DB23: =IF('История отказов'!AH26="","",'История отказов'!AH26) | DC23: =IF('История отказов'!AE26="","",IF(AND(COUNTIF($CT$2:$CT$2,'История отказов'!AE26)=0,COUNTIFS('История отказов'!$F$5:F26,"ШГН",'История отказов'!$AE$5:AE26,'История отказов'!AE26)=1,'История отказов'!F26="ШГН"),22,"")) | DD23: =IF('История отказов'!AE26="","",IF(AND(COUNTIF($CU$2:$CU$3,'История отказов'!AE26)=0,COUNTIFS('История отказов'!$F$5:F26,"ЭЦН",'История отказов'!$AE$5:AE26,'История отказов'!AE26)=1,'История отказов'!F26="ЭЦН"),22,"")) | DE23: =IF('История отказов'!AE26="","",IF(AND(COUNTIF($CV$2:$CV$3,'История отказов'!AE26)=0,COUNTIFS('История отказов'!$F$5:F26,"ЭВН",'История отказов'!$AE$5:AE26,'История отказов'!AE26)=1,'История отказов'!F26="ЭВН"),22,"")) | DF23: =IF('История отказов'!AE26="","",IF(AND(COUNTIF($CX$2:$CX$2,'История отказов'!AE26)=0,COUNTIFS('История отказов'!$F$5:F26,"ШВН",'История отказов'!$AE$5:AE26,'История отказов'!AE26)=1,'История отказов'!F26="ШВН"),22,"")) | DG23: =IF('История отказов'!AE26="","",IF(AND(COUNTIF($CW$2:$CW$2,'История отказов'!AE26)=0,COUNTIFS('История отказов'!$F$5:F26,"НПУ-ВД",'История отказов'!$AE$5:AE26,'История отказов'!AE26)=1,'История отказов'!F26="НПУ-ВД"),22,"")) | DH23: =IF('История отказов'!AE26="","",IF(AND(COUNTIF($CY$2:$CY$6,'История отказов'!AE26)=0,COUNTIF('История отказов'!$AE$5:AE26,'История отказов'!AE26)=1),22,"")) | DI23: =IF('История отказов'!AK26="","",IF(AND(COUNTIF($CL$2:$CL$3,'История отказов'!AK26)=0,COUNTIF('История отказов'!$AK$5:AK26,'История отказов'!AK26)=1),22,"")) | DJ23: =IF('История отказов'!AU26="","",IF(AND(COUNTIF($CP$2:$CP$3,'История отказов'!AU26)=0,COUNTIF('История отказов'!$AU$5:AU26,'История отказов'!AU26)=1),22,"")) | DK23: =IF('История отказов'!AY26="","",IF(AND(COUNTIF($CR$2:$CR$2,'История отказов'!AY26)=0,COUNTIF('История отказов'!$AY$5:AY26,'История отказов'!AY26)=1),22,"")) | DL23: =IF(DB23="","",IF(AND(COUNTIF($DA$2:$DA$47,DB23)=0,COUNTIF($DB$2:DB23,DB23)=1),22,""))
C24: Подозрение на износ насоса по трендам тока и давления | D24: Рабочее колесо ЭЦН | E24: 3.6.3 — в т.ч. прочие солеотложение, в т.ч. фосфорсодержащие соединения [УЭЦН] | H24: КР3-1.14 — То же НКТ | I24: Разгерметизация гидрозащиты | J24: 3.6.3 — в т.ч. прочие солеотложение, в т.ч. фосфорсодержащие соединения [УЭЦН] | O24: Промывка АСПО горячей водой с ПАВ | Q24: Открытые источники | R24: ГОСТ Р 56830-2015, 55849-2013, 70841-2023 | S24: Названия узлов и механизмов; списки признаков адаптированы для реестра | AX24: 3.6.3 — в т.ч. прочие солеотложение, в т.ч. фосфорсодержащие соединения [УЭЦН] | AY24: 3.9 — Отворот штанг [УШГН] | BA24: КР3-1.14 — То же НКТ | BI24: Промывка АСПО горячей водой с ПАВ | CH24: Подозрение на износ насоса по трендам тока и давления | CI24: Рабочее колесо ЭЦН | CJ24: 3.6.3 — в т.ч. прочие солеотложение, в т.ч. фосфорсодержащие соединения [УЭЦН] | CK24: Разгерметизация гидрозащиты | CL24: =IFERROR(INDEX('История отказов'!$AK$5:$AK$1204,SMALL($DI$2:$DI$1201,ROWS($CL$4:CL24))),"") | CP24: =IFERROR(INDEX('История отказов'!$AU$5:$AU$1204,SMALL($DJ$2:$DJ$1201,ROWS($CP$4:CP24))),"") | CR24: =IFERROR(INDEX('История отказов'!$AY$5:$AY$1204,SMALL($DK$2:$DK$1201,ROWS($CR$3:CR24))),"") | CT24: =IFERROR(INDEX('История отказов'!$AE$5:$AE$1204,SMALL($DC$2:$DC$1201,ROWS($CT$3:CT24))),"") | CU24: =IFERROR(INDEX('История отказов'!$AE$5:$AE$1204,SMALL($DD$2:$DD$1201,ROWS($CU$4:CU24))),"") | CV24: =IFERROR(INDEX('История отказов'!$AE$5:$AE$1204,SMALL($DE$2:$DE$1201,ROWS($CV$4:CV24))),"") | CW24: =IFERROR(INDEX('История отказов'!$AE$5:$AE$1204,SMALL($DG$2:$DG$1201,ROWS($CW$3:CW24))),"") | CX24: =IFERROR(INDEX('История отказов'!$AE$5:$AE$1204,SMALL($DF$2:$DF$1201,ROWS($CX$3:CX24))),"") | CY24: =IFERROR(INDEX('История отказов'!$AE$5:$AE$1204,SMALL($DH$2:$DH$1201,ROWS($CY$7:CY24))),"") | DA24: 2013 | DB24: =IF('История отказов'!AH27="","",'История отказов'!AH27) | DC24: =IF('История отказов'!AE27="","",IF(AND(COUNTIF($CT$2:$CT$2,'История отказов'!AE27)=0,COUNTIFS('История отказов'!$F$5:F27,"ШГН",'История отказов'!$AE$5:AE27,'История отказов'!AE27)=1,'История отказов'!F27="ШГН"),23,"")) | DD24: =IF('История отказов'!AE27="","",IF(AND(COUNTIF($CU$2:$CU$3,'История отказов'!AE27)=0,COUNTIFS('История отказов'!$F$5:F27,"ЭЦН",'История отказов'!$AE$5:AE27,'История отказов'!AE27)=1,'История отказов'!F27="ЭЦН"),23,"")) | DE24: =IF('История отказов'!AE27="","",IF(AND(COUNTIF($CV$2:$CV$3,'История отказов'!AE27)=0,COUNTIFS('История отказов'!$F$5:F27,"ЭВН",'История отказов'!$AE$5:AE27,'История отказов'!AE27)=1,'История отказов'!F27="ЭВН"),23,"")) | DF24: =IF('История отказов'!AE27="","",IF(AND(COUNTIF($CX$2:$CX$2,'История отказов'!AE27)=0,COUNTIFS('История отказов'!$F$5:F27,"ШВН",'История отказов'!$AE$5:AE27,'История отказов'!AE27)=1,'История отказов'!F27="ШВН"),23,"")) | DG24: =IF('История отказов'!AE27="","",IF(AND(COUNTIF($CW$2:$CW$2,'История отказов'!AE27)=0,COUNTIFS('История отказов'!$F$5:F27,"НПУ-ВД",'История отказов'!$AE$5:AE27,'История отказов'!AE27)=1,'История отказов'!F27="НПУ-ВД"),23,"")) | DH24: =IF('История отказов'!AE27="","",IF(AND(COUNTIF($CY$2:$CY$6,'История отказов'!AE27)=0,COUNTIF('История отказов'!$AE$5:AE27,'История отказов'!AE27)=1),23,"")) | DI24: =IF('История отказов'!AK27="","",IF(AND(COUNTIF($CL$2:$CL$3,'История отказов'!AK27)=0,COUNTIF('История отказов'!$AK$5:AK27,'История отказов'!AK27)=1),23,"")) | DJ24: =IF('История отказов'!AU27="","",IF(AND(COUNTIF($CP$2:$CP$3,'История отказов'!AU27)=0,COUNTIF('История отказов'!$AU$5:AU27,'История отказов'!AU27)=1),23,"")) | DK24: =IF('История отказов'!AY27="","",IF(AND(COUNTIF($CR$2:$CR$2,'История отказов'!AY27)=0,COUNTIF('История отказов'!$AY$5:AY27,'История отказов'!AY27)=1),23,"")) | DL24: =IF(DB24="","",IF(AND(COUNTIF($DA$2:$DA$47,DB24)=0,COUNTIF($DB$2:DB24,DB24)=1),23,""))
C25: Недозаполнение насоса по динамограмме | D25: Направляющий аппарат ЭЦН | E25: 3.7 — Коррозия насоса [УЭЦН] | H25: КР3-1.15 — Промывка забоя скважины. | J25: 3.7 — Коррозия насоса [УЭЦН] | O25: Гладкое покрытие НКТ против АСПО | Q25: ГОСТ Р 56830-2015 | R25: Росстандарт | S25: https://protect.gost.ru/gost/details/c1ef4018-a9af-45e7-9b2e-49fa151b55b4 | AX25: 3.7 — Коррозия насоса [УЭЦН] | AY25: 3.10 — Обрыв штанг [УШГН] | BA25: КР3-1.15 — Промывка забоя скважины. | BI25: Гладкое покрытие НКТ против АСПО | CH25: Недозаполнение насоса по динамограмме | CI25: Направляющий аппарат ЭЦН | CJ25: 3.7 — Коррозия насоса [УЭЦН] | CL25: =IFERROR(INDEX('История отказов'!$AK$5:$AK$1204,SMALL($DI$2:$DI$1201,ROWS($CL$4:CL25))),"") | CP25: =IFERROR(INDEX('История отказов'!$AU$5:$AU$1204,SMALL($DJ$2:$DJ$1201,ROWS($CP$4:CP25))),"") | CR25: =IFERROR(INDEX('История отказов'!$AY$5:$AY$1204,SMALL($DK$2:$DK$1201,ROWS($CR$3:CR25))),"") | CT25: =IFERROR(INDEX('История отказов'!$AE$5:$AE$1204,SMALL($DC$2:$DC$1201,ROWS($CT$3:CT25))),"") | CU25: =IFERROR(INDEX('История отказов'!$AE$5:$AE$1204,SMALL($DD$2:$DD$1201,ROWS($CU$4:CU25))),"") | CV25: =IFERROR(INDEX('История отказов'!$AE$5:$AE$1204,SMALL($DE$2:$DE$1201,ROWS($CV$4:CV25))),"") | CW25: =IFERROR(INDEX('История отказов'!$AE$5:$AE$1204,SMALL($DG$2:$DG$1201,ROWS($CW$3:CW25))),"") | CX25: =IFERROR(INDEX('История отказов'!$AE$5:$AE$1204,SMALL($DF$2:$DF$1201,ROWS($CX$3:CX25))),"") | CY25: =IFERROR(INDEX('История отказов'!$AE$5:$AE$1204,SMALL($DH$2:$DH$1201,ROWS($CY$7:CY25))),"") | DA25: 2012 | DB25: =IF('История отказов'!AH28="","",'История отказов'!AH28) | DC25: =IF('История отказов'!AE28="","",IF(AND(COUNTIF($CT$2:$CT$2,'История отказов'!AE28)=0,COUNTIFS('История отказов'!$F$5:F28,"ШГН",'История отказов'!$AE$5:AE28,'История отказов'!AE28)=1,'История отказов'!F28="ШГН"),24,"")) | DD25: =IF('История отказов'!AE28="","",IF(AND(COUNTIF($CU$2:$CU$3,'История отказов'!AE28)=0,COUNTIFS('История отказов'!$F$5:F28,"ЭЦН",'История отказов'!$AE$5:AE28,'История отказов'!AE28)=1,'История отказов'!F28="ЭЦН"),24,"")) | DE25: =IF('История отказов'!AE28="","",IF(AND(COUNTIF($CV$2:$CV$3,'История отказов'!AE28)=0,COUNTIFS('История отказов'!$F$5:F28,"ЭВН",'История отказов'!$AE$5:AE28,'История отказов'!AE28)=1,'История отказов'!F28="ЭВН"),24,"")) | DF25: =IF('История отказов'!AE28="","",IF(AND(COUNTIF($CX$2:$CX$2,'История отказов'!AE28)=0,COUNTIFS('История отказов'!$F$5:F28,"ШВН",'История отказов'!$AE$5:AE28,'История отказов'!AE28)=1,'История отказов'!F28="ШВН"),24,"")) | DG25: =IF('История отказов'!AE28="","",IF(AND(COUNTIF($CW$2:$CW$2,'История отказов'!AE28)=0,COUNTIFS('История отказов'!$F$5:F28,"НПУ-ВД",'История отказов'!$AE$5:AE28,'История отказов'!AE28)=1,'История отказов'!F28="НПУ-ВД"),24,"")) | DH25: =IF('История отказов'!AE28="","",IF(AND(COUNTIF($CY$2:$CY$6,'История отказов'!AE28)=0,COUNTIF('История отказов'!$AE$5:AE28,'История отказов'!AE28)=1),24,"")) | DI25: =IF('История отказов'!AK28="","",IF(AND(COUNTIF($CL$2:$CL$3,'История отказов'!AK28)=0,COUNTIF('История отказов'!$AK$5:AK28,'История отказов'!AK28)=1),24,"")) | DJ25: =IF('История отказов'!AU28="","",IF(AND(COUNTIF($CP$2:$CP$3,'История отказов'!AU28)=0,COUNTIF('История отказов'!$AU$5:AU28,'История отказов'!AU28)=1),24,"")) | DK25: =IF('История отказов'!AY28="","",IF(AND(COUNTIF($CR$2:$CR$2,'История отказов'!AY28)=0,COUNTIF('История отказов'!$AY$5:AY28,'История отказов'!AY28)=1),24,"")) | DL25: =IF(DB25="","",IF(AND(COUNTIF($DA$2:$DA$47,DB25)=0,COUNTIF($DB$2:DB25,DB25)=1),24,""))
C26: Признаки утечки клапана по динамограмме | D26: Радиальный подшипник насоса | E26: 3.7.1 — в т.ч. коррозионный износ насоса [УЭЦН] | H26: КР3-2 — Ликвидация аварий с эксплуатационной колонной. | J26: 3.7.1 — в т.ч. коррозионный износ насоса [УЭЦН] | O26: Электропрогрев парафиновой пробки | Q26: ГОСТ Р 55849-2013 | R26: Росстандарт | S26: https://protect.gost.ru/gost/details/c02694cc-1f3f-4008-b871-28fea37cfa62 | AX26: 3.7.1 — в т.ч. коррозионный износ насоса [УЭЦН] | AY26: 3.10.1 — - усталостный (нагрузка, наработка) [УШГН] | BA26: КР3-2 — Ликвидация аварий с эксплуатационной колонной. | BI26: Электропрогрев парафиновой пробки | CH26: Признаки утечки клапана по динамограмме | CI26: Радиальный подшипник насоса | CJ26: 3.7.1 — в т.ч. коррозионный износ насоса [УЭЦН] | CL26: =IFERROR(INDEX('История отказов'!$AK$5:$AK$1204,SMALL($DI$2:$DI$1201,ROWS($CL$4:CL26))),"") | CP26: =IFERROR(INDEX('История отказов'!$AU$5:$AU$1204,SMALL($DJ$2:$DJ$1201,ROWS($CP$4:CP26))),"") | CR26: =IFERROR(INDEX('История отказов'!$AY$5:$AY$1204,SMALL($DK$2:$DK$1201,ROWS($CR$3:CR26))),"") | CT26: =IFERROR(INDEX('История отказов'!$AE$5:$AE$1204,SMALL($DC$2:$DC$1201,ROWS($CT$3:CT26))),"") | CU26: =IFERROR(INDEX('История отказов'!$AE$5:$AE$1204,SMALL($DD$2:$DD$1201,ROWS($CU$4:CU26))),"") | CV26: =IFERROR(INDEX('История отказов'!$AE$5:$AE$1204,SMALL($DE$2:$DE$1201,ROWS($CV$4:CV26))),"") | CW26: =IFERROR(INDEX('История отказов'!$AE$5:$AE$1204,SMALL($DG$2:$DG$1201,ROWS($CW$3:CW26))),"") | CX26: =IFERROR(INDEX('История отказов'!$AE$5:$AE$1204,SMALL($DF$2:$DF$1201,ROWS($CX$3:CX26))),"") | CY26: =IFERROR(INDEX('История отказов'!$AE$5:$AE$1204,SMALL($DH$2:$DH$1201,ROWS($CY$7:CY26))),"") | DA26: 2011 | DB26: =IF('История отказов'!AH29="","",'История отказов'!AH29) | DC26: =IF('История отказов'!AE29="","",IF(AND(COUNTIF($CT$2:$CT$2,'История отказов'!AE29)=0,COUNTIFS('История отказов'!$F$5:F29,"ШГН",'История отказов'!$AE$5:AE29,'История отказов'!AE29)=1,'История отказов'!F29="ШГН"),25,"")) | DD26: =IF('История отказов'!AE29="","",IF(AND(COUNTIF($CU$2:$CU$3,'История отказов'!AE29)=0,COUNTIFS('История отказов'!$F$5:F29,"ЭЦН",'История отказов'!$AE$5:AE29,'История отказов'!AE29)=1,'История отказов'!F29="ЭЦН"),25,"")) | DE26: =IF('История отказов'!AE29="","",IF(AND(COUNTIF($CV$2:$CV$3,'История отказов'!AE29)=0,COUNTIFS('История отказов'!$F$5:F29,"ЭВН",'История отказов'!$AE$5:AE29,'История отказов'!AE29)=1,'История отказов'!F29="ЭВН"),25,"")) | DF26: =IF('История отказов'!AE29="","",IF(AND(COUNTIF($CX$2:$CX$2,'История отказов'!AE29)=0,COUNTIFS('История отказов'!$F$5:F29,"ШВН",'История отказов'!$AE$5:AE29,'История отказов'!AE29)=1,'История отказов'!F29="ШВН"),25,"")) | DG26: =IF('История отказов'!AE29="","",IF(AND(COUNTIF($CW$2:$CW$2,'История отказов'!AE29)=0,COUNTIFS('История отказов'!$F$5:F29,"НПУ-ВД",'История отказов'!$AE$5:AE29,'История отказов'!AE29)=1,'История отказов'!F29="НПУ-ВД"),25,"")) | DH26: =IF('История отказов'!AE29="","",IF(AND(COUNTIF($CY$2:$CY$6,'История отказов'!AE29)=0,COUNTIF('История отказов'!$AE$5:AE29,'История отказов'!AE29)=1),25,"")) | DI26: =IF('История отказов'!AK29="","",IF(AND(COUNTIF($CL$2:$CL$3,'История отказов'!AK29)=0,COUNTIF('История отказов'!$AK$5:AK29,'История отказов'!AK29)=1),25,"")) | DJ26: =IF('История отказов'!AU29="","",IF(AND(COUNTIF($CP$2:$CP$3,'История отказов'!AU29)=0,COUNTIF('История отказов'!$AU$5:AU29,'История отказов'!AU29)=1),25,"")) | DK26: =IF('История отказов'!AY29="","",IF(AND(COUNTIF($CR$2:$CR$2,'История отказов'!AY29)=0,COUNTIF('История отказов'!$AY$5:AY29,'История отказов'!AY29)=1),25,"")) | DL26: =IF(DB26="","",IF(AND(COUNTIF($DA$2:$DA$47,DB26)=0,COUNTIF($DB$2:DB26,DB26)=1),25,""))
C27: Признаки газового влияния по динамограмме | D27: Приёмная сетка насоса | E27: 3.7.2 — в т.ч. гидроабразивный износ рабочих органов насоса [УЭЦН] | H27: КР3-3 — Очистка забоя и ствола скважи-ны от посторонних предметов. | J27: 3.7.2 — в т.ч. гидроабразивный износ рабочих органов насоса [УЭЦН] | O27: Увеличение погружения насоса при газовом влиянии | Q27: ГОСТ Р 70841-2023 | R27: Росстандарт | S27: https://protect.gost.ru/gost/details/68ebe14a-b9b3-44f7-a24c-89453bd302de | AX27: 3.7.2 — в т.ч. гидроабразивный износ рабочих органов насоса [УЭЦН] | AY27: 3.10.2 — - истирание муфт [УШГН] | BA27: КР3-3 — Очистка забоя и ствола скважи-ны от посторонних предметов. | BI27: Увеличение погружения насоса при газовом влиянии | CH27: Признаки газового влияния по динамограмме | CI27: Приёмная сетка насоса | CJ27: 3.7.2 — в т.ч. гидроабразивный износ рабочих органов насоса [УЭЦН] | CL27: =IFERROR(INDEX('История отказов'!$AK$5:$AK$1204,SMALL($DI$2:$DI$1201,ROWS($CL$4:CL27))),"") | CP27: =IFERROR(INDEX('История отказов'!$AU$5:$AU$1204,SMALL($DJ$2:$DJ$1201,ROWS($CP$4:CP27))),"") | CR27: =IFERROR(INDEX('История отказов'!$AY$5:$AY$1204,SMALL($DK$2:$DK$1201,ROWS($CR$3:CR27))),"") | CT27: =IFERROR(INDEX('История отказов'!$AE$5:$AE$1204,SMALL($DC$2:$DC$1201,ROWS($CT$3:CT27))),"") | CU27: =IFERROR(INDEX('История отказов'!$AE$5:$AE$1204,SMALL($DD$2:$DD$1201,ROWS($CU$4:CU27))),"") | CV27: =IFERROR(INDEX('История отказов'!$AE$5:$AE$1204,SMALL($DE$2:$DE$1201,ROWS($CV$4:CV27))),"") | CW27: =IFERROR(INDEX('История отказов'!$AE$5:$AE$1204,SMALL($DG$2:$DG$1201,ROWS($CW$3:CW27))),"") | CX27: =IFERROR(INDEX('История отказов'!$AE$5:$AE$1204,SMALL($DF$2:$DF$1201,ROWS($CX$3:CX27))),"") | CY27: =IFERROR(INDEX('История отказов'!$AE$5:$AE$1204,SMALL($DH$2:$DH$1201,ROWS($CY$7:CY27))),"") | DA27: 2010 | DB27: =IF('История отказов'!AH30="","",'История отказов'!AH30) | DC27: =IF('История отказов'!AE30="","",IF(AND(COUNTIF($CT$2:$CT$2,'История отказов'!AE30)=0,COUNTIFS('История отказов'!$F$5:F30,"ШГН",'История отказов'!$AE$5:AE30,'История отказов'!AE30)=1,'История отказов'!F30="ШГН"),26,"")) | DD27: =IF('История отказов'!AE30="","",IF(AND(COUNTIF($CU$2:$CU$3,'История отказов'!AE30)=0,COUNTIFS('История отказов'!$F$5:F30,"ЭЦН",'История отказов'!$AE$5:AE30,'История отказов'!AE30)=1,'История отказов'!F30="ЭЦН"),26,"")) | DE27: =IF('История отказов'!AE30="","",IF(AND(COUNTIF($CV$2:$CV$3,'История отказов'!AE30)=0,COUNTIFS('История отказов'!$F$5:F30,"ЭВН",'История отказов'!$AE$5:AE30,'История отказов'!AE30)=1,'История отказов'!F30="ЭВН"),26,"")) | DF27: =IF('История отказов'!AE30="","",IF(AND(COUNTIF($CX$2:$CX$2,'История отказов'!AE30)=0,COUNTIFS('История отказов'!$F$5:F30,"ШВН",'История отказов'!$AE$5:AE30,'История отказов'!AE30)=1,'История отказов'!F30="ШВН"),26,"")) | DG27: =IF('История отказов'!AE30="","",IF(AND(COUNTIF($CW$2:$CW$2,'История отказов'!AE30)=0,COUNTIFS('История отказов'!$F$5:F30,"НПУ-ВД",'История отказов'!$AE$5:AE30,'История отказов'!AE30)=1,'История отказов'!F30="НПУ-ВД"),26,"")) | DH27: =IF('История отказов'!AE30="","",IF(AND(COUNTIF($CY$2:$CY$6,'История отказов'!AE30)=0,COUNTIF('История отказов'!$AE$5:AE30,'История отказов'!AE30)=1),26,"")) | DI27: =IF('История отказов'!AK30="","",IF(AND(COUNTIF($CL$2:$CL$3,'История отказов'!AK30)=0,COUNTIF('История отказов'!$AK$5:AK30,'История отказов'!AK30)=1),26,"")) | DJ27: =IF('История отказов'!AU30="","",IF(AND(COUNTIF($CP$2:$CP$3,'История отказов'!AU30)=0,COUNTIF('История отказов'!$AU$5:AU30,'История отказов'!AU30)=1),26,"")) | DK27: =IF('История отказов'!AY30="","",IF(AND(COUNTIF($CR$2:$CR$2,'История отказов'!AY30)=0,COUNTIF('История отказов'!$AY$5:AY30,'История отказов'!AY30)=1),26,"")) | DL27: =IF(DB27="","",IF(AND(COUNTIF($DA$2:$DA$47,DB27)=0,COUNTIF($DB$2:DB27,DB27)=1),26,""))
C28: Удар плунжера по динамограмме | D28: Газодиспергатор | E28: 3.8 — Коррозия ЭД [УЭЦН] | H28: КР3-4 — Очистка ствола и забоя скважины от парафиногидратных отложений, солей, песчаных и гидратных пробок. | J28: 3.8 — Коррозия ЭД [УЭЦН] | O28: Хвостовик / газовый якорь для ШГН | Q28: Каталог УЭЦН | R28: Новомет | S28: https://www.novomet.ru/rus/products-and-services/artificial-lift/electrical-submersible-pumping-systems/standard-esp/ | AX28: 3.8 — Коррозия ЭД [УЭЦН] | AY28: 3.10.3 — - коррозионный [УШГН] | BA28: КР3-4 — Очистка ствола и забоя скважины от парафиногидратных отложений, солей, песчаных и гидратных пробок. | BI28: Хвостовик / газовый якорь для ШГН | CH28: Удар плунжера по динамограмме | CI28: Газодиспергатор | CJ28: 3.8 — Коррозия ЭД [УЭЦН] | CL28: =IFERROR(INDEX('История отказов'!$AK$5:$AK$1204,SMALL($DI$2:$DI$1201,ROWS($CL$4:CL28))),"") | CP28: =IFERROR(INDEX('История отказов'!$AU$5:$AU$1204,SMALL($DJ$2:$DJ$1201,ROWS($CP$4:CP28))),"") | CR28: =IFERROR(INDEX('История отказов'!$AY$5:$AY$1204,SMALL($DK$2:$DK$1201,ROWS($CR$3:CR28))),"") | CT28: =IFERROR(INDEX('История отказов'!$AE$5:$AE$1204,SMALL($DC$2:$DC$1201,ROWS($CT$3:CT28))),"") | CU28: =IFERROR(INDEX('История отказов'!$AE$5:$AE$1204,SMALL($DD$2:$DD$1201,ROWS($CU$4:CU28))),"") | CV28: =IFERROR(INDEX('История отказов'!$AE$5:$AE$1204,SMALL($DE$2:$DE$1201,ROWS($CV$4:CV28))),"") | CW28: =IFERROR(INDEX('История отказов'!$AE$5:$AE$1204,SMALL($DG$2:$DG$1201,ROWS($CW$3:CW28))),"") | CX28: =IFERROR(INDEX('История отказов'!$AE$5:$AE$1204,SMALL($DF$2:$DF$1201,ROWS($CX$3:CX28))),"") | CY28: =IFERROR(INDEX('История отказов'!$AE$5:$AE$1204,SMALL($DH$2:$DH$1201,ROWS($CY$7:CY28))),"") | DA28: 2009 | DB28: =IF('История отказов'!AH31="","",'История отказов'!AH31) | DC28: =IF('История отказов'!AE31="","",IF(AND(COUNTIF($CT$2:$CT$2,'История отказов'!AE31)=0,COUNTIFS('История отказов'!$F$5:F31,"ШГН",'История отказов'!$AE$5:AE31,'История отказов'!AE31)=1,'История отказов'!F31="ШГН"),27,"")) | DD28: =IF('История отказов'!AE31="","",IF(AND(COUNTIF($CU$2:$CU$3,'История отказов'!AE31)=0,COUNTIFS('История отказов'!$F$5:F31,"ЭЦН",'История отказов'!$AE$5:AE31,'История отказов'!AE31)=1,'История отказов'!F31="ЭЦН"),27,"")) | DE28: =IF('История отказов'!AE31="","",IF(AND(COUNTIF($CV$2:$CV$3,'История отказов'!AE31)=0,COUNTIFS('История отказов'!$F$5:F31,"ЭВН",'История отказов'!$AE$5:AE31,'История отказов'!AE31)=1,'История отказов'!F31="ЭВН"),27,"")) | DF28: =IF('История отказов'!AE31="","",IF(AND(COUNTIF($CX$2:$CX$2,'История отказов'!AE31)=0,COUNTIFS('История отказов'!$F$5:F31,"ШВН",'История отказов'!$AE$5:AE31,'История отказов'!AE31)=1,'История отказов'!F31="ШВН"),27,"")) | DG28: =IF('История отказов'!AE31="","",IF(AND(COUNTIF($CW$2:$CW$2,'История отказов'!AE31)=0,COUNTIFS('История отказов'!$F$5:F31,"НПУ-ВД",'История отказов'!$AE$5:AE31,'История отказов'!AE31)=1,'История отказов'!F31="НПУ-ВД"),27,"")) | DH28: =IF('История отказов'!AE31="","",IF(AND(COUNTIF($CY$2:$CY$6,'История отказов'!AE31)=0,COUNTIF('История отказов'!$AE$5:AE31,'История отказов'!AE31)=1),27,"")) | DI28: =IF('История отказов'!AK31="","",IF(AND(COUNTIF($CL$2:$CL$3,'История отказов'!AK31)=0,COUNTIF('История отказов'!$AK$5:AK31,'История отказов'!AK31)=1),27,"")) | DJ28: =IF('История отказов'!AU31="","",IF(AND(COUNTIF($CP$2:$CP$3,'История отказов'!AU31)=0,COUNTIF('История отказов'!$AU$5:AU31,'История отказов'!AU31)=1),27,"")) | DK28: =IF('История отказов'!AY31="","",IF(AND(COUNTIF($CR$2:$CR$2,'История отказов'!AY31)=0,COUNTIF('История отказов'!$AY$5:AY31,'История отказов'!AY31)=1),27,"")) | DL28: =IF(DB28="","",IF(AND(COUNTIF($DA$2:$DA$47,DB28)=0,COUNTIF($DB$2:DB28,DB28)=1),27,""))
D29: Всасывающий клапан ШГН | E29: 3.9 — Коррозия НКТ и элементов подвески [УЭЦН] | H29: КР3-5 — Ликвидация аварий, допущенных в процессе ремонта скважин. | J29: 3.9 — Коррозия НКТ и элементов подвески [УЭЦН] | O29: Кислотное удаление карбонатных солей | Q29: Проверка применимости | R29: Причины классификатора: УЭЦН/УЭВН и УШГН/УШВН | S29: НПУ-ВД требует отдельной технической оценки; категории МУ выбирают по критериям | AX29: 3.9 — Коррозия НКТ и элементов подвески [УЭЦН] | AY29: 3.11 — Засорение ГНО механическими примесями [УШГН] | BA29: КР3-5 — Ликвидация аварий, допущенных в процессе ремонта скважин. | BI29: Кислотное удаление карбонатных солей | CI29: Всасывающий клапан ШГН | CJ29: 3.9 — Коррозия НКТ и элементов подвески [УЭЦН] | CL29: =IFERROR(INDEX('История отказов'!$AK$5:$AK$1204,SMALL($DI$2:$DI$1201,ROWS($CL$4:CL29))),"") | CP29: =IFERROR(INDEX('История отказов'!$AU$5:$AU$1204,SMALL($DJ$2:$DJ$1201,ROWS($CP$4:CP29))),"") | CR29: =IFERROR(INDEX('История отказов'!$AY$5:$AY$1204,SMALL($DK$2:$DK$1201,ROWS($CR$3:CR29))),"") | CT29: =IFERROR(INDEX('История отказов'!$AE$5:$AE$1204,SMALL($DC$2:$DC$1201,ROWS($CT$3:CT29))),"") | CU29: =IFERROR(INDEX('История отказов'!$AE$5:$AE$1204,SMALL($DD$2:$DD$1201,ROWS($CU$4:CU29))),"") | CV29: =IFERROR(INDEX('История отказов'!$AE$5:$AE$1204,SMALL($DE$2:$DE$1201,ROWS($CV$4:CV29))),"") | CW29: =IFERROR(INDEX('История отказов'!$AE$5:$AE$1204,SMALL($DG$2:$DG$1201,ROWS($CW$3:CW29))),"") | CX29: =IFERROR(INDEX('История отказов'!$AE$5:$AE$1204,SMALL($DF$2:$DF$1201,ROWS($CX$3:CX29))),"") | CY29: =IFERROR(INDEX('История отказов'!$AE$5:$AE$1204,SMALL($DH$2:$DH$1201,ROWS($CY$7:CY29))),"") | DA29: 2008 | DB29: =IF('История отказов'!AH32="","",'История отказов'!AH32) | DC29: =IF('История отказов'!AE32="","",IF(AND(COUNTIF($CT$2:$CT$2,'История отказов'!AE32)=0,COUNTIFS('История отказов'!$F$5:F32,"ШГН",'История отказов'!$AE$5:AE32,'История отказов'!AE32)=1,'История отказов'!F32="ШГН"),28,"")) | DD29: =IF('История отказов'!AE32="","",IF(AND(COUNTIF($CU$2:$CU$3,'История отказов'!AE32)=0,COUNTIFS('История отказов'!$F$5:F32,"ЭЦН",'История отказов'!$AE$5:AE32,'История отказов'!AE32)=1,'История отказов'!F32="ЭЦН"),28,"")) | DE29: =IF('История отказов'!AE32="","",IF(AND(COUNTIF($CV$2:$CV$3,'История отказов'!AE32)=0,COUNTIFS('История отказов'!$F$5:F32,"ЭВН",'История отказов'!$AE$5:AE32,'История отказов'!AE32)=1,'История отказов'!F32="ЭВН"),28,"")) | DF29: =IF('История отказов'!AE32="","",IF(AND(COUNTIF($CX$2:$CX$2,'История отказов'!AE32)=0,COUNTIFS('История отказов'!$F$5:F32,"ШВН",'История отказов'!$AE$5:AE32,'История отказов'!AE32)=1,'История отказов'!F32="ШВН"),28,"")) | DG29: =IF('История отказов'!AE32="","",IF(AND(COUNTIF($CW$2:$CW$2,'История отказов'!AE32)=0,COUNTIFS('История отказов'!$F$5:F32,"НПУ-ВД",'История отказов'!$AE$5:AE32,'История отказов'!AE32)=1,'История отказов'!F32="НПУ-ВД"),28,"")) | DH29: =IF('История отказов'!AE32="","",IF(AND(COUNTIF($CY$2:$CY$6,'История отказов'!AE32)=0,COUNTIF('История отказов'!$AE$5:AE32,'История отказов'!AE32)=1),28,"")) | DI29: =IF('История отказов'!AK32="","",IF(AND(COUNTIF($CL$2:$CL$3,'История отказов'!AK32)=0,COUNTIF('История отказов'!$AK$5:AK32,'История отказов'!AK32)=1),28,"")) | DJ29: =IF('История отказов'!AU32="","",IF(AND(COUNTIF($CP$2:$CP$3,'История отказов'!AU32)=0,COUNTIF('История отказов'!$AU$5:AU32,'История отказов'!AU32)=1),28,"")) | DK29: =IF('История отказов'!AY32="","",IF(AND(COUNTIF($CR$2:$CR$2,'История отказов'!AY32)=0,COUNTIF('История отказов'!$AY$5:AY32,'История отказов'!AY32)=1),28,"")) | DL29: =IF(DB29="","",IF(AND(COUNTIF($DA$2:$DA$47,DB29)=0,COUNTIF($DB$2:DB29,DB29)=1),28,""))
D30: Нагнетательный клапан ШГН | E30: 3.9.1 — в т.ч. потеря герметичности лифта по телу [УЭЦН] | H30: КР3-6 — Восстановление циркуляции (размыв парафиногидратных пробок) в эксплуатационной колонне и НКТ. | J30: 3.9.1 — в т.ч. потеря герметичности лифта по телу [УЭЦН] | O30: Комплексообразователь для некарбонатных солей | AX30: 3.9.1 — в т.ч. потеря герметичности лифта по телу [УЭЦН] | AY30: 3.12 — Некачественная подготовка скважины [УШГН] | BA30: КР3-6 — Восстановление циркуляции (размыв парафиногидратных пробок) в эксплуатационной колонне и НКТ. | BI30: Комплексообразователь для некарбонатных солей | CI30: Нагнетательный клапан ШГН | CJ30: 3.9.1 — в т.ч. потеря герметичности лифта по телу [УЭЦН] | CL30: =IFERROR(INDEX('История отказов'!$AK$5:$AK$1204,SMALL($DI$2:$DI$1201,ROWS($CL$4:CL30))),"") | CP30: =IFERROR(INDEX('История отказов'!$AU$5:$AU$1204,SMALL($DJ$2:$DJ$1201,ROWS($CP$4:CP30))),"") | CR30: =IFERROR(INDEX('История отказов'!$AY$5:$AY$1204,SMALL($DK$2:$DK$1201,ROWS($CR$3:CR30))),"") | CT30: =IFERROR(INDEX('История отказов'!$AE$5:$AE$1204,SMALL($DC$2:$DC$1201,ROWS($CT$3:CT30))),"") | CU30: =IFERROR(INDEX('История отказов'!$AE$5:$AE$1204,SMALL($DD$2:$DD$1201,ROWS($CU$4:CU30))),"") | CV30: =IFERROR(INDEX('История отказов'!$AE$5:$AE$1204,SMALL($DE$2:$DE$1201,ROWS($CV$4:CV30))),"") | CW30: =IFERROR(INDEX('История отказов'!$AE$5:$AE$1204,SMALL($DG$2:$DG$1201,ROWS($CW$3:CW30))),"") | CX30: =IFERROR(INDEX('История отказов'!$AE$5:$AE$1204,SMALL($DF$2:$DF$1201,ROWS($CX$3:CX30))),"") | CY30: =IFERROR(INDEX('История отказов'!$AE$5:$AE$1204,SMALL($DH$2:$DH$1201,ROWS($CY$7:CY30))),"") | DA30: 2007 | DB30: =IF('История отказов'!AH33="","",'История отказов'!AH33) | DC30: =IF('История отказов'!AE33="","",IF(AND(COUNTIF($CT$2:$CT$2,'История отказов'!AE33)=0,COUNTIFS('История отказов'!$F$5:F33,"ШГН",'История отказов'!$AE$5:AE33,'История отказов'!AE33)=1,'История отказов'!F33="ШГН"),29,"")) | DD30: =IF('История отказов'!AE33="","",IF(AND(COUNTIF($CU$2:$CU$3,'История отказов'!AE33)=0,COUNTIFS('История отказов'!$F$5:F33,"ЭЦН",'История отказов'!$AE$5:AE33,'История отказов'!AE33)=1,'История отказов'!F33="ЭЦН"),29,"")) | DE30: =IF('История отказов'!AE33="","",IF(AND(COUNTIF($CV$2:$CV$3,'История отказов'!AE33)=0,COUNTIFS('История отказов'!$F$5:F33,"ЭВН",'История отказов'!$AE$5:AE33,'История отказов'!AE33)=1,'История отказов'!F33="ЭВН"),29,"")) | DF30: =IF('История отказов'!AE33="","",IF(AND(COUNTIF($CX$2:$CX$2,'История отказов'!AE33)=0,COUNTIFS('История отказов'!$F$5:F33,"ШВН",'История отказов'!$AE$5:AE33,'История отказов'!AE33)=1,'История отказов'!F33="ШВН"),29,"")) | DG30: =IF('История отказов'!AE33="","",IF(AND(COUNTIF($CW$2:$CW$2,'История отказов'!AE33)=0,COUNTIFS('История отказов'!$F$5:F33,"НПУ-ВД",'История отказов'!$AE$5:AE33,'История отказов'!AE33)=1,'История отказов'!F33="НПУ-ВД"),29,"")) | DH30: =IF('История отказов'!AE33="","",IF(AND(COUNTIF($CY$2:$CY$6,'История отказов'!AE33)=0,COUNTIF('История отказов'!$AE$5:AE33,'История отказов'!AE33)=1),29,"")) | DI30: =IF('История отказов'!AK33="","",IF(AND(COUNTIF($CL$2:$CL$3,'История отказов'!AK33)=0,COUNTIF('История отказов'!$AK$5:AK33,'История отказов'!AK33)=1),29,"")) | DJ30: =IF('История отказов'!AU33="","",IF(AND(COUNTIF($CP$2:$CP$3,'История отказов'!AU33)=0,COUNTIF('История отказов'!$AU$5:AU33,'История отказов'!AU33)=1),29,"")) | DK30: =IF('История отказов'!AY33="","",IF(AND(COUNTIF($CR$2:$CR$2,'История отказов'!AY33)=0,COUNTIF('История отказов'!$AY$5:AY33,'История отказов'!AY33)=1),29,"")) | DL30: =IF(DB30="","",IF(AND(COUNTIF($DA$2:$DA$47,DB30)=0,COUNTIF($DB$2:DB30,DB30)=1),29,""))
D31: Уплотнение гидрозащиты | E31: 3.9.2 — в т.ч. потеря герметичности резьбовых соединений [УЭЦН] | H31: КР3-7 — Прочие работы по ликвидации аварий, допущенных в процессе ремонта скважины. | J31: 3.9.2 — в т.ч. потеря герметичности резьбовых соединений [УЭЦН] | O31: Промывка скважины от механических примесей | Q31: Поле | R31: Значение | S31: Статус значения | T31: Источник | U31: Раздел / ссылка | V31: Применимость | AX31: 3.9.2 — в т.ч. потеря герметичности резьбовых соединений [УЭЦН] | AY31: 3.13 — Отсутствие допустимых интервалов размещения ГНО [УШГН] | BA31: КР3-7 — Прочие работы по ликвидации аварий, допущенных в процессе ремонта скважины. | BI31: Промывка скважины от механических примесей | CI31: Уплотнение гидрозащиты | CJ31: 3.9.2 — в т.ч. потеря герметичности резьбовых соединений [УЭЦН] | CL31: =IFERROR(INDEX('История отказов'!$AK$5:$AK$1204,SMALL($DI$2:$DI$1201,ROWS($CL$4:CL31))),"") | CP31: =IFERROR(INDEX('История отказов'!$AU$5:$AU$1204,SMALL($DJ$2:$DJ$1201,ROWS($CP$4:CP31))),"") | CR31: =IFERROR(INDEX('История отказов'!$AY$5:$AY$1204,SMALL($DK$2:$DK$1201,ROWS($CR$3:CR31))),"") | CT31: =IFERROR(INDEX('История отказов'!$AE$5:$AE$1204,SMALL($DC$2:$DC$1201,ROWS($CT$3:CT31))),"") | CU31: =IFERROR(INDEX('История отказов'!$AE$5:$AE$1204,SMALL($DD$2:$DD$1201,ROWS($CU$4:CU31))),"") | CV31: =IFERROR(INDEX('История отказов'!$AE$5:$AE$1204,SMALL($DE$2:$DE$1201,ROWS($CV$4:CV31))),"") | CW31: =IFERROR(INDEX('История отказов'!$AE$5:$AE$1204,SMALL($DG$2:$DG$1201,ROWS($CW$3:CW31))),"") | CX31: =IFERROR(INDEX('История отказов'!$AE$5:$AE$1204,SMALL($DF$2:$DF$1201,ROWS($CX$3:CX31))),"") | CY31: =IFERROR(INDEX('История отказов'!$AE$5:$AE$1204,SMALL($DH$2:$DH$1201,ROWS($CY$7:CY31))),"") | DA31: 2006 | DB31: =IF('История отказов'!AH34="","",'История отказов'!AH34) | DC31: =IF('История отказов'!AE34="","",IF(AND(COUNTIF($CT$2:$CT$2,'История отказов'!AE34)=0,COUNTIFS('История отказов'!$F$5:F34,"ШГН",'История отказов'!$AE$5:AE34,'История отказов'!AE34)=1,'История отказов'!F34="ШГН"),30,"")) | DD31: =IF('История отказов'!AE34="","",IF(AND(COUNTIF($CU$2:$CU$3,'История отказов'!AE34)=0,COUNTIFS('История отказов'!$F$5:F34,"ЭЦН",'История отказов'!$AE$5:AE34,'История отказов'!AE34)=1,'История отказов'!F34="ЭЦН"),30,"")) | DE31: =IF('История отказов'!AE34="","",IF(AND(COUNTIF($CV$2:$CV$3,'История отказов'!AE34)=0,COUNTIFS('История отказов'!$F$5:F34,"ЭВН",'История отказов'!$AE$5:AE34,'История отказов'!AE34)=1,'История отказов'!F34="ЭВН"),30,"")) | DF31: =IF('История отказов'!AE34="","",IF(AND(COUNTIF($CX$2:$CX$2,'История отказов'!AE34)=0,COUNTIFS('История отказов'!$F$5:F34,"ШВН",'История отказов'!$AE$5:AE34,'История отказов'!AE34)=1,'История отказов'!F34="ШВН"),30,"")) | DG31: =IF('История отказов'!AE34="","",IF(AND(COUNTIF($CW$2:$CW$2,'История отказов'!AE34)=0,COUNTIFS('История отказов'!$F$5:F34,"НПУ-ВД",'История отказов'!$AE$5:AE34,'История отказов'!AE34)=1,'История отказов'!F34="НПУ-ВД"),30,"")) | DH31: =IF('История отказов'!AE34="","",IF(AND(COUNTIF($CY$2:$CY$6,'История отказов'!AE34)=0,COUNTIF('История отказов'!$AE$5:AE34,'История отказов'!AE34)=1),30,"")) | DI31: =IF('История отказов'!AK34="","",IF(AND(COUNTIF($CL$2:$CL$3,'История отказов'!AK34)=0,COUNTIF('История отказов'!$AK$5:AK34,'История отказов'!AK34)=1),30,"")) | DJ31: =IF('История отказов'!AU34="","",IF(AND(COUNTIF($CP$2:$CP$3,'История отказов'!AU34)=0,COUNTIF('История отказов'!$AU$5:AU34,'История отказов'!AU34)=1),30,"")) | DK31: =IF('История отказов'!AY34="","",IF(AND(COUNTIF($CR$2:$CR$2,'История отказов'!AY34)=0,COUNTIF('История отказов'!$AY$5:AY34,'История отказов'!AY34)=1),30,"")) | DL31: =IF(DB31="","",IF(AND(COUNTIF($DA$2:$DA$47,DB31)=0,COUNTIF($DB$2:DB31,DB31)=1),30,""))
D32: Обратный клапан НКТ | E32: 3.9.3 — в т.ч. потеря герметичности переводников/патрубков [УЭЦН] | H32: КР3-7.1 — Извлечение оборудования УЭЦН из скважины после аварии, допущенной в процессе ремонта скважины. | J32: 3.9.3 — в т.ч. потеря герметичности переводников/патрубков [УЭЦН] | O32: Горячая обработка при гидратной пробке | Q32: Типоразмер ГНО | R32: ШГН — 27 мм | S32: Каталожный пример | T32: ГОСТ 31835-2012; AmasEnergy | U32: https://protect.gost.ru/gost/details/6eaf2ca0-f8db-4194-850b-f62eef64553d | V32: ШГН | AX32: 3.9.3 — в т.ч. потеря герметичности переводников/патрубков [УЭЦН] | AY32: 3.14 — Работа ГНО в сложных условиях [УШГН] | BA32: КР3-7.1 — Извлечение оборудования УЭЦН из скважины после аварии, допущенной в процессе ремонта скважины. | BI32: Горячая обработка при гидратной пробке | CI32: Обратный клапан НКТ | CJ32: 3.9.3 — в т.ч. потеря герметичности переводников/патрубков [УЭЦН] | CL32: =IFERROR(INDEX('История отказов'!$AK$5:$AK$1204,SMALL($DI$2:$DI$1201,ROWS($CL$4:CL32))),"") | CP32: =IFERROR(INDEX('История отказов'!$AU$5:$AU$1204,SMALL($DJ$2:$DJ$1201,ROWS($CP$4:CP32))),"") | CR32: =IFERROR(INDEX('История отказов'!$AY$5:$AY$1204,SMALL($DK$2:$DK$1201,ROWS($CR$3:CR32))),"") | CT32: =IFERROR(INDEX('История отказов'!$AE$5:$AE$1204,SMALL($DC$2:$DC$1201,ROWS($CT$3:CT32))),"") | CU32: =IFERROR(INDEX('История отказов'!$AE$5:$AE$1204,SMALL($DD$2:$DD$1201,ROWS($CU$4:CU32))),"") | CV32: =IFERROR(INDEX('История отказов'!$AE$5:$AE$1204,SMALL($DE$2:$DE$1201,ROWS($CV$4:CV32))),"") | CW32: =IFERROR(INDEX('История отказов'!$AE$5:$AE$1204,SMALL($DG$2:$DG$1201,ROWS($CW$3:CW32))),"") | CX32: =IFERROR(INDEX('История отказов'!$AE$5:$AE$1204,SMALL($DF$2:$DF$1201,ROWS($CX$3:CX32))),"") | CY32: =IFERROR(INDEX('История отказов'!$AE$5:$AE$1204,SMALL($DH$2:$DH$1201,ROWS($CY$7:CY32))),"") | DA32: 2005 | DB32: =IF('История отказов'!AH35="","",'История отказов'!AH35) | DC32: =IF('История отказов'!AE35="","",IF(AND(COUNTIF($CT$2:$CT$2,'История отказов'!AE35)=0,COUNTIFS('История отказов'!$F$5:F35,"ШГН",'История отказов'!$AE$5:AE35,'История отказов'!AE35)=1,'История отказов'!F35="ШГН"),31,"")) | DD32: =IF('История отказов'!AE35="","",IF(AND(COUNTIF($CU$2:$CU$3,'История отказов'!AE35)=0,COUNTIFS('История отказов'!$F$5:F35,"ЭЦН",'История отказов'!$AE$5:AE35,'История отказов'!AE35)=1,'История отказов'!F35="ЭЦН"),31,"")) | DE32: =IF('История отказов'!AE35="","",IF(AND(COUNTIF($CV$2:$CV$3,'История отказов'!AE35)=0,COUNTIFS('История отказов'!$F$5:F35,"ЭВН",'История отказов'!$AE$5:AE35,'История отказов'!AE35)=1,'История отказов'!F35="ЭВН"),31,"")) | DF32: =IF('История отказов'!AE35="","",IF(AND(COUNTIF($CX$2:$CX$2,'История отказов'!AE35)=0,COUNTIFS('История отказов'!$F$5:F35,"ШВН",'История отказов'!$AE$5:AE35,'История отказов'!AE35)=1,'История отказов'!F35="ШВН"),31,"")) | DG32: =IF('История отказов'!AE35="","",IF(AND(COUNTIF($CW$2:$CW$2,'История отказов'!AE35)=0,COUNTIFS('История отказов'!$F$5:F35,"НПУ-ВД",'История отказов'!$AE$5:AE35,'История отказов'!AE35)=1,'История отказов'!F35="НПУ-ВД"),31,"")) | DH32: =IF('История отказов'!AE35="","",IF(AND(COUNTIF($CY$2:$CY$6,'История отказов'!AE35)=0,COUNTIF('История отказов'!$AE$5:AE35,'История отказов'!AE35)=1),31,"")) | DI32: =IF('История отказов'!AK35="","",IF(AND(COUNTIF($CL$2:$CL$3,'История отказов'!AK35)=0,COUNTIF('История отказов'!$AK$5:AK35,'История отказов'!AK35)=1),31,"")) | DJ32: =IF('История отказов'!AU35="","",IF(AND(COUNTIF($CP$2:$CP$3,'История отказов'!AU35)=0,COUNTIF('История отказов'!$AU$5:AU35,'История отказов'!AU35)=1),31,"")) | DK32: =IF('История отказов'!AY35="","",IF(AND(COUNTIF($CR$2:$CR$2,'История отказов'!AY35)=0,COUNTIF('История отказов'!$AY$5:AY35,'История отказов'!AY35)=1),31,"")) | DL32: =IF(DB32="","",IF(AND(COUNTIF($DA$2:$DA$47,DB32)=0,COUNTIF($DB$2:DB32,DB32)=1),31,""))
E33: 3.10 — Коррозия кабеля (кабеля-удлинителя) [УЭЦН] | H33: КР3-7.2 — То же УЭДН. | J33: 3.10 — Коррозия кабеля (кабеля-удлинителя) [УЭЦН] | O33: Снижение депрессии для ограничения выноса песка | Q33: Типоразмер ГНО | R33: ШГН — 32 мм | S33: Каталожный пример | T33: ГОСТ 31835-2012; AmasEnergy | U33: https://protect.gost.ru/gost/details/6eaf2ca0-f8db-4194-850b-f62eef64553d | V33: ШГН | AX33: 3.10 — Коррозия кабеля (кабеля-удлинителя) [УЭЦН] | AY33: 3.15 — Не герметичность НКТ в результате истирания [УШГН] | BA33: КР3-7.2 — То же УЭДН. | BI33: Снижение депрессии для ограничения выноса песка | CJ33: 3.10 — Коррозия кабеля (кабеля-удлинителя) [УЭЦН] | CL33: =IFERROR(INDEX('История отказов'!$AK$5:$AK$1204,SMALL($DI$2:$DI$1201,ROWS($CL$4:CL33))),"") | CP33: =IFERROR(INDEX('История отказов'!$AU$5:$AU$1204,SMALL($DJ$2:$DJ$1201,ROWS($CP$4:CP33))),"") | CR33: =IFERROR(INDEX('История отказов'!$AY$5:$AY$1204,SMALL($DK$2:$DK$1201,ROWS($CR$3:CR33))),"") | CT33: =IFERROR(INDEX('История отказов'!$AE$5:$AE$1204,SMALL($DC$2:$DC$1201,ROWS($CT$3:CT33))),"") | CU33: =IFERROR(INDEX('История отказов'!$AE$5:$AE$1204,SMALL($DD$2:$DD$1201,ROWS($CU$4:CU33))),"") | CV33: =IFERROR(INDEX('История отказов'!$AE$5:$AE$1204,SMALL($DE$2:$DE$1201,ROWS($CV$4:CV33))),"") | CW33: =IFERROR(INDEX('История отказов'!$AE$5:$AE$1204,SMALL($DG$2:$DG$1201,ROWS($CW$3:CW33))),"") | CX33: =IFERROR(INDEX('История отказов'!$AE$5:$AE$1204,SMALL($DF$2:$DF$1201,ROWS($CX$3:CX33))),"") | CY33: =IFERROR(INDEX('История отказов'!$AE$5:$AE$1204,SMALL($DH$2:$DH$1201,ROWS($CY$7:CY33))),"") | DA33: 2004 | DB33: =IF('История отказов'!AH36="","",'История отказов'!AH36) | DC33: =IF('История отказов'!AE36="","",IF(AND(COUNTIF($CT$2:$CT$2,'История отказов'!AE36)=0,COUNTIFS('История отказов'!$F$5:F36,"ШГН",'История отказов'!$AE$5:AE36,'История отказов'!AE36)=1,'История отказов'!F36="ШГН"),32,"")) | DD33: =IF('История отказов'!AE36="","",IF(AND(COUNTIF($CU$2:$CU$3,'История отказов'!AE36)=0,COUNTIFS('История отказов'!$F$5:F36,"ЭЦН",'История отказов'!$AE$5:AE36,'История отказов'!AE36)=1,'История отказов'!F36="ЭЦН"),32,"")) | DE33: =IF('История отказов'!AE36="","",IF(AND(COUNTIF($CV$2:$CV$3,'История отказов'!AE36)=0,COUNTIFS('История отказов'!$F$5:F36,"ЭВН",'История отказов'!$AE$5:AE36,'История отказов'!AE36)=1,'История отказов'!F36="ЭВН"),32,"")) | DF33: =IF('История отказов'!AE36="","",IF(AND(COUNTIF($CX$2:$CX$2,'История отказов'!AE36)=0,COUNTIFS('История отказов'!$F$5:F36,"ШВН",'История отказов'!$AE$5:AE36,'История отказов'!AE36)=1,'История отказов'!F36="ШВН"),32,"")) | DG33: =IF('История отказов'!AE36="","",IF(AND(COUNTIF($CW$2:$CW$2,'История отказов'!AE36)=0,COUNTIFS('История отказов'!$F$5:F36,"НПУ-ВД",'История отказов'!$AE$5:AE36,'История отказов'!AE36)=1,'История отказов'!F36="НПУ-ВД"),32,"")) | DH33: =IF('История отказов'!AE36="","",IF(AND(COUNTIF($CY$2:$CY$6,'История отказов'!AE36)=0,COUNTIF('История отказов'!$AE$5:AE36,'История отказов'!AE36)=1),32,"")) | DI33: =IF('История отказов'!AK36="","",IF(AND(COUNTIF($CL$2:$CL$3,'История отказов'!AK36)=0,COUNTIF('История отказов'!$AK$5:AK36,'История отказов'!AK36)=1),32,"")) | DJ33: =IF('История отказов'!AU36="","",IF(AND(COUNTIF($CP$2:$CP$3,'История отказов'!AU36)=0,COUNTIF('История отказов'!$AU$5:AU36,'История отказов'!AU36)=1),32,"")) | DK33: =IF('История отказов'!AY36="","",IF(AND(COUNTIF($CR$2:$CR$2,'История отказов'!AY36)=0,COUNTIF('История отказов'!$AY$5:AY36,'История отказов'!AY36)=1),32,"")) | DL33: =IF(DB33="","",IF(AND(COUNTIF($DA$2:$DA$47,DB33)=0,COUNTIF($DB$2:DB33,DB33)=1),32,""))
E34: 3.11 — Засорение ГНО механическими примесями [УЭЦН] | H34: КР3-7.3 — То же УЭВН. | J34: 3.11 — Засорение ГНО механическими примесями [УЭЦН] | Q34: Типоразмер ГНО | R34: ШГН — 38 мм | S34: Каталожный пример | T34: ГОСТ 31835-2012; AmasEnergy | U34: https://protect.gost.ru/gost/details/6eaf2ca0-f8db-4194-850b-f62eef64553d | V34: ШГН | AX34: 3.11 — Засорение ГНО механическими примесями [УЭЦН] | AY34: 3.16 — Не герметичность НКТ с большой наработкой [УШГН] | BA34: КР3-7.3 — То же УЭВН. | CJ34: 3.11 — Засорение ГНО механическими примесями [УЭЦН] | CL34: =IFERROR(INDEX('История отказов'!$AK$5:$AK$1204,SMALL($DI$2:$DI$1201,ROWS($CL$4:CL34))),"") | CP34: =IFERROR(INDEX('История отказов'!$AU$5:$AU$1204,SMALL($DJ$2:$DJ$1201,ROWS($CP$4:CP34))),"") | CR34: =IFERROR(INDEX('История отказов'!$AY$5:$AY$1204,SMALL($DK$2:$DK$1201,ROWS($CR$3:CR34))),"") | CT34: =IFERROR(INDEX('История отказов'!$AE$5:$AE$1204,SMALL($DC$2:$DC$1201,ROWS($CT$3:CT34))),"") | CU34: =IFERROR(INDEX('История отказов'!$AE$5:$AE$1204,SMALL($DD$2:$DD$1201,ROWS($CU$4:CU34))),"") | CV34: =IFERROR(INDEX('История отказов'!$AE$5:$AE$1204,SMALL($DE$2:$DE$1201,ROWS($CV$4:CV34))),"") | CW34: =IFERROR(INDEX('История отказов'!$AE$5:$AE$1204,SMALL($DG$2:$DG$1201,ROWS($CW$3:CW34))),"") | CX34: =IFERROR(INDEX('История отказов'!$AE$5:$AE$1204,SMALL($DF$2:$DF$1201,ROWS($CX$3:CX34))),"") | CY34: =IFERROR(INDEX('История отказов'!$AE$5:$AE$1204,SMALL($DH$2:$DH$1201,ROWS($CY$7:CY34))),"") | DA34: 2003 | DB34: =IF('История отказов'!AH37="","",'История отказов'!AH37) | DC34: =IF('История отказов'!AE37="","",IF(AND(COUNTIF($CT$2:$CT$2,'История отказов'!AE37)=0,COUNTIFS('История отказов'!$F$5:F37,"ШГН",'История отказов'!$AE$5:AE37,'История отказов'!AE37)=1,'История отказов'!F37="ШГН"),33,"")) | DD34: =IF('История отказов'!AE37="","",IF(AND(COUNTIF($CU$2:$CU$3,'История отказов'!AE37)=0,COUNTIFS('История отказов'!$F$5:F37,"ЭЦН",'История отказов'!$AE$5:AE37,'История отказов'!AE37)=1,'История отказов'!F37="ЭЦН"),33,"")) | DE34: =IF('История отказов'!AE37="","",IF(AND(COUNTIF($CV$2:$CV$3,'История отказов'!AE37)=0,COUNTIFS('История отказов'!$F$5:F37,"ЭВН",'История отказов'!$AE$5:AE37,'История отказов'!AE37)=1,'История отказов'!F37="ЭВН"),33,"")) | DF34: =IF('История отказов'!AE37="","",IF(AND(COUNTIF($CX$2:$CX$2,'История отказов'!AE37)=0,COUNTIFS('История отказов'!$F$5:F37,"ШВН",'История отказов'!$AE$5:AE37,'История отказов'!AE37)=1,'История отказов'!F37="ШВН"),33,"")) | DG34: =IF('История отказов'!AE37="","",IF(AND(COUNTIF($CW$2:$CW$2,'История отказов'!AE37)=0,COUNTIFS('История отказов'!$F$5:F37,"НПУ-ВД",'История отказов'!$AE$5:AE37,'История отказов'!AE37)=1,'История отказов'!F37="НПУ-ВД"),33,"")) | DH34: =IF('История отказов'!AE37="","",IF(AND(COUNTIF($CY$2:$CY$6,'История отказов'!AE37)=0,COUNTIF('История отказов'!$AE$5:AE37,'История отказов'!AE37)=1),33,"")) | DI34: =IF('История отказов'!AK37="","",IF(AND(COUNTIF($CL$2:$CL$3,'История отказов'!AK37)=0,COUNTIF('История отказов'!$AK$5:AK37,'История отказов'!AK37)=1),33,"")) | DJ34: =IF('История отказов'!AU37="","",IF(AND(COUNTIF($CP$2:$CP$3,'История отказов'!AU37)=0,COUNTIF('История отказов'!$AU$5:AU37,'История отказов'!AU37)=1),33,"")) | DK34: =IF('История отказов'!AY37="","",IF(AND(COUNTIF($CR$2:$CR$2,'История отказов'!AY37)=0,COUNTIF('История отказов'!$AY$5:AY37,'История отказов'!AY37)=1),33,"")) | DL34: =IF(DB34="","",IF(AND(COUNTIF($DA$2:$DA$47,DB34)=0,COUNTIF($DB$2:DB34,DB34)=1),33,""))
E35: 3.11.1 — в т.ч. засорение пропантом (содержание >30%) [УЭЦН] | H35: КР3-7.4 — То же ШГН. | J35: 3.11.1 — в т.ч. засорение пропантом (содержание >30%) [УЭЦН] | Q35: Типоразмер ГНО | R35: ШГН — 44 мм | S35: Каталожный пример | T35: ГОСТ 31835-2012; AmasEnergy | U35: https://protect.gost.ru/gost/details/6eaf2ca0-f8db-4194-850b-f62eef64553d | V35: ШГН | AX35: 3.11.1 — в т.ч. засорение пропантом (содержание >30%) [УЭЦН] | AY35: 3.17 — Влияние ПЦО (ПТВ) при эксплуатации [УШГН] | BA35: КР3-7.4 — То же ШГН. | CJ35: 3.11.1 — в т.ч. засорение пропантом (содержание >30%) [УЭЦН] | CL35: =IFERROR(INDEX('История отказов'!$AK$5:$AK$1204,SMALL($DI$2:$DI$1201,ROWS($CL$4:CL35))),"") | CP35: =IFERROR(INDEX('История отказов'!$AU$5:$AU$1204,SMALL($DJ$2:$DJ$1201,ROWS($CP$4:CP35))),"") | CR35: =IFERROR(INDEX('История отказов'!$AY$5:$AY$1204,SMALL($DK$2:$DK$1201,ROWS($CR$3:CR35))),"") | CT35: =IFERROR(INDEX('История отказов'!$AE$5:$AE$1204,SMALL($DC$2:$DC$1201,ROWS($CT$3:CT35))),"") | CU35: =IFERROR(INDEX('История отказов'!$AE$5:$AE$1204,SMALL($DD$2:$DD$1201,ROWS($CU$4:CU35))),"") | CV35: =IFERROR(INDEX('История отказов'!$AE$5:$AE$1204,SMALL($DE$2:$DE$1201,ROWS($CV$4:CV35))),"") | CW35: =IFERROR(INDEX('История отказов'!$AE$5:$AE$1204,SMALL($DG$2:$DG$1201,ROWS($CW$3:CW35))),"") | CX35: =IFERROR(INDEX('История отказов'!$AE$5:$AE$1204,SMALL($DF$2:$DF$1201,ROWS($CX$3:CX35))),"") | CY35: =IFERROR(INDEX('История отказов'!$AE$5:$AE$1204,SMALL($DH$2:$DH$1201,ROWS($CY$7:CY35))),"") | DA35: 2002 | DB35: =IF('История отказов'!AH38="","",'История отказов'!AH38) | DC35: =IF('История отказов'!AE38="","",IF(AND(COUNTIF($CT$2:$CT$2,'История отказов'!AE38)=0,COUNTIFS('История отказов'!$F$5:F38,"ШГН",'История отказов'!$AE$5:AE38,'История отказов'!AE38)=1,'История отказов'!F38="ШГН"),34,"")) | DD35: =IF('История отказов'!AE38="","",IF(AND(COUNTIF($CU$2:$CU$3,'История отказов'!AE38)=0,COUNTIFS('История отказов'!$F$5:F38,"ЭЦН",'История отказов'!$AE$5:AE38,'История отказов'!AE38)=1,'История отказов'!F38="ЭЦН"),34,"")) | DE35: =IF('История отказов'!AE38="","",IF(AND(COUNTIF($CV$2:$CV$3,'История отказов'!AE38)=0,COUNTIFS('История отказов'!$F$5:F38,"ЭВН",'История отказов'!$AE$5:AE38,'История отказов'!AE38)=1,'История отказов'!F38="ЭВН"),34,"")) | DF35: =IF('История отказов'!AE38="","",IF(AND(COUNTIF($CX$2:$CX$2,'История отказов'!AE38)=0,COUNTIFS('История отказов'!$F$5:F38,"ШВН",'История отказов'!$AE$5:AE38,'История отказов'!AE38)=1,'История отказов'!F38="ШВН"),34,"")) | DG35: =IF('История отказов'!AE38="","",IF(AND(COUNTIF($CW$2:$CW$2,'История отказов'!AE38)=0,COUNTIFS('История отказов'!$F$5:F38,"НПУ-ВД",'История отказов'!$AE$5:AE38,'История отказов'!AE38)=1,'История отказов'!F38="НПУ-ВД"),34,"")) | DH35: =IF('История отказов'!AE38="","",IF(AND(COUNTIF($CY$2:$CY$6,'История отказов'!AE38)=0,COUNTIF('История отказов'!$AE$5:AE38,'История отказов'!AE38)=1),34,"")) | DI35: =IF('История отказов'!AK38="","",IF(AND(COUNTIF($CL$2:$CL$3,'История отказов'!AK38)=0,COUNTIF('История отказов'!$AK$5:AK38,'История отказов'!AK38)=1),34,"")) | DJ35: =IF('История отказов'!AU38="","",IF(AND(COUNTIF($CP$2:$CP$3,'История отказов'!AU38)=0,COUNTIF('История отказов'!$AU$5:AU38,'История отказов'!AU38)=1),34,"")) | DK35: =IF('История отказов'!AY38="","",IF(AND(COUNTIF($CR$2:$CR$2,'История отказов'!AY38)=0,COUNTIF('История отказов'!$AY$5:AY38,'История отказов'!AY38)=1),34,"")) | DL35: =IF(DB35="","",IF(AND(COUNTIF($DA$2:$DA$47,DB35)=0,COUNTIF($DB$2:DB35,DB35)=1),34,""))
E36: 3.11.2 — в т.ч. засорение песком, глиной (содержание >30%) [УЭЦН] | H36: КР3-7.5 — То же УШВН. | J36: 3.11.2 — в т.ч. засорение песком, глиной (содержание >30%) [УЭЦН] | Q36: Типоразмер ГНО | R36: ШГН — 50 мм | S36: Каталожный пример | T36: ГОСТ 31835-2012; AmasEnergy | U36: https://protect.gost.ru/gost/details/6eaf2ca0-f8db-4194-850b-f62eef64553d | V36: ШГН | AX36: 3.11.2 — в т.ч. засорение песком, глиной (содержание >30%) [УЭЦН] | AY36: 3.18 — Влияние ВВЭ (высоковязкая эмульсия) [УШГН] | BA36: КР3-7.5 — То же УШВН. | CJ36: 3.11.2 — в т.ч. засорение песком, глиной (содержание >30%) [УЭЦН] | CL36: =IFERROR(INDEX('История отказов'!$AK$5:$AK$1204,SMALL($DI$2:$DI$1201,ROWS($CL$4:CL36))),"") | CP36: =IFERROR(INDEX('История отказов'!$AU$5:$AU$1204,SMALL($DJ$2:$DJ$1201,ROWS($CP$4:CP36))),"") | CR36: =IFERROR(INDEX('История отказов'!$AY$5:$AY$1204,SMALL($DK$2:$DK$1201,ROWS($CR$3:CR36))),"") | CT36: =IFERROR(INDEX('История отказов'!$AE$5:$AE$1204,SMALL($DC$2:$DC$1201,ROWS($CT$3:CT36))),"") | CU36: =IFERROR(INDEX('История отказов'!$AE$5:$AE$1204,SMALL($DD$2:$DD$1201,ROWS($CU$4:CU36))),"") | CV36: =IFERROR(INDEX('История отказов'!$AE$5:$AE$1204,SMALL($DE$2:$DE$1201,ROWS($CV$4:CV36))),"") | CW36: =IFERROR(INDEX('История отказов'!$AE$5:$AE$1204,SMALL($DG$2:$DG$1201,ROWS($CW$3:CW36))),"") | CX36: =IFERROR(INDEX('История отказов'!$AE$5:$AE$1204,SMALL($DF$2:$DF$1201,ROWS($CX$3:CX36))),"") | CY36: =IFERROR(INDEX('История отказов'!$AE$5:$AE$1204,SMALL($DH$2:$DH$1201,ROWS($CY$7:CY36))),"") | DA36: 2001 | DB36: =IF('История отказов'!AH39="","",'История отказов'!AH39) | DC36: =IF('История отказов'!AE39="","",IF(AND(COUNTIF($CT$2:$CT$2,'История отказов'!AE39)=0,COUNTIFS('История отказов'!$F$5:F39,"ШГН",'История отказов'!$AE$5:AE39,'История отказов'!AE39)=1,'История отказов'!F39="ШГН"),35,"")) | DD36: =IF('История отказов'!AE39="","",IF(AND(COUNTIF($CU$2:$CU$3,'История отказов'!AE39)=0,COUNTIFS('История отказов'!$F$5:F39,"ЭЦН",'История отказов'!$AE$5:AE39,'История отказов'!AE39)=1,'История отказов'!F39="ЭЦН"),35,"")) | DE36: =IF('История отказов'!AE39="","",IF(AND(COUNTIF($CV$2:$CV$3,'История отказов'!AE39)=0,COUNTIFS('История отказов'!$F$5:F39,"ЭВН",'История отказов'!$AE$5:AE39,'История отказов'!AE39)=1,'История отказов'!F39="ЭВН"),35,"")) | DF36: =IF('История отказов'!AE39="","",IF(AND(COUNTIF($CX$2:$CX$2,'История отказов'!AE39)=0,COUNTIFS('История отказов'!$F$5:F39,"ШВН",'История отказов'!$AE$5:AE39,'История отказов'!AE39)=1,'История отказов'!F39="ШВН"),35,"")) | DG36: =IF('История отказов'!AE39="","",IF(AND(COUNTIF($CW$2:$CW$2,'История отказов'!AE39)=0,COUNTIFS('История отказов'!$F$5:F39,"НПУ-ВД",'История отказов'!$AE$5:AE39,'История отказов'!AE39)=1,'История отказов'!F39="НПУ-ВД"),35,"")) | DH36: =IF('История отказов'!AE39="","",IF(AND(COUNTIF($CY$2:$CY$6,'История отказов'!AE39)=0,COUNTIF('История отказов'!$AE$5:AE39,'История отказов'!AE39)=1),35,"")) | DI36: =IF('История отказов'!AK39="","",IF(AND(COUNTIF($CL$2:$CL$3,'История отказов'!AK39)=0,COUNTIF('История отказов'!$AK$5:AK39,'История отказов'!AK39)=1),35,"")) | DJ36: =IF('История отказов'!AU39="","",IF(AND(COUNTIF($CP$2:$CP$3,'История отказов'!AU39)=0,COUNTIF('История отказов'!$AU$5:AU39,'История отказов'!AU39)=1),35,"")) | DK36: =IF('История отказов'!AY39="","",IF(AND(COUNTIF($CR$2:$CR$2,'История отказов'!AY39)=0,COUNTIF('История отказов'!$AY$5:AY39,'История отказов'!AY39)=1),35,"")) | DL36: =IF(DB36="","",IF(AND(COUNTIF($DA$2:$DA$47,DB36)=0,COUNTIF($DB$2:DB36,DB36)=1),35,""))
E37: 3.11.3 — в т.ч. засорение посторонними предметами (лента, волокнистая масса, чёрный порошок и т.д.) [УЭЦН] | H37: КР3-7.6 — То же НКТ. | J37: 3.11.3 — в т.ч. засорение посторонними предметами (лента, волокнистая масса, чёрный порошок и т.д.) [УЭЦН] | Q37: Типоразмер ГНО | R37: ШГН — 57 мм | S37: Каталожный пример | T37: ГОСТ 31835-2012; AmasEnergy | U37: https://protect.gost.ru/gost/details/6eaf2ca0-f8db-4194-850b-f62eef64553d | V37: ШГН | AX37: 3.11.3 — в т.ч. засорение посторонними предметами (лента, волокнистая масса, чёрный порошок и т.д.) [УЭЦН] | AY37: 3.19 — Мехповреждение насоса [УШГН] | BA37: КР3-7.6 — То же НКТ. | CJ37: 3.11.3 — в т.ч. засорение посторонними предметами (лента, волокнистая масса, чёрный порошок и т.д.) [УЭЦН] | CL37: =IFERROR(INDEX('История отказов'!$AK$5:$AK$1204,SMALL($DI$2:$DI$1201,ROWS($CL$4:CL37))),"") | CP37: =IFERROR(INDEX('История отказов'!$AU$5:$AU$1204,SMALL($DJ$2:$DJ$1201,ROWS($CP$4:CP37))),"") | CR37: =IFERROR(INDEX('История отказов'!$AY$5:$AY$1204,SMALL($DK$2:$DK$1201,ROWS($CR$3:CR37))),"") | CT37: =IFERROR(INDEX('История отказов'!$AE$5:$AE$1204,SMALL($DC$2:$DC$1201,ROWS($CT$3:CT37))),"") | CU37: =IFERROR(INDEX('История отказов'!$AE$5:$AE$1204,SMALL($DD$2:$DD$1201,ROWS($CU$4:CU37))),"") | CV37: =IFERROR(INDEX('История отказов'!$AE$5:$AE$1204,SMALL($DE$2:$DE$1201,ROWS($CV$4:CV37))),"") | CW37: =IFERROR(INDEX('История отказов'!$AE$5:$AE$1204,SMALL($DG$2:$DG$1201,ROWS($CW$3:CW37))),"") | CX37: =IFERROR(INDEX('История отказов'!$AE$5:$AE$1204,SMALL($DF$2:$DF$1201,ROWS($CX$3:CX37))),"") | CY37: =IFERROR(INDEX('История отказов'!$AE$5:$AE$1204,SMALL($DH$2:$DH$1201,ROWS($CY$7:CY37))),"") | DA37: 2000 | DB37: =IF('История отказов'!AH40="","",'История отказов'!AH40) | DC37: =IF('История отказов'!AE40="","",IF(AND(COUNTIF($CT$2:$CT$2,'История отказов'!AE40)=0,COUNTIFS('История отказов'!$F$5:F40,"ШГН",'История отказов'!$AE$5:AE40,'История отказов'!AE40)=1,'История отказов'!F40="ШГН"),36,"")) | DD37: =IF('История отказов'!AE40="","",IF(AND(COUNTIF($CU$2:$CU$3,'История отказов'!AE40)=0,COUNTIFS('История отказов'!$F$5:F40,"ЭЦН",'История отказов'!$AE$5:AE40,'История отказов'!AE40)=1,'История отказов'!F40="ЭЦН"),36,"")) | DE37: =IF('История отказов'!AE40="","",IF(AND(COUNTIF($CV$2:$CV$3,'История отказов'!AE40)=0,COUNTIFS('История отказов'!$F$5:F40,"ЭВН",'История отказов'!$AE$5:AE40,'История отказов'!AE40)=1,'История отказов'!F40="ЭВН"),36,"")) | DF37: =IF('История отказов'!AE40="","",IF(AND(COUNTIF($CX$2:$CX$2,'История отказов'!AE40)=0,COUNTIFS('История отказов'!$F$5:F40,"ШВН",'История отказов'!$AE$5:AE40,'История отказов'!AE40)=1,'История отказов'!F40="ШВН"),36,"")) | DG37: =IF('История отказов'!AE40="","",IF(AND(COUNTIF($CW$2:$CW$2,'История отказов'!AE40)=0,COUNTIFS('История отказов'!$F$5:F40,"НПУ-ВД",'История отказов'!$AE$5:AE40,'История отказов'!AE40)=1,'История отказов'!F40="НПУ-ВД"),36,"")) | DH37: =IF('История отказов'!AE40="","",IF(AND(COUNTIF($CY$2:$CY$6,'История отказов'!AE40)=0,COUNTIF('История отказов'!$AE$5:AE40,'История отказов'!AE40)=1),36,"")) | DI37: =IF('История отказов'!AK40="","",IF(AND(COUNTIF($CL$2:$CL$3,'История отказов'!AK40)=0,COUNTIF('История отказов'!$AK$5:AK40,'История отказов'!AK40)=1),36,"")) | DJ37: =IF('История отказов'!AU40="","",IF(AND(COUNTIF($CP$2:$CP$3,'История отказов'!AU40)=0,COUNTIF('История отказов'!$AU$5:AU40,'История отказов'!AU40)=1),36,"")) | DK37: =IF('История отказов'!AY40="","",IF(AND(COUNTIF($CR$2:$CR$2,'История отказов'!AY40)=0,COUNTIF('История отказов'!$AY$5:AY40,'История отказов'!AY40)=1),36,"")) | DL37: =IF(DB37="","",IF(AND(COUNTIF($DA$2:$DA$47,DB37)=0,COUNTIF($DB$2:DB37,DB37)=1),36,""))
E38: 3.11.4 — в т.ч. засорение продуктами коррозии (оксиды, сульфиды и т.д.) [УЭЦН] | H38: КР3-7.7 — То же пакера | J38: 3.11.4 — в т.ч. засорение продуктами коррозии (оксиды, сульфиды и т.д.) [УЭЦН] | Q38: Типоразмер ГНО | R38: ЭЦН — габарит 5 | S38: Каталожный пример | T38: Новомет, серийные УЭЦН | U38: https://www.novomet.ru/rus/products-and-services/artificial-lift/electrical-submersible-pumping-systems/standard-esp/ | V38: ЭЦН | AX38: 3.11.4 — в т.ч. засорение продуктами коррозии (оксиды, сульфиды и т.д.) [УЭЦН] | AY38: 3.19.1 — плунжера/ротора [УШГН] | BA38: КР3-7.7 — То же пакера | CJ38: 3.11.4 — в т.ч. засорение продуктами коррозии (оксиды, сульфиды и т.д.) [УЭЦН] | CL38: =IFERROR(INDEX('История отказов'!$AK$5:$AK$1204,SMALL($DI$2:$DI$1201,ROWS($CL$4:CL38))),"") | CP38: =IFERROR(INDEX('История отказов'!$AU$5:$AU$1204,SMALL($DJ$2:$DJ$1201,ROWS($CP$4:CP38))),"") | CR38: =IFERROR(INDEX('История отказов'!$AY$5:$AY$1204,SMALL($DK$2:$DK$1201,ROWS($CR$3:CR38))),"") | CT38: =IFERROR(INDEX('История отказов'!$AE$5:$AE$1204,SMALL($DC$2:$DC$1201,ROWS($CT$3:CT38))),"") | CU38: =IFERROR(INDEX('История отказов'!$AE$5:$AE$1204,SMALL($DD$2:$DD$1201,ROWS($CU$4:CU38))),"") | CV38: =IFERROR(INDEX('История отказов'!$AE$5:$AE$1204,SMALL($DE$2:$DE$1201,ROWS($CV$4:CV38))),"") | CW38: =IFERROR(INDEX('История отказов'!$AE$5:$AE$1204,SMALL($DG$2:$DG$1201,ROWS($CW$3:CW38))),"") | CX38: =IFERROR(INDEX('История отказов'!$AE$5:$AE$1204,SMALL($DF$2:$DF$1201,ROWS($CX$3:CX38))),"") | CY38: =IFERROR(INDEX('История отказов'!$AE$5:$AE$1204,SMALL($DH$2:$DH$1201,ROWS($CY$7:CY38))),"") | DA38: 1999 | DB38: =IF('История отказов'!AH41="","",'История отказов'!AH41) | DC38: =IF('История отказов'!AE41="","",IF(AND(COUNTIF($CT$2:$CT$2,'История отказов'!AE41)=0,COUNTIFS('История отказов'!$F$5:F41,"ШГН",'История отказов'!$AE$5:AE41,'История отказов'!AE41)=1,'История отказов'!F41="ШГН"),37,"")) | DD38: =IF('История отказов'!AE41="","",IF(AND(COUNTIF($CU$2:$CU$3,'История отказов'!AE41)=0,COUNTIFS('История отказов'!$F$5:F41,"ЭЦН",'История отказов'!$AE$5:AE41,'История отказов'!AE41)=1,'История отказов'!F41="ЭЦН"),37,"")) | DE38: =IF('История отказов'!AE41="","",IF(AND(COUNTIF($CV$2:$CV$3,'История отказов'!AE41)=0,COUNTIFS('История отказов'!$F$5:F41,"ЭВН",'История отказов'!$AE$5:AE41,'История отказов'!AE41)=1,'История отказов'!F41="ЭВН"),37,"")) | DF38: =IF('История отказов'!AE41="","",IF(AND(COUNTIF($CX$2:$CX$2,'История отказов'!AE41)=0,COUNTIFS('История отказов'!$F$5:F41,"ШВН",'История отказов'!$AE$5:AE41,'История отказов'!AE41)=1,'История отказов'!F41="ШВН"),37,"")) | DG38: =IF('История отказов'!AE41="","",IF(AND(COUNTIF($CW$2:$CW$2,'История отказов'!AE41)=0,COUNTIFS('История отказов'!$F$5:F41,"НПУ-ВД",'История отказов'!$AE$5:AE41,'История отказов'!AE41)=1,'История отказов'!F41="НПУ-ВД"),37,"")) | DH38: =IF('История отказов'!AE41="","",IF(AND(COUNTIF($CY$2:$CY$6,'История отказов'!AE41)=0,COUNTIF('История отказов'!$AE$5:AE41,'История отказов'!AE41)=1),37,"")) | DI38: =IF('История отказов'!AK41="","",IF(AND(COUNTIF($CL$2:$CL$3,'История отказов'!AK41)=0,COUNTIF('История отказов'!$AK$5:AK41,'История отказов'!AK41)=1),37,"")) | DJ38: =IF('История отказов'!AU41="","",IF(AND(COUNTIF($CP$2:$CP$3,'История отказов'!AU41)=0,COUNTIF('История отказов'!$AU$5:AU41,'История отказов'!AU41)=1),37,"")) | DK38: =IF('История отказов'!AY41="","",IF(AND(COUNTIF($CR$2:$CR$2,'История отказов'!AY41)=0,COUNTIF('История отказов'!$AY$5:AY41,'История отказов'!AY41)=1),37,"")) | DL38: =IF(DB38="","",IF(AND(COUNTIF($DA$2:$DA$47,DB38)=0,COUNTIF($DB$2:DB38,DB38)=1),37,""))
E39: 3.12 — ГЕОЛОГО-ТЕХНИЧЕСКИЕ МЕРОПРИЯТИЯ (ГТМ) [УЭЦН] | H39: КР4-1 — Переход на другие вышележащие и нижележащие горизонты. | J39: 3.12 — ГЕОЛОГО-ТЕХНИЧЕСКИЕ МЕРОПРИЯТИЯ (ГТМ) [УЭЦН] | Q39: Типоразмер ГНО | R39: ЭЦН — габарит 5У | S39: Каталожный пример | T39: Новомет, серийные УЭЦН | U39: https://www.novomet.ru/rus/products-and-services/artificial-lift/electrical-submersible-pumping-systems/standard-esp/ | V39: ЭЦН | AX39: 3.12 — ГЕОЛОГО-ТЕХНИЧЕСКИЕ МЕРОПРИЯТИЯ (ГТМ) [УЭЦН] | AY39: 3.19.2 — клапанного узла [УШГН] | BA39: КР4-1 — Переход на другие вышележащие и нижележащие горизонты. | CJ39: 3.12 — ГЕОЛОГО-ТЕХНИЧЕСКИЕ МЕРОПРИЯТИЯ (ГТМ) [УЭЦН] | CL39: =IFERROR(INDEX('История отказов'!$AK$5:$AK$1204,SMALL($DI$2:$DI$1201,ROWS($CL$4:CL39))),"") | CP39: =IFERROR(INDEX('История отказов'!$AU$5:$AU$1204,SMALL($DJ$2:$DJ$1201,ROWS($CP$4:CP39))),"") | CR39: =IFERROR(INDEX('История отказов'!$AY$5:$AY$1204,SMALL($DK$2:$DK$1201,ROWS($CR$3:CR39))),"") | CT39: =IFERROR(INDEX('История отказов'!$AE$5:$AE$1204,SMALL($DC$2:$DC$1201,ROWS($CT$3:CT39))),"") | CU39: =IFERROR(INDEX('История отказов'!$AE$5:$AE$1204,SMALL($DD$2:$DD$1201,ROWS($CU$4:CU39))),"") | CV39: =IFERROR(INDEX('История отказов'!$AE$5:$AE$1204,SMALL($DE$2:$DE$1201,ROWS($CV$4:CV39))),"") | CW39: =IFERROR(INDEX('История отказов'!$AE$5:$AE$1204,SMALL($DG$2:$DG$1201,ROWS($CW$3:CW39))),"") | CX39: =IFERROR(INDEX('История отказов'!$AE$5:$AE$1204,SMALL($DF$2:$DF$1201,ROWS($CX$3:CX39))),"") | CY39: =IFERROR(INDEX('История отказов'!$AE$5:$AE$1204,SMALL($DH$2:$DH$1201,ROWS($CY$7:CY39))),"") | DA39: 1998 | DB39: =IF('История отказов'!AH42="","",'История отказов'!AH42) | DC39: =IF('История отказов'!AE42="","",IF(AND(COUNTIF($CT$2:$CT$2,'История отказов'!AE42)=0,COUNTIFS('История отказов'!$F$5:F42,"ШГН",'История отказов'!$AE$5:AE42,'История отказов'!AE42)=1,'История отказов'!F42="ШГН"),38,"")) | DD39: =IF('История отказов'!AE42="","",IF(AND(COUNTIF($CU$2:$CU$3,'История отказов'!AE42)=0,COUNTIFS('История отказов'!$F$5:F42,"ЭЦН",'История отказов'!$AE$5:AE42,'История отказов'!AE42)=1,'История отказов'!F42="ЭЦН"),38,"")) | DE39: =IF('История отказов'!AE42="","",IF(AND(COUNTIF($CV$2:$CV$3,'История отказов'!AE42)=0,COUNTIFS('История отказов'!$F$5:F42,"ЭВН",'История отказов'!$AE$5:AE42,'История отказов'!AE42)=1,'История отказов'!F42="ЭВН"),38,"")) | DF39: =IF('История отказов'!AE42="","",IF(AND(COUNTIF($CX$2:$CX$2,'История отказов'!AE42)=0,COUNTIFS('История отказов'!$F$5:F42,"ШВН",'История отказов'!$AE$5:AE42,'История отказов'!AE42)=1,'История отказов'!F42="ШВН"),38,"")) | DG39: =IF('История отказов'!AE42="","",IF(AND(COUNTIF($CW$2:$CW$2,'История отказов'!AE42)=0,COUNTIFS('История отказов'!$F$5:F42,"НПУ-ВД",'История отказов'!$AE$5:AE42,'История отказов'!AE42)=1,'История отказов'!F42="НПУ-ВД"),38,"")) | DH39: =IF('История отказов'!AE42="","",IF(AND(COUNTIF($CY$2:$CY$6,'История отказов'!AE42)=0,COUNTIF('История отказов'!$AE$5:AE42,'История отказов'!AE42)=1),38,"")) | DI39: =IF('История отказов'!AK42="","",IF(AND(COUNTIF($CL$2:$CL$3,'История отказов'!AK42)=0,COUNTIF('История отказов'!$AK$5:AK42,'История отказов'!AK42)=1),38,"")) | DJ39: =IF('История отказов'!AU42="","",IF(AND(COUNTIF($CP$2:$CP$3,'История отказов'!AU42)=0,COUNTIF('История отказов'!$AU$5:AU42,'История отказов'!AU42)=1),38,"")) | DK39: =IF('История отказов'!AY42="","",IF(AND(COUNTIF($CR$2:$CR$2,'История отказов'!AY42)=0,COUNTIF('История отказов'!$AY$5:AY42,'История отказов'!AY42)=1),38,"")) | DL39: =IF(DB39="","",IF(AND(COUNTIF($DA$2:$DA$47,DB39)=0,COUNTIF($DB$2:DB39,DB39)=1),38,""))
